cod_escuela,escuela,codigo,puntaje,merito,observacion,ausente
091,ADMINISTRACIÓN,769253,568.5,344.0,,False
091,ADMINISTRACIÓN,729602,939.75,51.0,,False
091,ADMINISTRACIÓN,756168,809.0,125.0,,False
091,ADMINISTRACIÓN,782354,560.375,352.0,,False
091,ADMINISTRACIÓN,490507,976.625,39.0,,False
091,ADMINISTRACIÓN,747602,639.5,279.0,,False
091,ADMINISTRACIÓN,795883,803.75,130.0,,False
091,ADMINISTRACIÓN,763328,940.875,49.0,,False
091,ADMINISTRACIÓN,730874,770.75,158.0,,False
091,ADMINISTRACIÓN,790322,1194.375,4.0,,False
091,ADMINISTRACIÓN,757207,507.75,376.0,,False
091,ADMINISTRACIÓN,750468,742.5,178.0,,False
091,ADMINISTRACIÓN,688870,685.125,237.0,,False
091,ADMINISTRACIÓN,722922,902.5,69.0,,False
091,ADMINISTRACIÓN,727632,627.125,294.0,,False
091,ADMINISTRACIÓN,783281,632.0,289.0,,False
091,ADMINISTRACIÓN,742320,,,AUSENTE,True
091,ADMINISTRACIÓN,730942,565.375,347.0,,False
091,ADMINISTRACIÓN,762068,1136.625,7.0,,False
091,ADMINISTRACIÓN,734720,699.75,216.0,,False
091,ADMINISTRACIÓN,768898,989.0,31.0,,False
091,ADMINISTRACIÓN,774797,690.375,226.0,,False
091,ADMINISTRACIÓN,772865,597.875,321.0,,False
091,ADMINISTRACIÓN,465397,565.125,348.0,,False
091,ADMINISTRACIÓN,725362,695.125,225.0,,False
091,ADMINISTRACIÓN,833532,603.75,317.0,,False
091,ADMINISTRACIÓN,787623,571.125,343.0,,False
091,ADMINISTRACIÓN,733660,1124.5,8.0,,False
091,ADMINISTRACIÓN,794295,728.5,191.0,,False
091,ADMINISTRACIÓN,764445,703.625,213.0,,False
091,ADMINISTRACIÓN,738445,512.5,370.0,,False
091,ADMINISTRACIÓN,793637,652.125,259.0,,False
091,ADMINISTRACIÓN,728953,597.75,322.0,,False
091,ADMINISTRACIÓN,769378,672.5,249.0,,False
091,ADMINISTRACIÓN,760074,591.5,324.0,,False
091,ADMINISTRACIÓN,723209,634.125,285.0,,False
091,ADMINISTRACIÓN,742223,740.625,183.0,,False
091,ADMINISTRACIÓN,738448,818.625,114.0,,False
091,ADMINISTRACIÓN,736459,642.0,276.0,,False
091,ADMINISTRACIÓN,727243,813.0,123.0,,False
091,ADMINISTRACIÓN,757839,991.0,30.0,,False
091,ADMINISTRACIÓN,720318,904.0,68.0,,False
091,ADMINISTRACIÓN,726903,816.625,118.0,,False
091,ADMINISTRACIÓN,735844,795.875,136.0,,False
091,ADMINISTRACIÓN,770496,626.625,295.0,,False
091,ADMINISTRACIÓN,782654,866.5,88.0,,False
091,ADMINISTRACIÓN,775284,741.625,181.0,,False
091,ADMINISTRACIÓN,725623,437.875,393.0,,False
091,ADMINISTRACIÓN,686819,740.375,184.0,,False
091,ADMINISTRACIÓN,721506,604.25,316.0,,False
091,ADMINISTRACIÓN,730669,1113.875,10.0,,False
091,ADMINISTRACIÓN,724971,709.875,206.0,,False
091,ADMINISTRACIÓN,765140,632.375,287.0,,False
091,ADMINISTRACIÓN,759647,699.375,218.0,,False
091,ADMINISTRACIÓN,698427,689.875,228.0,,False
091,ADMINISTRACIÓN,763311,586.875,330.0,,False
091,ADMINISTRACIÓN,684312,793.0,138.0,,False
091,ADMINISTRACIÓN,723164,885.125,76.0,,False
091,ADMINISTRACIÓN,786078,617.875,304.0,,False
091,ADMINISTRACIÓN,732729,632.375,288.0,,False
091,ADMINISTRACIÓN,489371,742.125,179.0,,False
091,ADMINISTRACIÓN,742747,863.75,91.0,,False
091,ADMINISTRACIÓN,729551,904.875,65.0,,False
091,ADMINISTRACIÓN,794843,770.75,159.0,,False
091,ADMINISTRACIÓN,768657,686.25,233.0,,False
091,ADMINISTRACIÓN,779194,907.625,63.0,,False
091,ADMINISTRACIÓN,769625,664.5,254.0,,False
091,ADMINISTRACIÓN,794490,463.625,390.0,,False
091,ADMINISTRACIÓN,760140,631.875,291.0,,False
091,ADMINISTRACIÓN,753916,923.75,58.0,,False
091,ADMINISTRACIÓN,687078,641.875,277.0,,False
091,ADMINISTRACIÓN,791099,575.75,338.0,,False
091,ADMINISTRACIÓN,797954,789.5,139.0,,False
091,ADMINISTRACIÓN,776957,602.125,319.0,,False
091,ADMINISTRACIÓN,722438,719.875,197.0,,False
091,ADMINISTRACIÓN,775951,437.875,394.0,,False
091,ADMINISTRACIÓN,773781,611.5,308.0,,False
091,ADMINISTRACIÓN,720151,508.125,375.0,,False
091,ADMINISTRACIÓN,752963,773.75,152.0,,False
091,ADMINISTRACIÓN,765435,854.375,98.0,,False
091,ADMINISTRACIÓN,738858,879.125,81.0,,False
091,ADMINISTRACIÓN,725639,802.75,131.0,,False
091,ADMINISTRACIÓN,751401,1010.125,28.0,,False
091,ADMINISTRACIÓN,790582,968.25,41.0,,False
091,ADMINISTRACIÓN,762054,717.5,199.0,,False
091,ADMINISTRACIÓN,798922,865.125,89.0,,False
091,ADMINISTRACIÓN,794023,707.375,210.0,,False
091,ADMINISTRACIÓN,774537,548.25,357.0,,False
091,ADMINISTRACIÓN,770961,982.0,35.0,,False
091,ADMINISTRACIÓN,746339,499.375,379.0,,False
091,ADMINISTRACIÓN,795204,837.375,101.0,,False
091,ADMINISTRACIÓN,740609,749.625,171.0,,False
091,ADMINISTRACIÓN,784888,686.25,235.0,,False
091,ADMINISTRACIÓN,740961,679.125,241.0,,False
091,ADMINISTRACIÓN,782060,604.5,314.0,,False
091,ADMINISTRACIÓN,735948,644.5,270.0,,False
091,ADMINISTRACIÓN,726402,1105.625,13.0,,False
091,ADMINISTRACIÓN,777069,,,AUSENTE,True
091,ADMINISTRACIÓN,732142,576.625,337.0,,False
091,ADMINISTRACIÓN,724670,494.125,381.0,,False
091,ADMINISTRACIÓN,773049,901.5,70.0,,False
091,ADMINISTRACIÓN,795792,632.0,290.0,,False
091,ADMINISTRACIÓN,762249,778.625,148.0,,False
091,ADMINISTRACIÓN,777367,864.75,90.0,,False
091,ADMINISTRACIÓN,788777,779.5,147.0,,False
091,ADMINISTRACIÓN,759685,582.875,332.0,,False
091,ADMINISTRACIÓN,773739,689.5,229.0,,False
091,ADMINISTRACIÓN,795644,713.0,202.0,,False
091,ADMINISTRACIÓN,686263,472.75,387.0,,False
091,ADMINISTRACIÓN,775055,797.0,134.0,,False
091,ADMINISTRACIÓN,789930,756.875,163.0,,False
091,ADMINISTRACIÓN,750769,,,AUSENTE,True
091,ADMINISTRACIÓN,785577,857.5,94.0,,False
091,ADMINISTRACIÓN,760988,814.125,122.0,,False
091,ADMINISTRACIÓN,727801,745.625,176.0,,False
091,ADMINISTRACIÓN,726570,1197.25,3.0,,False
091,ADMINISTRACIÓN,747922,686.75,232.0,,False
091,ADMINISTRACIÓN,690912,544.0,361.0,,False
091,ADMINISTRACIÓN,785297,717.625,198.0,,False
091,ADMINISTRACIÓN,741338,611.25,309.0,,False
091,ADMINISTRACIÓN,730466,497.125,380.0,,False
091,ADMINISTRACIÓN,793138,1152.125,5.0,,False
091,ADMINISTRACIÓN,692573,923.125,59.0,,False
091,ADMINISTRACIÓN,691588,618.875,303.0,,False
091,ADMINISTRACIÓN,785649,935.75,52.0,,False
091,ADMINISTRACIÓN,784963,698.875,220.0,,False
091,ADMINISTRACIÓN,796073,745.75,175.0,,False
091,ADMINISTRACIÓN,888865,400.75,401.0,,False
091,ADMINISTRACIÓN,783892,893.25,74.0,,False
091,ADMINISTRACIÓN,730477,528.625,368.0,,False
091,ADMINISTRACIÓN,750058,634.75,283.0,,False
091,ADMINISTRACIÓN,734635,979.125,37.0,,False
091,ADMINISTRACIÓN,728409,605.375,312.0,,False
091,ADMINISTRACIÓN,487360,635.0,282.0,,False
091,ADMINISTRACIÓN,791754,722.25,195.0,,False
091,ADMINISTRACIÓN,488425,924.25,57.0,,False
091,ADMINISTRACIÓN,729518,781.5,145.0,,False
091,ADMINISTRACIÓN,776067,1049.375,21.0,,False
091,ADMINISTRACIÓN,751606,724.875,193.0,,False
091,ADMINISTRACIÓN,692986,1033.25,25.0,,False
091,ADMINISTRACIÓN,729067,541.375,364.0,,False
091,ADMINISTRACIÓN,726667,557.75,354.0,,False
091,ADMINISTRACIÓN,728692,942.875,45.0,,False
091,ADMINISTRACIÓN,693793,552.875,355.0,,False
091,ADMINISTRACIÓN,772901,1045.375,23.0,,False
091,ADMINISTRACIÓN,763125,834.125,105.0,,False
091,ADMINISTRACIÓN,743999,577.25,336.0,,False
091,ADMINISTRACIÓN,788162,879.75,80.0,,False
091,ADMINISTRACIÓN,735188,771.875,155.0,,False
091,ADMINISTRACIÓN,695100,737.0,186.0,,False
091,ADMINISTRACIÓN,751814,924.875,56.0,,False
091,ADMINISTRACIÓN,784305,603.375,318.0,,False
091,ADMINISTRACIÓN,730036,890.5,75.0,,False
091,ADMINISTRACIÓN,784647,509.75,372.0,,False
091,ADMINISTRACIÓN,743157,575.75,339.0,,False
091,ADMINISTRACIÓN,794357,1062.5,17.0,,False
091,ADMINISTRACIÓN,726833,414.625,399.0,,False
091,ADMINISTRACIÓN,735372,711.0,205.0,,False
091,ADMINISTRACIÓN,774926,695.5,224.0,,False
091,ADMINISTRACIÓN,771599,752.75,168.0,,False
091,ADMINISTRACIÓN,777591,542.25,363.0,,False
091,ADMINISTRACIÓN,761784,782.5,144.0,,False
091,ADMINISTRACIÓN,732060,413.25,400.0,,False
091,ADMINISTRACIÓN,780775,944.25,44.0,,False
091,ADMINISTRACIÓN,734170,735.25,187.0,,False
091,ADMINISTRACIÓN,743436,604.375,315.0,,False
091,ADMINISTRACIÓN,782631,574.625,340.0,,False
091,ADMINISTRACIÓN,799476,613.5,307.0,,False
091,ADMINISTRACIÓN,764638,647.375,265.0,,False
091,ADMINISTRACIÓN,783226,807.25,127.0,,False
091,ADMINISTRACIÓN,748198,663.75,255.0,,False
091,ADMINISTRACIÓN,753427,1045.375,22.0,,False
091,ADMINISTRACIÓN,769013,884.5,77.0,,False
091,ADMINISTRACIÓN,795122,1052.75,20.0,,False
091,ADMINISTRACIÓN,766964,531.5,367.0,,False
091,ADMINISTRACIÓN,753932,709.625,207.0,,False
091,ADMINISTRACIÓN,722979,815.25,121.0,,False
091,ADMINISTRACIÓN,766518,645.125,268.0,,False
091,ADMINISTRACIÓN,797211,464.5,389.0,,False
091,ADMINISTRACIÓN,794040,637.5,281.0,,False
091,ADMINISTRACIÓN,739324,675.875,244.0,,False
091,ADMINISTRACIÓN,693647,688.125,230.0,,False
091,ADMINISTRACIÓN,774822,538.375,366.0,,False
091,ADMINISTRACIÓN,763156,831.25,108.0,,False
091,ADMINISTRACIÓN,745670,547.875,358.0,,False
091,ADMINISTRACIÓN,794395,634.25,284.0,,False
091,ADMINISTRACIÓN,775932,,,AUSENTE,True
091,ADMINISTRACIÓN,778116,431.5,395.0,,False
091,ADMINISTRACIÓN,757413,644.0,275.0,,False
091,ADMINISTRACIÓN,722119,668.25,251.0,,False
091,ADMINISTRACIÓN,783232,1029.375,26.0,,False
091,ADMINISTRACIÓN,721843,918.625,61.0,,False
091,ADMINISTRACIÓN,735152,648.75,262.0,,False
091,ADMINISTRACIÓN,797638,697.75,221.0,,False
091,ADMINISTRACIÓN,737387,632.5,286.0,,False
091,ADMINISTRACIÓN,757005,738.875,185.0,,False
091,ADMINISTRACIÓN,897496,487.0,382.0,,False
091,ADMINISTRACIÓN,739692,904.25,67.0,,False
091,ADMINISTRACIÓN,723259,572.625,342.0,,False
091,ADMINISTRACIÓN,746395,648.25,264.0,,False
091,ADMINISTRACIÓN,484391,699.75,217.0,,False
091,ADMINISTRACIÓN,727336,1056.5,19.0,,False
091,ADMINISTRACIÓN,728002,644.0,272.0,,False
091,ADMINISTRACIÓN,761937,804.5,129.0,,False
091,ADMINISTRACIÓN,733588,690.125,227.0,,False
091,ADMINISTRACIÓN,744815,606.5,311.0,,False
091,ADMINISTRACIÓN,692057,734.75,189.0,,False
091,ADMINISTRACIÓN,744106,982.0,36.0,,False
091,ADMINISTRACIÓN,771487,880.0,79.0,,False
091,ADMINISTRACIÓN,739268,621.625,300.0,,False
091,ADMINISTRACIÓN,797731,805.375,128.0,,False
091,ADMINISTRACIÓN,788541,932.0,53.0,,False
091,ADMINISTRACIÓN,781908,1151.0,6.0,,False
091,ADMINISTRACIÓN,798560,620.25,302.0,,False
091,ADMINISTRACIÓN,725531,785.375,142.0,,False
091,ADMINISTRACIÓN,777107,855.25,95.0,,False
091,ADMINISTRACIÓN,766420,473.75,386.0,,False
091,ADMINISTRACIÓN,798564,783.875,143.0,,False
091,ADMINISTRACIÓN,781612,509.375,373.0,,False
091,ADMINISTRACIÓN,756219,423.125,396.0,,False
091,ADMINISTRACIÓN,765564,872.375,84.0,,False
091,ADMINISTRACIÓN,740853,753.625,166.0,,False
091,ADMINISTRACIÓN,738581,585.75,331.0,,False
091,ADMINISTRACIÓN,685893,647.25,266.0,,False
091,ADMINISTRACIÓN,790060,748.75,172.0,,False
091,ADMINISTRACIÓN,784686,644.0,274.0,,False
091,ADMINISTRACIÓN,799884,711.625,203.0,,False
091,ADMINISTRACIÓN,793082,758.875,162.0,,False
091,ADMINISTRACIÓN,791496,897.125,72.0,,False
091,ADMINISTRACIÓN,729234,622.625,298.0,,False
091,ADMINISTRACIÓN,757841,667.375,252.0,,False
091,ADMINISTRACIÓN,736080,817.25,117.0,,False
091,ADMINISTRACIÓN,743340,538.375,365.0,,False
091,ADMINISTRACIÓN,774763,870.25,85.0,,False
091,ADMINISTRACIÓN,775936,702.875,214.0,,False
091,ADMINISTRACIÓN,748667,778.375,149.0,,False
091,ADMINISTRACIÓN,737740,834.125,106.0,,False
091,ADMINISTRACIÓN,759794,734.875,188.0,,False
091,ADMINISTRACIÓN,758239,,,AUSENTE,True
091,ADMINISTRACIÓN,735488,986.0,33.0,,False
091,ADMINISTRACIÓN,794083,722.0,196.0,,False
091,ADMINISTRACIÓN,789984,1202.875,1.0,,False
091,ADMINISTRACIÓN,748072,940.875,50.0,,False
091,ADMINISTRACIÓN,725583,1108.75,11.0,,False
091,ADMINISTRACIÓN,726670,823.0,110.0,,False
091,ADMINISTRACIÓN,731239,505.0,378.0,,False
091,ADMINISTRACIÓN,797865,649.625,261.0,,False
091,ADMINISTRACIÓN,733498,724.75,194.0,,False
091,ADMINISTRACIÓN,743769,942.0,48.0,,False
091,ADMINISTRACIÓN,775502,717.125,201.0,,False
091,ADMINISTRACIÓN,783063,546.5,360.0,,False
091,ADMINISTRACIÓN,488910,486.5,383.0,,False
091,ADMINISTRACIÓN,796522,391.875,402.0,,False
091,ADMINISTRACIÓN,748739,1016.875,27.0,,False
091,ADMINISTRACIÓN,763013,808.0,126.0,,False
091,ADMINISTRACIÓN,754804,,,AUSENTE,True
091,ADMINISTRACIÓN,749582,828.25,109.0,,False
091,ADMINISTRACIÓN,491394,590.875,325.0,,False
091,ADMINISTRACIÓN,794451,725.375,192.0,,False
091,ADMINISTRACIÓN,728137,665.125,253.0,,False
091,ADMINISTRACIÓN,773435,641.125,278.0,,False
091,ADMINISTRACIÓN,687423,559.25,353.0,,False
091,ADMINISTRACIÓN,770237,697.25,223.0,,False
091,ADMINISTRACIÓN,770612,560.625,351.0,,False
091,ADMINISTRACIÓN,797633,650.875,260.0,,False
091,ADMINISTRACIÓN,779101,420.75,398.0,,False
091,ADMINISTRACIÓN,799326,741.375,182.0,,False
091,ADMINISTRACIÓN,693812,745.625,177.0,,False
091,ADMINISTRACIÓN,740995,469.25,388.0,,False
091,ADMINISTRACIÓN,762236,606.75,310.0,,False
091,ADMINISTRACIÓN,761971,787.875,141.0,,False
091,ADMINISTRACIÓN,757280,897.5,71.0,,False
091,ADMINISTRACIÓN,720406,522.0,369.0,,False
091,ADMINISTRACIÓN,798695,363.875,404.0,,False
091,ADMINISTRACIÓN,754061,793.875,137.0,,False
091,ADMINISTRACIÓN,763541,589.0,327.0,,False
091,ADMINISTRACIÓN,720112,868.375,87.0,,False
091,ADMINISTRACIÓN,744998,893.5,73.0,,False
091,ADMINISTRACIÓN,777871,818.625,115.0,,False
091,ADMINISTRACIÓN,778243,775.875,151.0,,False
091,ADMINISTRACIÓN,749837,590.125,326.0,,False
091,ADMINISTRACIÓN,742282,705.375,211.0,,False
091,ADMINISTRACIÓN,786712,816.125,119.0,,False
091,ADMINISTRACIÓN,735023,678.0,243.0,,False
091,ADMINISTRACIÓN,720801,978.875,38.0,,False
091,ADMINISTRACIÓN,734966,644.0,273.0,,False
091,ADMINISTRACIÓN,781910,363.375,405.0,,False
091,ADMINISTRACIÓN,723018,,,AUSENTE,True
091,ADMINISTRACIÓN,693058,646.5,267.0,,False
091,ADMINISTRACIÓN,664437,904.875,66.0,,False
091,ADMINISTRACIÓN,733312,680.625,240.0,,False
091,ADMINISTRACIÓN,797549,789.0,140.0,,False
091,ADMINISTRACIÓN,799668,855.25,96.0,,False
091,ADMINISTRACIÓN,785730,261.125,406.0,,False
091,ADMINISTRACIÓN,722309,1071.625,16.0,,False
091,ADMINISTRACIÓN,696838,578.5,335.0,,False
091,ADMINISTRACIÓN,795662,776.375,150.0,,False
091,ADMINISTRACIÓN,685634,568.0,345.0,,False
091,ADMINISTRACIÓN,692454,876.375,82.0,,False
091,ADMINISTRACIÓN,757371,929.0,54.0,,False
091,ADMINISTRACIÓN,746321,840.0,100.0,,False
091,ADMINISTRACIÓN,747437,455.25,391.0,,False
091,ADMINISTRACIÓN,732077,621.875,299.0,,False
091,ADMINISTRACIÓN,784533,942.0,47.0,,False
091,ADMINISTRACIÓN,745759,705.375,212.0,,False
091,ADMINISTRACIÓN,729663,906.625,64.0,,False
091,ADMINISTRACIÓN,729792,822.0,112.0,,False
091,ADMINISTRACIÓN,728284,708.375,209.0,,False
091,ADMINISTRACIÓN,758480,562.5,349.0,,False
091,ADMINISTRACIÓN,749392,717.5,200.0,,False
091,ADMINISTRACIÓN,777647,687.625,231.0,,False
091,ADMINISTRACIÓN,747289,1108.75,12.0,,False
091,ADMINISTRACIÓN,753095,702.0,215.0,,False
091,ADMINISTRACIÓN,764768,683.75,238.0,,False
091,ADMINISTRACIÓN,771499,834.375,104.0,,False
091,ADMINISTRACIÓN,779655,815.5,120.0,,False
091,ADMINISTRACIÓN,689719,654.125,258.0,,False
091,ADMINISTRACIÓN,790864,755.75,164.0,,False
091,ADMINISTRACIÓN,767312,486.25,384.0,,False
091,ADMINISTRACIÓN,748382,975.5,40.0,,False
091,ADMINISTRACIÓN,751924,509.875,371.0,,False
091,ADMINISTRACIÓN,736357,644.75,269.0,,False
091,ADMINISTRACIÓN,875918,732.5,190.0,,False
091,ADMINISTRACIÓN,772624,753.125,167.0,,False
091,ADMINISTRACIÓN,756432,711.0,204.0,,False
091,ADMINISTRACIÓN,747924,773.0,154.0,,False
091,ADMINISTRACIÓN,785036,801.0,133.0,,False
091,ADMINISTRACIÓN,723149,709.0,208.0,,False
091,ADMINISTRACIÓN,755220,881.625,78.0,,False
091,ADMINISTRACIÓN,775800,985.125,34.0,,False
091,ADMINISTRACIÓN,685400,1061.75,18.0,,False
091,ADMINISTRACIÓN,721178,697.375,222.0,,False
091,ADMINISTRACIÓN,725643,1115.375,9.0,,False
091,ADMINISTRACIÓN,724785,597.75,323.0,,False
091,ADMINISTRACIÓN,793802,543.5,362.0,,False
091,ADMINISTRACIÓN,730672,751.875,169.0,,False
091,ADMINISTRACIÓN,762886,750.75,170.0,,False
091,ADMINISTRACIÓN,729472,673.625,247.0,,False
091,ADMINISTRACIÓN,741092,770.75,157.0,,False
091,ADMINISTRACIÓN,768840,953.875,43.0,,False
091,ADMINISTRACIÓN,768416,673.75,246.0,,False
091,ADMINISTRACIÓN,762434,919.75,60.0,,False
091,ADMINISTRACIÓN,720744,855.25,97.0,,False
091,ADMINISTRACIÓN,774928,598.875,320.0,,False
091,ADMINISTRACIÓN,799384,588.75,328.0,,False
091,ADMINISTRACIÓN,752687,746.5,174.0,,False
091,ADMINISTRACIÓN,784589,,,AUSENTE,True
091,ADMINISTRACIÓN,743644,421.5,397.0,,False
091,ADMINISTRACIÓN,730235,673.25,248.0,,False
091,ADMINISTRACIÓN,754285,868.75,86.0,,False
091,ADMINISTRACIÓN,744033,623.125,297.0,,False
091,ADMINISTRACIÓN,735299,1045.375,24.0,,False
091,ADMINISTRACIÓN,757116,,,AUSENTE,True
091,ADMINISTRACIÓN,797764,910.625,62.0,,False
091,ADMINISTRACIÓN,746260,579.25,333.0,,False
091,ADMINISTRACIÓN,780719,819.75,113.0,,False
091,ADMINISTRACIÓN,681284,770.75,160.0,,False
091,ADMINISTRACIÓN,763274,796.375,135.0,,False
091,ADMINISTRACIÓN,760954,574.125,341.0,,False
091,ADMINISTRACIÓN,747456,678.625,242.0,,False
091,ADMINISTRACIÓN,686198,771.625,156.0,,False
091,ADMINISTRACIÓN,795221,773.5,153.0,,False
091,ADMINISTRACIÓN,756188,762.625,161.0,,False
091,ADMINISTRACIÓN,725085,648.75,263.0,,False
091,ADMINISTRACIÓN,740547,638.875,280.0,,False
091,ADMINISTRACIÓN,779342,996.625,29.0,,False
091,ADMINISTRACIÓN,775038,385.5,403.0,,False
091,ADMINISTRACIÓN,699202,686.25,234.0,,False
091,ADMINISTRACIÓN,730629,699.375,219.0,,False
091,ADMINISTRACIÓN,742779,578.875,334.0,,False
091,ADMINISTRACIÓN,759197,674.125,245.0,,False
091,ADMINISTRACIÓN,795906,630.75,292.0,,False
091,ADMINISTRACIÓN,771878,616.25,306.0,,False
091,ADMINISTRACIÓN,742265,780.625,146.0,,False
091,ADMINISTRACIÓN,792845,630.75,293.0,,False
091,ADMINISTRACIÓN,771114,660.5,257.0,,False
091,ADMINISTRACIÓN,759271,547.0,359.0,,False
091,ADMINISTRACIÓN,725235,508.5,374.0,,False
091,ADMINISTRACIÓN,775823,832.375,107.0,,False
091,ADMINISTRACIÓN,727759,686.25,236.0,,False
091,ADMINISTRACIÓN,787531,565.375,346.0,,False
091,ADMINISTRACIÓN,789190,942.0,46.0,,False
091,ADMINISTRACIÓN,778983,661.625,256.0,,False
091,ADMINISTRACIÓN,690904,818.125,116.0,,False
091,ADMINISTRACIÓN,774275,506.25,377.0,,False
091,ADMINISTRACIÓN,790438,587.5,329.0,,False
091,ADMINISTRACIÓN,792275,927.625,55.0,,False
091,ADMINISTRACIÓN,722585,753.875,165.0,,False
091,ADMINISTRACIÓN,789926,813.0,124.0,,False
091,ADMINISTRACIÓN,748310,966.5,42.0,,False
091,ADMINISTRACIÓN,735782,623.75,296.0,,False
091,ADMINISTRACIÓN,739454,561.5,350.0,,False
091,ADMINISTRACIÓN,799656,988.75,32.0,,False
091,ADMINISTRACIÓN,726176,872.375,83.0,,False
091,ADMINISTRACIÓN,739616,1073.875,15.0,,False
091,ADMINISTRACIÓN,751828,440.125,392.0,,False
091,ADMINISTRACIÓN,736848,605.25,313.0,,False
091,ADMINISTRACIÓN,699906,671.0,250.0,,False
091,ADMINISTRACIÓN,687650,681.0,239.0,,False
091,ADMINISTRACIÓN,740906,747.625,173.0,,False
091,ADMINISTRACIÓN,741355,620.375,301.0,,False
091,ADMINISTRACIÓN,752905,835.125,103.0,,False
091,ADMINISTRACIÓN,746412,741.625,180.0,,False
091,ADMINISTRACIÓN,724730,481.75,385.0,,False
091,ADMINISTRACIÓN,796321,1197.25,2.0,,False
091,ADMINISTRACIÓN,766908,644.25,271.0,,False
091,ADMINISTRACIÓN,788124,616.875,305.0,,False
091,ADMINISTRACIÓN,769790,844.375,99.0,,False
091,ADMINISTRACIÓN,757456,802.0,132.0,,False
091,ADMINISTRACIÓN,780477,860.375,93.0,,False
091,ADMINISTRACIÓN,780322,822.125,111.0,,False
091,ADMINISTRACIÓN,753017,860.375,92.0,,False
091,ADMINISTRACIÓN,789410,551.125,356.0,,False
091,ADMINISTRACIÓN,747048,835.75,102.0,,False
091,ADMINISTRACIÓN,738634,1102.0,14.0,,False
094,ADMINISTRACIÓN DE LA GASTRONOMÍA,721901,577.75,60.0,,False
094,ADMINISTRACIÓN DE LA GASTRONOMÍA,735043,636.0,50.0,,False
094,ADMINISTRACIÓN DE LA GASTRONOMÍA,747681,834.125,19.0,,False
094,ADMINISTRACIÓN DE LA GASTRONOMÍA,727779,694.625,36.0,,False
094,ADMINISTRACIÓN DE LA GASTRONOMÍA,795847,932.125,5.0,,False
094,ADMINISTRACIÓN DE LA GASTRONOMÍA,786265,633.625,51.0,,False
094,ADMINISTRACIÓN DE LA GASTRONOMÍA,771387,835.25,18.0,,False
094,ADMINISTRACIÓN DE LA GASTRONOMÍA,779025,882.625,11.0,,False
094,ADMINISTRACIÓN DE LA GASTRONOMÍA,785553,666.25,45.0,,False
094,ADMINISTRACIÓN DE LA GASTRONOMÍA,772564,606.25,57.0,,False
094,ADMINISTRACIÓN DE LA GASTRONOMÍA,744550,932.125,6.0,,False
094,ADMINISTRACIÓN DE LA GASTRONOMÍA,734332,770.75,22.0,,False
094,ADMINISTRACIÓN DE LA GASTRONOMÍA,775526,,,AUSENTE,True
094,ADMINISTRACIÓN DE LA GASTRONOMÍA,766368,801.75,21.0,,False
094,ADMINISTRACIÓN DE LA GASTRONOMÍA,790171,662.25,46.0,,False
094,ADMINISTRACIÓN DE LA GASTRONOMÍA,757544,687.375,37.0,,False
094,ADMINISTRACIÓN DE LA GASTRONOMÍA,760485,915.25,8.0,,False
094,ADMINISTRACIÓN DE LA GASTRONOMÍA,728820,461.625,71.0,,False
094,ADMINISTRACIÓN DE LA GASTRONOMÍA,756929,964.875,3.0,,False
094,ADMINISTRACIÓN DE LA GASTRONOMÍA,758642,842.625,14.0,,False
094,ADMINISTRACIÓN DE LA GASTRONOMÍA,731650,699.625,35.0,,False
094,ADMINISTRACIÓN DE LA GASTRONOMÍA,756057,986.0,2.0,,False
094,ADMINISTRACIÓN DE LA GASTRONOMÍA,784586,645.125,49.0,,False
094,ADMINISTRACIÓN DE LA GASTRONOMÍA,767540,609.375,56.0,,False
094,ADMINISTRACIÓN DE LA GASTRONOMÍA,739773,466.375,68.0,,False
094,ADMINISTRACIÓN DE LA GASTRONOMÍA,720021,685.0,41.0,,False
094,ADMINISTRACIÓN DE LA GASTRONOMÍA,795008,682.25,42.0,,False
094,ADMINISTRACIÓN DE LA GASTRONOMÍA,795498,913.75,9.0,,False
094,ADMINISTRACIÓN DE LA GASTRONOMÍA,755549,703.375,34.0,,False
094,ADMINISTRACIÓN DE LA GASTRONOMÍA,760624,499.375,66.0,,False
094,ADMINISTRACIÓN DE LA GASTRONOMÍA,787046,766.75,23.0,,False
094,ADMINISTRACIÓN DE LA GASTRONOMÍA,772448,388.75,73.0,,False
094,ADMINISTRACIÓN DE LA GASTRONOMÍA,757206,686.25,40.0,,False
094,ADMINISTRACIÓN DE LA GASTRONOMÍA,762756,657.625,47.0,,False
094,ADMINISTRACIÓN DE LA GASTRONOMÍA,758846,648.75,48.0,,False
094,ADMINISTRACIÓN DE LA GASTRONOMÍA,735373,687.125,38.0,,False
094,ADMINISTRACIÓN DE LA GASTRONOMÍA,742356,614.625,55.0,,False
094,ADMINISTRACIÓN DE LA GASTRONOMÍA,740532,707.375,31.0,,False
094,ADMINISTRACIÓN DE LA GASTRONOMÍA,765881,827.625,20.0,,False
094,ADMINISTRACIÓN DE LA GASTRONOMÍA,743679,573.5,61.0,,False
094,ADMINISTRACIÓN DE LA GASTRONOMÍA,729475,345.375,74.0,,False
094,ADMINISTRACIÓN DE LA GASTRONOMÍA,749503,,,AUSENTE,True
094,ADMINISTRACIÓN DE LA GASTRONOMÍA,780510,849.0,13.0,,False
094,ADMINISTRACIÓN DE LA GASTRONOMÍA,750189,943.125,4.0,,False
094,ADMINISTRACIÓN DE LA GASTRONOMÍA,739097,533.75,64.0,,False
094,ADMINISTRACIÓN DE LA GASTRONOMÍA,772844,707.375,32.0,,False
094,ADMINISTRACIÓN DE LA GASTRONOMÍA,744963,511.625,65.0,,False
094,ADMINISTRACIÓN DE LA GASTRONOMÍA,756447,900.875,10.0,,False
094,ADMINISTRACIÓN DE LA GASTRONOMÍA,770309,707.375,30.0,,False
094,ADMINISTRACIÓN DE LA GASTRONOMÍA,771525,462.375,70.0,,False
094,ADMINISTRACIÓN DE LA GASTRONOMÍA,730814,417.875,72.0,,False
094,ADMINISTRACIÓN DE LA GASTRONOMÍA,761509,595.75,58.0,,False
094,ADMINISTRACIÓN DE LA GASTRONOMÍA,734260,744.5,27.0,,False
094,ADMINISTRACIÓN DE LA GASTRONOMÍA,776788,725.625,28.0,,False
094,ADMINISTRACIÓN DE LA GASTRONOMÍA,765568,631.375,53.0,,False
094,ADMINISTRACIÓN DE LA GASTRONOMÍA,781556,855.25,12.0,,False
094,ADMINISTRACIÓN DE LA GASTRONOMÍA,729906,746.5,25.0,,False
094,ADMINISTRACIÓN DE LA GASTRONOMÍA,789595,585.0,59.0,,False
094,ADMINISTRACIÓN DE LA GASTRONOMÍA,755239,632.0,52.0,,False
094,ADMINISTRACIÓN DE LA GASTRONOMÍA,793674,534.875,63.0,,False
094,ADMINISTRACIÓN DE LA GASTRONOMÍA,738408,918.625,7.0,,False
094,ADMINISTRACIÓN DE LA GASTRONOMÍA,751891,464.5,69.0,,False
094,ADMINISTRACIÓN DE LA GASTRONOMÍA,791478,707.375,33.0,,False
094,ADMINISTRACIÓN DE LA GASTRONOMÍA,750118,836.0,17.0,,False
094,ADMINISTRACIÓN DE LA GASTRONOMÍA,775520,707.375,29.0,,False
094,ADMINISTRACIÓN DE LA GASTRONOMÍA,790882,686.25,39.0,,False
094,ADMINISTRACIÓN DE LA GASTRONOMÍA,762611,678.875,43.0,,False
094,ADMINISTRACIÓN DE LA GASTRONOMÍA,772476,745.375,26.0,,False
094,ADMINISTRACIÓN DE LA GASTRONOMÍA,772732,,,AUSENTE,True
094,ADMINISTRACIÓN DE LA GASTRONOMÍA,780512,836.625,16.0,,False
094,ADMINISTRACIÓN DE LA GASTRONOMÍA,732487,838.125,15.0,,False
094,ADMINISTRACIÓN DE LA GASTRONOMÍA,734986,676.875,44.0,,False
094,ADMINISTRACIÓN DE LA GASTRONOMÍA,782463,1177.25,1.0,,False
094,ADMINISTRACIÓN DE LA GASTRONOMÍA,787790,560.0,62.0,,False
094,ADMINISTRACIÓN DE LA GASTRONOMÍA,728209,622.0,54.0,,False
094,ADMINISTRACIÓN DE LA GASTRONOMÍA,786080,749.75,24.0,,False
094,ADMINISTRACIÓN DE LA GASTRONOMÍA,747182,495.375,67.0,,False
093,ADMINISTRACIÓN DE NEGOCIOS INTERNACIONALES,778035,794.375,219.0,,False
093,ADMINISTRACIÓN DE NEGOCIOS INTERNACIONALES,728505,532.0,584.0,,False
093,ADMINISTRACIÓN DE NEGOCIOS INTERNACIONALES,763030,551.0,567.0,,False
093,ADMINISTRACIÓN DE NEGOCIOS INTERNACIONALES,782838,769.5,258.0,,False
093,ADMINISTRACIÓN DE NEGOCIOS INTERNACIONALES,751136,581.625,526.0,,False
093,ADMINISTRACIÓN DE NEGOCIOS INTERNACIONALES,748163,817.5,177.0,,False
093,ADMINISTRACIÓN DE NEGOCIOS INTERNACIONALES,785854,816.375,182.0,,False
093,ADMINISTRACIÓN DE NEGOCIOS INTERNACIONALES,779843,717.5,340.0,,False
093,ADMINISTRACIÓN DE NEGOCIOS INTERNACIONALES,794699,374.5,631.0,,False
093,ADMINISTRACIÓN DE NEGOCIOS INTERNACIONALES,791013,909.875,83.0,,False
093,ADMINISTRACIÓN DE NEGOCIOS INTERNACIONALES,757884,555.5,560.0,,False
093,ADMINISTRACIÓN DE NEGOCIOS INTERNACIONALES,757952,653.25,442.0,,False
093,ADMINISTRACIÓN DE NEGOCIOS INTERNACIONALES,756243,795.25,218.0,,False
093,ADMINISTRACIÓN DE NEGOCIOS INTERNACIONALES,732863,615.75,484.0,,False
093,ADMINISTRACIÓN DE NEGOCIOS INTERNACIONALES,755234,999.5,40.0,,False
093,ADMINISTRACIÓN DE NEGOCIOS INTERNACIONALES,758681,859.25,115.0,,False
093,ADMINISTRACIÓN DE NEGOCIOS INTERNACIONALES,786602,1053.125,26.0,,False
093,ADMINISTRACIÓN DE NEGOCIOS INTERNACIONALES,761969,666.25,428.0,,False
093,ADMINISTRACIÓN DE NEGOCIOS INTERNACIONALES,758452,709.375,357.0,,False
093,ADMINISTRACIÓN DE NEGOCIOS INTERNACIONALES,741384,510.375,597.0,,False
093,ADMINISTRACIÓN DE NEGOCIOS INTERNACIONALES,773307,826.125,167.0,,False
093,ADMINISTRACIÓN DE NEGOCIOS INTERNACIONALES,784399,695.375,384.0,,False
093,ADMINISTRACIÓN DE NEGOCIOS INTERNACIONALES,752591,648.5,448.0,,False
093,ADMINISTRACIÓN DE NEGOCIOS INTERNACIONALES,728491,559.5,555.0,,False
093,ADMINISTRACIÓN DE NEGOCIOS INTERNACIONALES,783440,717.75,339.0,,False
093,ADMINISTRACIÓN DE NEGOCIOS INTERNACIONALES,753308,744.375,298.0,,False
093,ADMINISTRACIÓN DE NEGOCIOS INTERNACIONALES,725302,820.375,175.0,,False
093,ADMINISTRACIÓN DE NEGOCIOS INTERNACIONALES,732048,516.875,595.0,,False
093,ADMINISTRACIÓN DE NEGOCIOS INTERNACIONALES,772663,855.25,128.0,,False
093,ADMINISTRACIÓN DE NEGOCIOS INTERNACIONALES,731225,897.5,92.0,,False
093,ADMINISTRACIÓN DE NEGOCIOS INTERNACIONALES,723450,644.0,455.0,,False
093,ADMINISTRACIÓN DE NEGOCIOS INTERNACIONALES,725190,708.625,359.0,,False
093,ADMINISTRACIÓN DE NEGOCIOS INTERNACIONALES,732511,715.25,344.0,,False
093,ADMINISTRACIÓN DE NEGOCIOS INTERNACIONALES,739004,871.875,109.0,,False
093,ADMINISTRACIÓN DE NEGOCIOS INTERNACIONALES,770057,671.375,417.0,,False
093,ADMINISTRACIÓN DE NEGOCIOS INTERNACIONALES,744092,876.375,106.0,,False
093,ADMINISTRACIÓN DE NEGOCIOS INTERNACIONALES,788256,770.75,255.0,,False
093,ADMINISTRACIÓN DE NEGOCIOS INTERNACIONALES,726630,622.875,479.0,,False
093,ADMINISTRACIÓN DE NEGOCIOS INTERNACIONALES,776563,568.125,544.0,,False
093,ADMINISTRACIÓN DE NEGOCIOS INTERNACIONALES,759276,723.125,324.0,,False
093,ADMINISTRACIÓN DE NEGOCIOS INTERNACIONALES,781290,684.25,402.0,,False
093,ADMINISTRACIÓN DE NEGOCIOS INTERNACIONALES,786414,735.0,307.0,,False
093,ADMINISTRACIÓN DE NEGOCIOS INTERNACIONALES,743217,596.125,504.0,,False
093,ADMINISTRACIÓN DE NEGOCIOS INTERNACIONALES,781516,669.0,423.0,,False
093,ADMINISTRACIÓN DE NEGOCIOS INTERNACIONALES,792627,395.5,628.0,,False
093,ADMINISTRACIÓN DE NEGOCIOS INTERNACIONALES,789411,592.125,511.0,,False
093,ADMINISTRACIÓN DE NEGOCIOS INTERNACIONALES,786359,750.75,287.0,,False
093,ADMINISTRACIÓN DE NEGOCIOS INTERNACIONALES,769122,866.0,110.0,,False
093,ADMINISTRACIÓN DE NEGOCIOS INTERNACIONALES,728398,760.875,272.0,,False
093,ADMINISTRACIÓN DE NEGOCIOS INTERNACIONALES,759014,,,AUSENTE,True
093,ADMINISTRACIÓN DE NEGOCIOS INTERNACIONALES,792071,754.5,282.0,,False
093,ADMINISTRACIÓN DE NEGOCIOS INTERNACIONALES,760787,769.25,259.0,,False
093,ADMINISTRACIÓN DE NEGOCIOS INTERNACIONALES,777383,834.125,159.0,,False
093,ADMINISTRACIÓN DE NEGOCIOS INTERNACIONALES,751959,775.25,246.0,,False
093,ADMINISTRACIÓN DE NEGOCIOS INTERNACIONALES,767057,546.375,572.0,,False
093,ADMINISTRACIÓN DE NEGOCIOS INTERNACIONALES,729271,690.25,391.0,,False
093,ADMINISTRACIÓN DE NEGOCIOS INTERNACIONALES,775636,744.25,299.0,,False
093,ADMINISTRACIÓN DE NEGOCIOS INTERNACIONALES,787232,682.0,406.0,,False
093,ADMINISTRACIÓN DE NEGOCIOS INTERNACIONALES,759791,603.375,497.0,,False
093,ADMINISTRACIÓN DE NEGOCIOS INTERNACIONALES,726830,593.0,508.0,,False
093,ADMINISTRACIÓN DE NEGOCIOS INTERNACIONALES,752172,657.125,439.0,,False
093,ADMINISTRACIÓN DE NEGOCIOS INTERNACIONALES,736229,634.125,464.0,,False
093,ADMINISTRACIÓN DE NEGOCIOS INTERNACIONALES,763648,846.375,140.0,,False
093,ADMINISTRACIÓN DE NEGOCIOS INTERNACIONALES,760168,784.125,230.0,,False
093,ADMINISTRACIÓN DE NEGOCIOS INTERNACIONALES,734764,774.75,247.0,,False
093,ADMINISTRACIÓN DE NEGOCIOS INTERNACIONALES,786132,602.625,498.0,,False
093,ADMINISTRACIÓN DE NEGOCIOS INTERNACIONALES,726587,720.5,332.0,,False
093,ADMINISTRACIÓN DE NEGOCIOS INTERNACIONALES,792744,754.75,280.0,,False
093,ADMINISTRACIÓN DE NEGOCIOS INTERNACIONALES,758737,705.0,367.0,,False
093,ADMINISTRACIÓN DE NEGOCIOS INTERNACIONALES,731559,762.75,268.0,,False
093,ADMINISTRACIÓN DE NEGOCIOS INTERNACIONALES,756522,587.125,516.0,,False
093,ADMINISTRACIÓN DE NEGOCIOS INTERNACIONALES,797512,463.5,614.0,,False
093,ADMINISTRACIÓN DE NEGOCIOS INTERNACIONALES,754288,807.25,197.0,,False
093,ADMINISTRACIÓN DE NEGOCIOS INTERNACIONALES,721323,703.875,370.0,,False
093,ADMINISTRACIÓN DE NEGOCIOS INTERNACIONALES,790079,795.875,216.0,,False
093,ADMINISTRACIÓN DE NEGOCIOS INTERNACIONALES,767281,628.25,472.0,,False
093,ADMINISTRACIÓN DE NEGOCIOS INTERNACIONALES,729325,1138.0,9.0,,False
093,ADMINISTRACIÓN DE NEGOCIOS INTERNACIONALES,727070,574.0,539.0,,False
093,ADMINISTRACIÓN DE NEGOCIOS INTERNACIONALES,781840,840.625,145.0,,False
093,ADMINISTRACIÓN DE NEGOCIOS INTERNACIONALES,720594,939.75,68.0,,False
093,ADMINISTRACIÓN DE NEGOCIOS INTERNACIONALES,761302,886.75,101.0,,False
093,ADMINISTRACIÓN DE NEGOCIOS INTERNACIONALES,763370,549.625,569.0,,False
093,ADMINISTRACIÓN DE NEGOCIOS INTERNACIONALES,769861,1092.75,13.0,,False
093,ADMINISTRACIÓN DE NEGOCIOS INTERNACIONALES,735282,939.75,70.0,,False
093,ADMINISTRACIÓN DE NEGOCIOS INTERNACIONALES,739673,557.5,557.0,,False
093,ADMINISTRACIÓN DE NEGOCIOS INTERNACIONALES,787497,1278.875,3.0,,False
093,ADMINISTRACIÓN DE NEGOCIOS INTERNACIONALES,777701,812.625,192.0,,False
093,ADMINISTRACIÓN DE NEGOCIOS INTERNACIONALES,751955,714.375,346.0,,False
093,ADMINISTRACIÓN DE NEGOCIOS INTERNACIONALES,796431,812.375,193.0,,False
093,ADMINISTRACIÓN DE NEGOCIOS INTERNACIONALES,739656,690.75,390.0,,False
093,ADMINISTRACIÓN DE NEGOCIOS INTERNACIONALES,731779,717.375,341.0,,False
093,ADMINISTRACIÓN DE NEGOCIOS INTERNACIONALES,743438,631.125,469.0,,False
093,ADMINISTRACIÓN DE NEGOCIOS INTERNACIONALES,779358,899.75,90.0,,False
093,ADMINISTRACIÓN DE NEGOCIOS INTERNACIONALES,746670,946.5,63.0,,False
093,ADMINISTRACIÓN DE NEGOCIOS INTERNACIONALES,794581,832.0,164.0,,False
093,ADMINISTRACIÓN DE NEGOCIOS INTERNACIONALES,752634,708.5,362.0,,False
093,ADMINISTRACIÓN DE NEGOCIOS INTERNACIONALES,776585,817.25,178.0,,False
093,ADMINISTRACIÓN DE NEGOCIOS INTERNACIONALES,762436,807.875,196.0,,False
093,ADMINISTRACIÓN DE NEGOCIOS INTERNACIONALES,760057,800.0,208.0,,False
093,ADMINISTRACIÓN DE NEGOCIOS INTERNACIONALES,769344,711.0,354.0,,False
093,ADMINISTRACIÓN DE NEGOCIOS INTERNACIONALES,785668,697.5,379.0,,False
093,ADMINISTRACIÓN DE NEGOCIOS INTERNACIONALES,724561,687.375,395.0,,False
093,ADMINISTRACIÓN DE NEGOCIOS INTERNACIONALES,720205,874.375,107.0,,False
093,ADMINISTRACIÓN DE NEGOCIOS INTERNACIONALES,790005,791.875,222.0,,False
093,ADMINISTRACIÓN DE NEGOCIOS INTERNACIONALES,762443,682.75,405.0,,False
093,ADMINISTRACIÓN DE NEGOCIOS INTERNACIONALES,779114,581.125,527.0,,False
093,ADMINISTRACIÓN DE NEGOCIOS INTERNACIONALES,732732,955.0,59.0,,False
093,ADMINISTRACIÓN DE NEGOCIOS INTERNACIONALES,720800,677.75,408.0,,False
093,ADMINISTRACIÓN DE NEGOCIOS INTERNACIONALES,775431,832.375,163.0,,False
093,ADMINISTRACIÓN DE NEGOCIOS INTERNACIONALES,724617,695.375,383.0,,False
093,ADMINISTRACIÓN DE NEGOCIOS INTERNACIONALES,722124,416.375,625.0,,False
093,ADMINISTRACIÓN DE NEGOCIOS INTERNACIONALES,771166,686.75,398.0,,False
093,ADMINISTRACIÓN DE NEGOCIOS INTERNACIONALES,756632,,,AUSENTE,True
093,ADMINISTRACIÓN DE NEGOCIOS INTERNACIONALES,789502,781.0,235.0,,False
093,ADMINISTRACIÓN DE NEGOCIOS INTERNACIONALES,763240,997.75,41.0,,False
093,ADMINISTRACIÓN DE NEGOCIOS INTERNACIONALES,721305,473.5,612.0,,False
093,ADMINISTRACIÓN DE NEGOCIOS INTERNACIONALES,761234,803.75,202.0,,False
093,ADMINISTRACIÓN DE NEGOCIOS INTERNACIONALES,730198,504.0,602.0,,False
093,ADMINISTRACIÓN DE NEGOCIOS INTERNACIONALES,728786,493.0,607.0,,False
093,ADMINISTRACIÓN DE NEGOCIOS INTERNACIONALES,761696,774.125,250.0,,False
093,ADMINISTRACIÓN DE NEGOCIOS INTERNACIONALES,768285,731.25,311.0,,False
093,ADMINISTRACIÓN DE NEGOCIOS INTERNACIONALES,769794,780.25,237.0,,False
093,ADMINISTRACIÓN DE NEGOCIOS INTERNACIONALES,734542,576.375,534.0,,False
093,ADMINISTRACIÓN DE NEGOCIOS INTERNACIONALES,779898,1185.25,5.0,,False
093,ADMINISTRACIÓN DE NEGOCIOS INTERNACIONALES,799966,929.875,73.0,,False
093,ADMINISTRACIÓN DE NEGOCIOS INTERNACIONALES,792031,902.625,86.0,,False
093,ADMINISTRACIÓN DE NEGOCIOS INTERNACIONALES,798194,,,AUSENTE,True
093,ADMINISTRACIÓN DE NEGOCIOS INTERNACIONALES,750342,852.875,134.0,,False
093,ADMINISTRACIÓN DE NEGOCIOS INTERNACIONALES,739568,573.75,540.0,,False
093,ADMINISTRACIÓN DE NEGOCIOS INTERNACIONALES,722256,759.375,275.0,,False
093,ADMINISTRACIÓN DE NEGOCIOS INTERNACIONALES,771630,1299.75,2.0,,False
093,ADMINISTRACIÓN DE NEGOCIOS INTERNACIONALES,753039,1087.625,16.0,,False
093,ADMINISTRACIÓN DE NEGOCIOS INTERNACIONALES,768281,838.875,148.0,,False
093,ADMINISTRACIÓN DE NEGOCIOS INTERNACIONALES,784366,815.25,185.0,,False
093,ADMINISTRACIÓN DE NEGOCIOS INTERNACIONALES,752332,814.375,187.0,,False
093,ADMINISTRACIÓN DE NEGOCIOS INTERNACIONALES,791881,667.625,426.0,,False
093,ADMINISTRACIÓN DE NEGOCIOS INTERNACIONALES,728061,810.0,194.0,,False
093,ADMINISTRACIÓN DE NEGOCIOS INTERNACIONALES,761921,799.125,210.0,,False
093,ADMINISTRACIÓN DE NEGOCIOS INTERNACIONALES,776014,969.375,53.0,,False
093,ADMINISTRACIÓN DE NEGOCIOS INTERNACIONALES,742524,238.125,636.0,,False
093,ADMINISTRACIÓN DE NEGOCIOS INTERNACIONALES,775191,1045.375,29.0,,False
093,ADMINISTRACIÓN DE NEGOCIOS INTERNACIONALES,743417,922.0,76.0,,False
093,ADMINISTRACIÓN DE NEGOCIOS INTERNACIONALES,740294,579.375,530.0,,False
093,ADMINISTRACIÓN DE NEGOCIOS INTERNACIONALES,754977,730.5,314.0,,False
093,ADMINISTRACIÓN DE NEGOCIOS INTERNACIONALES,767500,661.0,433.0,,False
093,ADMINISTRACIÓN DE NEGOCIOS INTERNACIONALES,785836,728.125,321.0,,False
093,ADMINISTRACIÓN DE NEGOCIOS INTERNACIONALES,743599,773.0,251.0,,False
093,ADMINISTRACIÓN DE NEGOCIOS INTERNACIONALES,788035,713.0,350.0,,False
093,ADMINISTRACIÓN DE NEGOCIOS INTERNACIONALES,782429,1137.25,10.0,,False
093,ADMINISTRACIÓN DE NEGOCIOS INTERNACIONALES,775207,768.625,260.0,,False
093,ADMINISTRACIÓN DE NEGOCIOS INTERNACIONALES,777832,699.5,377.0,,False
093,ADMINISTRACIÓN DE NEGOCIOS INTERNACIONALES,776791,902.625,85.0,,False
093,ADMINISTRACIÓN DE NEGOCIOS INTERNACIONALES,731467,927.625,74.0,,False
093,ADMINISTRACIÓN DE NEGOCIOS INTERNACIONALES,728266,910.5,81.0,,False
093,ADMINISTRACIÓN DE NEGOCIOS INTERNACIONALES,770593,746.75,294.0,,False
093,ADMINISTRACIÓN DE NEGOCIOS INTERNACIONALES,730556,759.75,274.0,,False
093,ADMINISTRACIÓN DE NEGOCIOS INTERNACIONALES,729921,695.5,382.0,,False
093,ADMINISTRACIÓN DE NEGOCIOS INTERNACIONALES,779057,840.375,146.0,,False
093,ADMINISTRACIÓN DE NEGOCIOS INTERNACIONALES,763243,699.875,376.0,,False
093,ADMINISTRACIÓN DE NEGOCIOS INTERNACIONALES,779936,434.875,622.0,,False
093,ADMINISTRACIÓN DE NEGOCIOS INTERNACIONALES,798437,861.125,112.0,,False
093,ADMINISTRACIÓN DE NEGOCIOS INTERNACIONALES,725975,833.875,161.0,,False
093,ADMINISTRACIÓN DE NEGOCIOS INTERNACIONALES,730371,494.0,606.0,,False
093,ADMINISTRACIÓN DE NEGOCIOS INTERNACIONALES,744850,542.625,574.0,,False
093,ADMINISTRACIÓN DE NEGOCIOS INTERNACIONALES,745054,799.75,209.0,,False
093,ADMINISTRACIÓN DE NEGOCIOS INTERNACIONALES,767929,809.875,195.0,,False
093,ADMINISTRACIÓN DE NEGOCIOS INTERNACIONALES,778056,574.375,537.0,,False
093,ADMINISTRACIÓN DE NEGOCIOS INTERNACIONALES,723484,529.875,587.0,,False
093,ADMINISTRACIÓN DE NEGOCIOS INTERNACIONALES,782579,747.375,293.0,,False
093,ADMINISTRACIÓN DE NEGOCIOS INTERNACIONALES,787173,575.75,536.0,,False
093,ADMINISTRACIÓN DE NEGOCIOS INTERNACIONALES,776121,835.125,156.0,,False
093,ADMINISTRACIÓN DE NEGOCIOS INTERNACIONALES,777868,861.125,113.0,,False
093,ADMINISTRACIÓN DE NEGOCIOS INTERNACIONALES,784910,710.625,355.0,,False
093,ADMINISTRACIÓN DE NEGOCIOS INTERNACIONALES,759797,583.375,520.0,,False
093,ADMINISTRACIÓN DE NEGOCIOS INTERNACIONALES,755941,,,AUSENTE,True
093,ADMINISTRACIÓN DE NEGOCIOS INTERNACIONALES,759112,780.875,236.0,,False
093,ADMINISTRACIÓN DE NEGOCIOS INTERNACIONALES,730233,576.25,535.0,,False
093,ADMINISTRACIÓN DE NEGOCIOS INTERNACIONALES,738224,700.75,374.0,,False
093,ADMINISTRACIÓN DE NEGOCIOS INTERNACIONALES,750117,504.125,601.0,,False
093,ADMINISTRACIÓN DE NEGOCIOS INTERNACIONALES,787771,541.125,577.0,,False
093,ADMINISTRACIÓN DE NEGOCIOS INTERNACIONALES,776738,695.5,381.0,,False
093,ADMINISTRACIÓN DE NEGOCIOS INTERNACIONALES,767333,707.375,363.0,,False
093,ADMINISTRACIÓN DE NEGOCIOS INTERNACIONALES,783884,506.75,600.0,,False
093,ADMINISTRACIÓN DE NEGOCIOS INTERNACIONALES,789817,775.5,245.0,,False
093,ADMINISTRACIÓN DE NEGOCIOS INTERNACIONALES,791291,838.625,149.0,,False
093,ADMINISTRACIÓN DE NEGOCIOS INTERNACIONALES,739862,371.625,632.0,,False
093,ADMINISTRACIÓN DE NEGOCIOS INTERNACIONALES,727319,834.125,160.0,,False
093,ADMINISTRACIÓN DE NEGOCIOS INTERNACIONALES,791234,829.5,165.0,,False
093,ADMINISTRACIÓN DE NEGOCIOS INTERNACIONALES,758732,984.75,47.0,,False
093,ADMINISTRACIÓN DE NEGOCIOS INTERNACIONALES,737570,1048.75,28.0,,False
093,ADMINISTRACIÓN DE NEGOCIOS INTERNACIONALES,764005,643.5,456.0,,False
093,ADMINISTRACIÓN DE NEGOCIOS INTERNACIONALES,747346,728.5,318.0,,False
093,ADMINISTRACIÓN DE NEGOCIOS INTERNACIONALES,720524,878.625,104.0,,False
093,ADMINISTRACIÓN DE NEGOCIOS INTERNACIONALES,783301,728.5,317.0,,False
093,ADMINISTRACIÓN DE NEGOCIOS INTERNACIONALES,735713,949.875,62.0,,False
093,ADMINISTRACIÓN DE NEGOCIOS INTERNACIONALES,782600,624.5,476.0,,False
093,ADMINISTRACIÓN DE NEGOCIOS INTERNACIONALES,757828,,,AUSENTE,True
093,ADMINISTRACIÓN DE NEGOCIOS INTERNACIONALES,789020,930.375,72.0,,False
093,ADMINISTRACIÓN DE NEGOCIOS INTERNACIONALES,752054,552.875,563.0,,False
093,ADMINISTRACIÓN DE NEGOCIOS INTERNACIONALES,767481,713.0,349.0,,False
093,ADMINISTRACIÓN DE NEGOCIOS INTERNACIONALES,789334,657.5,437.0,,False
093,ADMINISTRACIÓN DE NEGOCIOS INTERNACIONALES,775152,696.75,380.0,,False
093,ADMINISTRACIÓN DE NEGOCIOS INTERNACIONALES,727016,824.0,169.0,,False
093,ADMINISTRACIÓN DE NEGOCIOS INTERNACIONALES,771580,1091.625,15.0,,False
093,ADMINISTRACIÓN DE NEGOCIOS INTERNACIONALES,789876,855.25,129.0,,False
093,ADMINISTRACIÓN DE NEGOCIOS INTERNACIONALES,779082,674.125,412.0,,False
093,ADMINISTRACIÓN DE NEGOCIOS INTERNACIONALES,771245,720.375,333.0,,False
093,ADMINISTRACIÓN DE NEGOCIOS INTERNACIONALES,766050,352.75,634.0,,False
093,ADMINISTRACIÓN DE NEGOCIOS INTERNACIONALES,777758,582.0,524.0,,False
093,ADMINISTRACIÓN DE NEGOCIOS INTERNACIONALES,727761,764.625,263.0,,False
093,ADMINISTRACIÓN DE NEGOCIOS INTERNACIONALES,755164,527.375,588.0,,False
093,ADMINISTRACIÓN DE NEGOCIOS INTERNACIONALES,779505,592.5,509.0,,False
093,ADMINISTRACIÓN DE NEGOCIOS INTERNACIONALES,750994,668.75,424.0,,False
093,ADMINISTRACIÓN DE NEGOCIOS INTERNACIONALES,735725,614.875,485.0,,False
093,ADMINISTRACIÓN DE NEGOCIOS INTERNACIONALES,721173,580.25,529.0,,False
093,ADMINISTRACIÓN DE NEGOCIOS INTERNACIONALES,787272,532.875,583.0,,False
093,ADMINISTRACIÓN DE NEGOCIOS INTERNACIONALES,753585,822.25,171.0,,False
093,ADMINISTRACIÓN DE NEGOCIOS INTERNACIONALES,723278,601.75,499.0,,False
093,ADMINISTRACIÓN DE NEGOCIOS INTERNACIONALES,738872,817.0,179.0,,False
093,ADMINISTRACIÓN DE NEGOCIOS INTERNACIONALES,732327,539.375,578.0,,False
093,ADMINISTRACIÓN DE NEGOCIOS INTERNACIONALES,772394,1151.0,8.0,,False
093,ADMINISTRACIÓN DE NEGOCIOS INTERNACIONALES,753617,633.0,465.0,,False
093,ADMINISTRACIÓN DE NEGOCIOS INTERNACIONALES,744493,624.25,477.0,,False
093,ADMINISTRACIÓN DE NEGOCIOS INTERNACIONALES,740625,859.25,117.0,,False
093,ADMINISTRACIÓN DE NEGOCIOS INTERNACIONALES,724672,693.625,386.0,,False
093,ADMINISTRACIÓN DE NEGOCIOS INTERNACIONALES,791402,1067.875,23.0,,False
093,ADMINISTRACIÓN DE NEGOCIOS INTERNACIONALES,741182,686.25,400.0,,False
093,ADMINISTRACIÓN DE NEGOCIOS INTERNACIONALES,740604,1025.375,32.0,,False
093,ADMINISTRACIÓN DE NEGOCIOS INTERNACIONALES,768318,1111.0,12.0,,False
093,ADMINISTRACIÓN DE NEGOCIOS INTERNACIONALES,752630,789.375,225.0,,False
093,ADMINISTRACIÓN DE NEGOCIOS INTERNACIONALES,728135,855.0,132.0,,False
093,ADMINISTRACIÓN DE NEGOCIOS INTERNACIONALES,789870,578.875,532.0,,False
093,ADMINISTRACIÓN DE NEGOCIOS INTERNACIONALES,785462,900.625,89.0,,False
093,ADMINISTRACIÓN DE NEGOCIOS INTERNACIONALES,722455,562.25,552.0,,False
093,ADMINISTRACIÓN DE NEGOCIOS INTERNACIONALES,767313,369.375,633.0,,False
093,ADMINISTRACIÓN DE NEGOCIOS INTERNACIONALES,726700,951.875,61.0,,False
093,ADMINISTRACIÓN DE NEGOCIOS INTERNACIONALES,741800,876.375,105.0,,False
093,ADMINISTRACIÓN DE NEGOCIOS INTERNACIONALES,738412,754.75,281.0,,False
093,ADMINISTRACIÓN DE NEGOCIOS INTERNACIONALES,799067,546.5,571.0,,False
093,ADMINISTRACIÓN DE NEGOCIOS INTERNACIONALES,782467,784.25,229.0,,False
093,ADMINISTRACIÓN DE NEGOCIOS INTERNACIONALES,738912,741.125,303.0,,False
093,ADMINISTRACIÓN DE NEGOCIOS INTERNACIONALES,785796,589.75,514.0,,False
093,ADMINISTRACIÓN DE NEGOCIOS INTERNACIONALES,742618,1074.375,20.0,,False
093,ADMINISTRACIÓN DE NEGOCIOS INTERNACIONALES,781514,756.375,278.0,,False
093,ADMINISTRACIÓN DE NEGOCIOS INTERNACIONALES,760877,671.25,418.0,,False
093,ADMINISTRACIÓN DE NEGOCIOS INTERNACIONALES,768172,544.5,573.0,,False
093,ADMINISTRACIÓN DE NEGOCIOS INTERNACIONALES,795554,960.875,57.0,,False
093,ADMINISTRACIÓN DE NEGOCIOS INTERNACIONALES,746024,512.5,596.0,,False
093,ADMINISTRACIÓN DE NEGOCIOS INTERNACIONALES,749638,703.375,371.0,,False
093,ADMINISTRACIÓN DE NEGOCIOS INTERNACIONALES,791033,652.125,444.0,,False
093,ADMINISTRACIÓN DE NEGOCIOS INTERNACIONALES,774611,759.75,273.0,,False
093,ADMINISTRACIÓN DE NEGOCIOS INTERNACIONALES,794004,669.125,421.0,,False
093,ADMINISTRACIÓN DE NEGOCIOS INTERNACIONALES,796182,597.125,503.0,,False
093,ADMINISTRACIÓN DE NEGOCIOS INTERNACIONALES,749617,683.75,404.0,,False
093,ADMINISTRACIÓN DE NEGOCIOS INTERNACIONALES,722590,649.875,447.0,,False
093,ADMINISTRACIÓN DE NEGOCIOS INTERNACIONALES,721142,,,AUSENTE,True
093,ADMINISTRACIÓN DE NEGOCIOS INTERNACIONALES,767185,736.125,306.0,,False
093,ADMINISTRACIÓN DE NEGOCIOS INTERNACIONALES,766681,720.875,328.0,,False
093,ADMINISTRACIÓN DE NEGOCIOS INTERNACIONALES,723984,700.625,375.0,,False
093,ADMINISTRACIÓN DE NEGOCIOS INTERNACIONALES,761320,612.375,487.0,,False
093,ADMINISTRACIÓN DE NEGOCIOS INTERNACIONALES,798304,872.375,108.0,,False
093,ADMINISTRACIÓN DE NEGOCIOS INTERNACIONALES,749261,,,AUSENTE,True
093,ADMINISTRACIÓN DE NEGOCIOS INTERNACIONALES,758308,781.5,234.0,,False
093,ADMINISTRACIÓN DE NEGOCIOS INTERNACIONALES,762516,753.5,283.0,,False
093,ADMINISTRACIÓN DE NEGOCIOS INTERNACIONALES,774930,1129.875,11.0,,False
093,ADMINISTRACIÓN DE NEGOCIOS INTERNACIONALES,726500,622.875,480.0,,False
093,ADMINISTRACIÓN DE NEGOCIOS INTERNACIONALES,745463,497.875,605.0,,False
093,ADMINISTRACIÓN DE NEGOCIOS INTERNACIONALES,724696,609.5,490.0,,False
093,ADMINISTRACIÓN DE NEGOCIOS INTERNACIONALES,742878,762.25,269.0,,False
093,ADMINISTRACIÓN DE NEGOCIOS INTERNACIONALES,723347,1066.75,24.0,,False
093,ADMINISTRACIÓN DE NEGOCIOS INTERNACIONALES,743584,639.375,461.0,,False
093,ADMINISTRACIÓN DE NEGOCIOS INTERNACIONALES,753434,823.125,170.0,,False
093,ADMINISTRACIÓN DE NEGOCIOS INTERNACIONALES,742316,653.5,441.0,,False
093,ADMINISTRACIÓN DE NEGOCIOS INTERNACIONALES,754866,840.0,147.0,,False
093,ADMINISTRACIÓN DE NEGOCIOS INTERNACIONALES,792296,706.25,365.0,,False
093,ADMINISTRACIÓN DE NEGOCIOS INTERNACIONALES,764361,448.125,619.0,,False
093,ADMINISTRACIÓN DE NEGOCIOS INTERNACIONALES,738614,751.875,285.0,,False
093,ADMINISTRACIÓN DE NEGOCIOS INTERNACIONALES,789933,842.625,142.0,,False
093,ADMINISTRACIÓN DE NEGOCIOS INTERNACIONALES,775991,653.25,443.0,,False
093,ADMINISTRACIÓN DE NEGOCIOS INTERNACIONALES,768335,582.625,522.0,,False
093,ADMINISTRACIÓN DE NEGOCIOS INTERNACIONALES,752931,579.375,531.0,,False
093,ADMINISTRACIÓN DE NEGOCIOS INTERNACIONALES,776175,762.0,270.0,,False
093,ADMINISTRACIÓN DE NEGOCIOS INTERNACIONALES,788667,983.125,49.0,,False
093,ADMINISTRACIÓN DE NEGOCIOS INTERNACIONALES,779431,665.375,429.0,,False
093,ADMINISTRACIÓN DE NEGOCIOS INTERNACIONALES,746064,489.625,609.0,,False
093,ADMINISTRACIÓN DE NEGOCIOS INTERNACIONALES,756762,718.625,338.0,,False
093,ADMINISTRACIÓN DE NEGOCIOS INTERNACIONALES,753558,963.875,56.0,,False
093,ADMINISTRACIÓN DE NEGOCIOS INTERNACIONALES,773349,986.0,45.0,,False
093,ADMINISTRACIÓN DE NEGOCIOS INTERNACIONALES,724953,656.75,440.0,,False
093,ADMINISTRACIÓN DE NEGOCIOS INTERNACIONALES,799537,852.75,135.0,,False
093,ADMINISTRACIÓN DE NEGOCIOS INTERNACIONALES,764428,561.375,554.0,,False
093,ADMINISTRACIÓN DE NEGOCIOS INTERNACIONALES,743140,836.375,154.0,,False
093,ADMINISTRACIÓN DE NEGOCIOS INTERNACIONALES,737218,647.5,450.0,,False
093,ADMINISTRACIÓN DE NEGOCIOS INTERNACIONALES,732709,708.5,361.0,,False
093,ADMINISTRACIÓN DE NEGOCIOS INTERNACIONALES,771781,594.375,507.0,,False
093,ADMINISTRACIÓN DE NEGOCIOS INTERNACIONALES,765068,,,AUSENTE,True
093,ADMINISTRACIÓN DE NEGOCIOS INTERNACIONALES,789913,661.75,431.0,,False
093,ADMINISTRACIÓN DE NEGOCIOS INTERNACIONALES,746676,,,AUSENTE,True
093,ADMINISTRACIÓN DE NEGOCIOS INTERNACIONALES,785914,542.0,576.0,,False
093,ADMINISTRACIÓN DE NEGOCIOS INTERNACIONALES,755495,783.125,232.0,,False
093,ADMINISTRACIÓN DE NEGOCIOS INTERNACIONALES,791908,858.375,119.0,,False
093,ADMINISTRACIÓN DE NEGOCIOS INTERNACIONALES,738705,764.25,264.0,,False
093,ADMINISTRACIÓN DE NEGOCIOS INTERNACIONALES,799350,520.5,592.0,,False
093,ADMINISTRACIÓN DE NEGOCIOS INTERNACIONALES,791118,704.5,368.0,,False
093,ADMINISTRACIÓN DE NEGOCIOS INTERNACIONALES,782205,573.5,541.0,,False
093,ADMINISTRACIÓN DE NEGOCIOS INTERNACIONALES,762981,786.25,227.0,,False
093,ADMINISTRACIÓN DE NEGOCIOS INTERNACIONALES,748107,,,AUSENTE,True
093,ADMINISTRACIÓN DE NEGOCIOS INTERNACIONALES,770648,838.0,151.0,,False
093,ADMINISTRACIÓN DE NEGOCIOS INTERNACIONALES,743346,900.875,88.0,,False
093,ADMINISTRACIÓN DE NEGOCIOS INTERNACIONALES,737662,1003.125,38.0,,False
093,ADMINISTRACIÓN DE NEGOCIOS INTERNACIONALES,743153,766.375,262.0,,False
093,ADMINISTRACIÓN DE NEGOCIOS INTERNACIONALES,721692,855.75,122.0,,False
093,ADMINISTRACIÓN DE NEGOCIOS INTERNACIONALES,792392,676.625,409.0,,False
093,ADMINISTRACIÓN DE NEGOCIOS INTERNACIONALES,767225,730.5,313.0,,False
093,ADMINISTRACIÓN DE NEGOCIOS INTERNACIONALES,762025,583.75,519.0,,False
093,ADMINISTRACIÓN DE NEGOCIOS INTERNACIONALES,781610,797.5,213.0,,False
093,ADMINISTRACIÓN DE NEGOCIOS INTERNACIONALES,733925,856.125,121.0,,False
093,ADMINISTRACIÓN DE NEGOCIOS INTERNACIONALES,767987,836.625,153.0,,False
093,ADMINISTRACIÓN DE NEGOCIOS INTERNACIONALES,787551,665.375,430.0,,False
093,ADMINISTRACIÓN DE NEGOCIOS INTERNACIONALES,745258,817.0,180.0,,False
093,ADMINISTRACIÓN DE NEGOCIOS INTERNACIONALES,777160,441.25,621.0,,False
093,ADMINISTRACIÓN DE NEGOCIOS INTERNACIONALES,737815,880.375,103.0,,False
093,ADMINISTRACIÓN DE NEGOCIOS INTERNACIONALES,752013,648.125,449.0,,False
093,ADMINISTRACIÓN DE NEGOCIOS INTERNACIONALES,755475,441.375,620.0,,False
093,ADMINISTRACIÓN DE NEGOCIOS INTERNACIONALES,767316,889.625,96.0,,False
093,ADMINISTRACIÓN DE NEGOCIOS INTERNACIONALES,790466,455.75,617.0,,False
093,ADMINISTRACIÓN DE NEGOCIOS INTERNACIONALES,748759,612.0,488.0,,False
093,ADMINISTRACIÓN DE NEGOCIOS INTERNACIONALES,741484,600.0,500.0,,False
093,ADMINISTRACIÓN DE NEGOCIOS INTERNACIONALES,796423,604.75,495.0,,False
093,ADMINISTRACIÓN DE NEGOCIOS INTERNACIONALES,775622,693.75,385.0,,False
093,ADMINISTRACIÓN DE NEGOCIOS INTERNACIONALES,793020,591.25,512.0,,False
093,ADMINISTRACIÓN DE NEGOCIOS INTERNACIONALES,737065,703.375,372.0,,False
093,ADMINISTRACIÓN DE NEGOCIOS INTERNACIONALES,794960,1044.0,31.0,,False
093,ADMINISTRACIÓN DE NEGOCIOS INTERNACIONALES,766888,995.0,42.0,,False
093,ADMINISTRACIÓN DE NEGOCIOS INTERNACIONALES,738973,617.125,483.0,,False
093,ADMINISTRACIÓN DE NEGOCIOS INTERNACIONALES,792577,798.625,212.0,,False
093,ADMINISTRACIÓN DE NEGOCIOS INTERNACIONALES,729310,658.25,434.0,,False
093,ADMINISTRACIÓN DE NEGOCIOS INTERNACIONALES,770071,721.5,326.0,,False
093,ADMINISTRACIÓN DE NEGOCIOS INTERNACIONALES,791662,562.0,553.0,,False
093,ADMINISTRACIÓN DE NEGOCIOS INTERNACIONALES,796803,745.625,296.0,,False
093,ADMINISTRACIÓN DE NEGOCIOS INTERNACIONALES,759626,837.75,152.0,,False
093,ADMINISTRACIÓN DE NEGOCIOS INTERNACIONALES,769401,901.125,87.0,,False
093,ADMINISTRACIÓN DE NEGOCIOS INTERNACIONALES,724337,564.125,549.0,,False
093,ADMINISTRACIÓN DE NEGOCIOS INTERNACIONALES,726571,741.625,302.0,,False
093,ADMINISTRACIÓN DE NEGOCIOS INTERNACIONALES,729685,555.5,558.0,,False
093,ADMINISTRACIÓN DE NEGOCIOS INTERNACIONALES,758177,378.375,629.0,,False
093,ADMINISTRACIÓN DE NEGOCIOS INTERNACIONALES,744549,805.75,200.0,,False
093,ADMINISTRACIÓN DE NEGOCIOS INTERNACIONALES,795569,1045.375,30.0,,False
093,ADMINISTRACIÓN DE NEGOCIOS INTERNACIONALES,777184,635.875,463.0,,False
093,ADMINISTRACIÓN DE NEGOCIOS INTERNACIONALES,735637,778.0,240.0,,False
093,ADMINISTRACIÓN DE NEGOCIOS INTERNACIONALES,741817,820.625,174.0,,False
093,ADMINISTRACIÓN DE NEGOCIOS INTERNACIONALES,747359,570.75,542.0,,False
093,ADMINISTRACIÓN DE NEGOCIOS INTERNACIONALES,758421,586.25,518.0,,False
093,ADMINISTRACIÓN DE NEGOCIOS INTERNACIONALES,786874,,,AUSENTE,True
093,ADMINISTRACIÓN DE NEGOCIOS INTERNACIONALES,778264,690.25,392.0,,False
093,ADMINISTRACIÓN DE NEGOCIOS INTERNACIONALES,741576,1024.25,36.0,,False
093,ADMINISTRACIÓN DE NEGOCIOS INTERNACIONALES,727446,944.875,64.0,,False
093,ADMINISTRACIÓN DE NEGOCIOS INTERNACIONALES,782249,718.625,337.0,,False
093,ADMINISTRACIÓN DE NEGOCIOS INTERNACIONALES,796539,776.375,243.0,,False
093,ADMINISTRACIÓN DE NEGOCIOS INTERNACIONALES,759980,714.125,347.0,,False
093,ADMINISTRACIÓN DE NEGOCIOS INTERNACIONALES,749836,838.125,150.0,,False
093,ADMINISTRACIÓN DE NEGOCIOS INTERNACIONALES,766436,794.0,220.0,,False
093,ADMINISTRACIÓN DE NEGOCIOS INTERNACIONALES,744305,,,AUSENTE,True
093,ADMINISTRACIÓN DE NEGOCIOS INTERNACIONALES,779885,566.875,545.0,,False
093,ADMINISTRACIÓN DE NEGOCIOS INTERNACIONALES,740997,594.375,506.0,,False
093,ADMINISTRACIÓN DE NEGOCIOS INTERNACIONALES,724843,1156.125,7.0,,False
093,ADMINISTRACIÓN DE NEGOCIOS INTERNACIONALES,721709,709.25,358.0,,False
093,ADMINISTRACIÓN DE NEGOCIOS INTERNACIONALES,776046,666.75,427.0,,False
093,ADMINISTRACIÓN DE NEGOCIOS INTERNACIONALES,786302,563.5,550.0,,False
093,ADMINISTRACIÓN DE NEGOCIOS INTERNACIONALES,740677,702.625,373.0,,False
093,ADMINISTRACIÓN DE NEGOCIOS INTERNACIONALES,743021,897.5,91.0,,False
093,ADMINISTRACIÓN DE NEGOCIOS INTERNACIONALES,746807,,,AUSENTE,True
093,ADMINISTRACIÓN DE NEGOCIOS INTERNACIONALES,723168,751.875,286.0,,False
093,ADMINISTRACIÓN DE NEGOCIOS INTERNACIONALES,743562,724.875,323.0,,False
093,ADMINISTRACIÓN DE NEGOCIOS INTERNACIONALES,734163,686.0,401.0,,False
093,ADMINISTRACIÓN DE NEGOCIOS INTERNACIONALES,732193,833.5,162.0,,False
093,ADMINISTRACIÓN DE NEGOCIOS INTERNACIONALES,720711,939.75,69.0,,False
093,ADMINISTRACIÓN DE NEGOCIOS INTERNACIONALES,745891,597.5,502.0,,False
093,ADMINISTRACIÓN DE NEGOCIOS INTERNACIONALES,771192,712.75,351.0,,False
093,ADMINISTRACIÓN DE NEGOCIOS INTERNACIONALES,762761,771.5,252.0,,False
093,ADMINISTRACIÓN DE NEGOCIOS INTERNACIONALES,732084,609.875,489.0,,False
093,ADMINISTRACIÓN DE NEGOCIOS INTERNACIONALES,733906,624.75,475.0,,False
093,ADMINISTRACIÓN DE NEGOCIOS INTERNACIONALES,744083,1003.125,39.0,,False
093,ADMINISTRACIÓN DE NEGOCIOS INTERNACIONALES,799611,644.875,452.0,,False
093,ADMINISTRACIÓN DE NEGOCIOS INTERNACIONALES,790097,691.375,389.0,,False
093,ADMINISTRACIÓN DE NEGOCIOS INTERNACIONALES,749191,650.875,445.0,,False
093,ADMINISTRACIÓN DE NEGOCIOS INTERNACIONALES,767071,657.25,438.0,,False
093,ADMINISTRACIÓN DE NEGOCIOS INTERNACIONALES,740363,686.25,399.0,,False
093,ADMINISTRACIÓN DE NEGOCIOS INTERNACIONALES,798511,888.25,100.0,,False
093,ADMINISTRACIÓN DE NEGOCIOS INTERNACIONALES,726854,569.375,543.0,,False
093,ADMINISTRACIÓN DE NEGOCIOS INTERNACIONALES,732880,623.875,478.0,,False
093,ADMINISTRACIÓN DE NEGOCIOS INTERNACIONALES,778763,499.5,604.0,,False
093,ADMINISTRACIÓN DE NEGOCIOS INTERNACIONALES,758957,855.125,131.0,,False
093,ADMINISTRACIÓN DE NEGOCIOS INTERNACIONALES,745688,564.625,548.0,,False
093,ADMINISTRACIÓN DE NEGOCIOS INTERNACIONALES,756795,821.5,173.0,,False
093,ADMINISTRACIÓN DE NEGOCIOS INTERNACIONALES,775839,737.25,305.0,,False
093,ADMINISTRACIÓN DE NEGOCIOS INTERNACIONALES,751217,576.625,533.0,,False
093,ADMINISTRACIÓN DE NEGOCIOS INTERNACIONALES,745224,432.875,623.0,,False
093,ADMINISTRACIÓN DE NEGOCIOS INTERNACIONALES,789726,763.75,265.0,,False
093,ADMINISTRACIÓN DE NEGOCIOS INTERNACIONALES,774374,607.5,491.0,,False
093,ADMINISTRACIÓN DE NEGOCIOS INTERNACIONALES,740438,639.5,460.0,,False
093,ADMINISTRACIÓN DE NEGOCIOS INTERNACIONALES,737885,718.875,336.0,,False
093,ADMINISTRACIÓN DE NEGOCIOS INTERNACIONALES,752165,859.25,116.0,,False
093,ADMINISTRACIÓN DE NEGOCIOS INTERNACIONALES,728433,658.125,436.0,,False
093,ADMINISTRACIÓN DE NEGOCIOS INTERNACIONALES,773945,687.875,394.0,,False
093,ADMINISTRACIÓN DE NEGOCIOS INTERNACIONALES,768019,815.75,184.0,,False
093,ADMINISTRACIÓN DE NEGOCIOS INTERNACIONALES,720299,710.5,356.0,,False
093,ADMINISTRACIÓN DE NEGOCIOS INTERNACIONALES,733271,982.0,50.0,,False
093,ADMINISTRACIÓN DE NEGOCIOS INTERNACIONALES,734523,658.125,435.0,,False
093,ADMINISTRACIÓN DE NEGOCIOS INTERNACIONALES,743026,629.0,471.0,,False
093,ADMINISTRACIÓN DE NEGOCIOS INTERNACIONALES,771411,594.375,505.0,,False
093,ADMINISTRACIÓN DE NEGOCIOS INTERNACIONALES,739398,814.125,188.0,,False
093,ADMINISTRACIÓN DE NEGOCIOS INTERNACIONALES,735974,721.375,327.0,,False
093,ADMINISTRACIÓN DE NEGOCIOS INTERNACIONALES,770722,940.875,67.0,,False
093,ADMINISTRACIÓN DE NEGOCIOS INTERNACIONALES,779953,626.25,473.0,,False
093,ADMINISTRACIÓN DE NEGOCIOS INTERNACIONALES,786524,480.625,610.0,,False
093,ADMINISTRACIÓN DE NEGOCIOS INTERNACIONALES,791028,956.875,58.0,,False
093,ADMINISTRACIÓN DE NEGOCIOS INTERNACIONALES,748532,834.125,157.0,,False
093,ADMINISTRACIÓN DE NEGOCIOS INTERNACIONALES,799963,422.5,624.0,,False
093,ADMINISTRACIÓN DE NEGOCIOS INTERNACIONALES,788239,690.25,393.0,,False
093,ADMINISTRACIÓN DE NEGOCIOS INTERNACIONALES,793464,669.125,420.0,,False
093,ADMINISTRACIÓN DE NEGOCIOS INTERNACIONALES,737684,1024.25,34.0,,False
093,ADMINISTRACIÓN DE NEGOCIOS INTERNACIONALES,746042,813.0,191.0,,False
093,ADMINISTRACIÓN DE NEGOCIOS INTERNACIONALES,757804,910.625,80.0,,False
093,ADMINISTRACIÓN DE NEGOCIOS INTERNACIONALES,725898,551.375,564.0,,False
093,ADMINISTRACIÓN DE NEGOCIOS INTERNACIONALES,755105,757.0,277.0,,False
093,ADMINISTRACIÓN DE NEGOCIOS INTERNACIONALES,760561,621.125,481.0,,False
093,ADMINISTRACIÓN DE NEGOCIOS INTERNACIONALES,793408,857.5,120.0,,False
093,ADMINISTRACIÓN DE NEGOCIOS INTERNACIONALES,751699,742.0,301.0,,False
093,ADMINISTRACIÓN DE NEGOCIOS INTERNACIONALES,786786,749.875,288.0,,False
093,ADMINISTRACIÓN DE NEGOCIOS INTERNACIONALES,777055,920.0,77.0,,False
093,ADMINISTRACIÓN DE NEGOCIOS INTERNACIONALES,781460,816.0,183.0,,False
093,ADMINISTRACIÓN DE NEGOCIOS INTERNACIONALES,770762,986.25,44.0,,False
093,ADMINISTRACIÓN DE NEGOCIOS INTERNACIONALES,720648,554.875,561.0,,False
093,ADMINISTRACIÓN DE NEGOCIOS INTERNACIONALES,775245,761.25,271.0,,False
093,ADMINISTRACIÓN DE NEGOCIOS INTERNACIONALES,725882,818.125,176.0,,False
093,ADMINISTRACIÓN DE NEGOCIOS INTERNACIONALES,781683,798.875,211.0,,False
093,ADMINISTRACIÓN DE NEGOCIOS INTERNACIONALES,774204,632.375,466.0,,False
093,ADMINISTRACIÓN DE NEGOCIOS INTERNACIONALES,729795,855.25,127.0,,False
093,ADMINISTRACIÓN DE NEGOCIOS INTERNACIONALES,762066,755.25,279.0,,False
093,ADMINISTRACIÓN DE NEGOCIOS INTERNACIONALES,740029,456.0,616.0,,False
093,ADMINISTRACIÓN DE NEGOCIOS INTERNACIONALES,767389,842.0,143.0,,False
093,ADMINISTRACIÓN DE NEGOCIOS INTERNACIONALES,788270,537.875,580.0,,False
093,ADMINISTRACIÓN DE NEGOCIOS INTERNACIONALES,775231,859.25,118.0,,False
093,ADMINISTRACIÓN DE NEGOCIOS INTERNACIONALES,728264,855.75,123.0,,False
093,ADMINISTRACIÓN DE NEGOCIOS INTERNACIONALES,747679,913.25,79.0,,False
093,ADMINISTRACIÓN DE NEGOCIOS INTERNACIONALES,724150,592.375,510.0,,False
093,ADMINISTRACIÓN DE NEGOCIOS INTERNACIONALES,721899,533.875,582.0,,False
093,ADMINISTRACIÓN DE NEGOCIOS INTERNACIONALES,789333,973.25,52.0,,False
093,ADMINISTRACIÓN DE NEGOCIOS INTERNACIONALES,754493,525.75,589.0,,False
093,ADMINISTRACIÓN DE NEGOCIOS INTERNACIONALES,796796,719.875,334.0,,False
093,ADMINISTRACIÓN DE NEGOCIOS INTERNACIONALES,773476,885.375,102.0,,False
093,ADMINISTRACIÓN DE NEGOCIOS INTERNACIONALES,768207,669.125,422.0,,False
093,ADMINISTRACIÓN DE NEGOCIOS INTERNACIONALES,738969,771.0,253.0,,False
093,ADMINISTRACIÓN DE NEGOCIOS INTERNACIONALES,775098,691.375,388.0,,False
093,ADMINISTRACIÓN DE NEGOCIOS INTERNACIONALES,725772,598.625,501.0,,False
093,ADMINISTRACIÓN DE NEGOCIOS INTERNACIONALES,736099,630.625,470.0,,False
093,ADMINISTRACIÓN DE NEGOCIOS INTERNACIONALES,759703,352.375,635.0,,False
093,ADMINISTRACIÓN DE NEGOCIOS INTERNACIONALES,747383,758.375,276.0,,False
093,ADMINISTRACIÓN DE NEGOCIOS INTERNACIONALES,737421,789.625,224.0,,False
093,ADMINISTRACIÓN DE NEGOCIOS INTERNACIONALES,747210,715.25,345.0,,False
093,ADMINISTRACIÓN DE NEGOCIOS INTERNACIONALES,796538,803.375,203.0,,False
093,ADMINISTRACIÓN DE NEGOCIOS INTERNACIONALES,754975,650.0,446.0,,False
093,ADMINISTRACIÓN DE NEGOCIOS INTERNACIONALES,779675,783.75,231.0,,False
093,ADMINISTRACIÓN DE NEGOCIOS INTERNACIONALES,764080,,,AUSENTE,True
093,ADMINISTRACIÓN DE NEGOCIOS INTERNACIONALES,771859,397.25,627.0,,False
093,ADMINISTRACIÓN DE NEGOCIOS INTERNACIONALES,734725,507.625,598.0,,False
093,ADMINISTRACIÓN DE NEGOCIOS INTERNACIONALES,774110,747.625,292.0,,False
093,ADMINISTRACIÓN DE NEGOCIOS INTERNACIONALES,790736,586.25,517.0,,False
093,ADMINISTRACIÓN DE NEGOCIOS INTERNACIONALES,733125,473.75,611.0,,False
093,ADMINISTRACIÓN DE NEGOCIOS INTERNACIONALES,738113,732.5,310.0,,False
093,ADMINISTRACIÓN DE NEGOCIOS INTERNACIONALES,778147,802.0,204.0,,False
093,ADMINISTRACIÓN DE NEGOCIOS INTERNACIONALES,794897,813.5,189.0,,False
093,ADMINISTRACIÓN DE NEGOCIOS INTERNACIONALES,732379,704.25,369.0,,False
093,ADMINISTRACIÓN DE NEGOCIOS INTERNACIONALES,745012,841.75,144.0,,False
093,ADMINISTRACIÓN DE NEGOCIOS INTERNACIONALES,728490,671.875,416.0,,False
093,ADMINISTRACIÓN DE NEGOCIOS INTERNACIONALES,776061,845.875,141.0,,False
093,ADMINISTRACIÓN DE NEGOCIOS INTERNACIONALES,777754,618.5,482.0,,False
093,ADMINISTRACIÓN DE NEGOCIOS INTERNACIONALES,781184,706.5,364.0,,False
093,ADMINISTRACIÓN DE NEGOCIOS INTERNACIONALES,734968,517.75,594.0,,False
093,ADMINISTRACIÓN DE NEGOCIOS INTERNACIONALES,788612,779.125,238.0,,False
093,ADMINISTRACIÓN DE NEGOCIOS INTERNACIONALES,775168,699.375,378.0,,False
093,ADMINISTRACIÓN DE NEGOCIOS INTERNACIONALES,763926,672.75,415.0,,False
093,ADMINISTRACIÓN DE NEGOCIOS INTERNACIONALES,721250,716.375,343.0,,False
093,ADMINISTRACIÓN DE NEGOCIOS INTERNACIONALES,781743,729.625,315.0,,False
093,ADMINISTRACIÓN DE NEGOCIOS INTERNACIONALES,783640,973.875,51.0,,False
093,ADMINISTRACIÓN DE NEGOCIOS INTERNACIONALES,763310,673.25,414.0,,False
093,ADMINISTRACIÓN DE NEGOCIOS INTERNACIONALES,783362,826.75,166.0,,False
093,ADMINISTRACIÓN DE NEGOCIOS INTERNACIONALES,763654,640.875,458.0,,False
093,ADMINISTRACIÓN DE NEGOCIOS INTERNACIONALES,768098,632.0,468.0,,False
093,ADMINISTRACIÓN DE NEGOCIOS INTERNACIONALES,731294,448.75,618.0,,False
093,ADMINISTRACIÓN DE NEGOCIOS INTERNACIONALES,721005,804.75,201.0,,False
093,ADMINISTRACIÓN DE NEGOCIOS INTERNACIONALES,721957,855.25,124.0,,False
093,ADMINISTRACIÓN DE NEGOCIOS INTERNACIONALES,777606,683.875,403.0,,False
093,ADMINISTRACIÓN DE NEGOCIOS INTERNACIONALES,733612,778.25,239.0,,False
093,ADMINISTRACIÓN DE NEGOCIOS INTERNACIONALES,751649,744.875,297.0,,False
093,ADMINISTRACIÓN DE NEGOCIOS INTERNACIONALES,720655,403.625,626.0,,False
093,ADMINISTRACIÓN DE NEGOCIOS INTERNACIONALES,767111,777.0,242.0,,False
093,ADMINISTRACIÓN DE NEGOCIOS INTERNACIONALES,780067,530.75,585.0,,False
093,ADMINISTRACIÓN DE NEGOCIOS INTERNACIONALES,776119,943.25,65.0,,False
093,ADMINISTRACIÓN DE NEGOCIOS INTERNACIONALES,731278,580.625,528.0,,False
093,ADMINISTRACIÓN DE NEGOCIOS INTERNACIONALES,723106,1087.625,18.0,,False
093,ADMINISTRACIÓN DE NEGOCIOS INTERNACIONALES,722849,1079.375,19.0,,False
093,ADMINISTRACIÓN DE NEGOCIOS INTERNACIONALES,739003,566.375,546.0,,False
093,ADMINISTRACIÓN DE NEGOCIOS INTERNACIONALES,764687,1214.375,4.0,,False
093,ADMINISTRACIÓN DE NEGOCIOS INTERNACIONALES,785465,943.125,66.0,,False
093,ADMINISTRACIÓN DE NEGOCIOS INTERNACIONALES,783065,518.75,593.0,,False
093,ADMINISTRACIÓN DE NEGOCIOS INTERNACIONALES,794008,889.0,98.0,,False
093,ADMINISTRACIÓN DE NEGOCIOS INTERNACIONALES,750120,910.0,82.0,,False
093,ADMINISTRACIÓN DE NEGOCIOS INTERNACIONALES,785888,,,AUSENTE,True
093,ADMINISTRACIÓN DE NEGOCIOS INTERNACIONALES,795036,550.75,568.0,,False
093,ADMINISTRACIÓN DE NEGOCIOS INTERNACIONALES,762848,1005.625,37.0,,False
093,ADMINISTRACIÓN DE NEGOCIOS INTERNACIONALES,763059,500.375,603.0,,False
093,ADMINISTRACIÓN DE NEGOCIOS INTERNACIONALES,730405,892.75,94.0,,False
093,ADMINISTRACIÓN DE NEGOCIOS INTERNACIONALES,784480,1087.625,17.0,,False
093,ADMINISTRACIÓN DE NEGOCIOS INTERNACIONALES,751480,749.5,289.0,,False
093,ADMINISTRACIÓN DE NEGOCIOS INTERNACIONALES,752148,625.375,474.0,,False
093,ADMINISTRACIÓN DE NEGOCIOS INTERNACIONALES,797410,674.25,410.0,,False
093,ADMINISTRACIÓN DE NEGOCIOS INTERNACIONALES,724732,855.25,125.0,,False
093,ADMINISTRACIÓN DE NEGOCIOS INTERNACIONALES,767820,788.875,226.0,,False
093,ADMINISTRACIÓN DE NEGOCIOS INTERNACIONALES,740959,563.5,551.0,,False
093,ADMINISTRACIÓN DE NEGOCIOS INTERNACIONALES,773683,738.0,304.0,,False
093,ADMINISTRACIÓN DE NEGOCIOS INTERNACIONALES,726683,774.625,248.0,,False
093,ADMINISTRACIÓN DE NEGOCIOS INTERNACIONALES,762734,466.625,613.0,,False
093,ADMINISTRACIÓN DE NEGOCIOS INTERNACIONALES,723263,726.5,322.0,,False
093,ADMINISTRACIÓN DE NEGOCIOS INTERNACIONALES,794341,805.875,199.0,,False
093,ADMINISTRACIÓN DE NEGOCIOS INTERNACIONALES,764637,711.375,353.0,,False
093,ADMINISTRACIÓN DE NEGOCIOS INTERNACIONALES,771469,718.875,335.0,,False
093,ADMINISTRACIÓN DE NEGOCIOS INTERNACIONALES,742734,774.625,249.0,,False
093,ADMINISTRACIÓN DE NEGOCIOS INTERNACIONALES,789210,766.75,261.0,,False
093,ADMINISTRACIÓN DE NEGOCIOS INTERNACIONALES,749746,674.25,411.0,,False
093,ADMINISTRACIÓN DE NEGOCIOS INTERNACIONALES,798233,606.875,492.0,,False
093,ADMINISTRACIÓN DE NEGOCIOS INTERNACIONALES,797428,728.5,320.0,,False
093,ADMINISTRACIÓN DE NEGOCIOS INTERNACIONALES,784723,668.375,425.0,,False
093,ADMINISTRACIÓN DE NEGOCIOS INTERNACIONALES,769645,986.0,46.0,,False
093,ADMINISTRACIÓN DE NEGOCIOS INTERNACIONALES,747163,753.25,284.0,,False
093,ADMINISTRACIÓN DE NEGOCIOS INTERNACIONALES,728770,770.375,256.0,,False
093,ADMINISTRACIÓN DE NEGOCIOS INTERNACIONALES,766685,712.25,352.0,,False
093,ADMINISTRACIÓN DE NEGOCIOS INTERNACIONALES,787362,847.625,138.0,,False
093,ADMINISTRACIÓN DE NEGOCIOS INTERNACIONALES,732329,551.0,566.0,,False
093,ADMINISTRACIÓN DE NEGOCIOS INTERNACIONALES,728763,720.625,330.0,,False
093,ADMINISTRACIÓN DE NEGOCIOS INTERNACIONALES,746895,846.75,139.0,,False
093,ADMINISTRACIÓN DE NEGOCIOS INTERNACIONALES,768196,904.875,84.0,,False
093,ADMINISTRACIÓN DE NEGOCIOS INTERNACIONALES,751572,542.375,575.0,,False
093,ADMINISTRACIÓN DE NEGOCIOS INTERNACIONALES,761938,777.25,241.0,,False
093,ADMINISTRACIÓN DE NEGOCIOS INTERNACIONALES,762497,789.625,223.0,,False
093,ADMINISTRACIÓN DE NEGOCIOS INTERNACIONALES,773142,859.75,114.0,,False
093,ADMINISTRACIÓN DE NEGOCIOS INTERNACIONALES,789430,536.25,581.0,,False
093,ADMINISTRACIÓN DE NEGOCIOS INTERNACIONALES,774388,605.75,494.0,,False
093,ADMINISTRACIÓN DE NEGOCIOS INTERNACIONALES,727702,897.5,93.0,,False
093,ADMINISTRACIÓN DE NEGOCIOS INTERNACIONALES,781094,590.0,513.0,,False
093,ADMINISTRACIÓN DE NEGOCIOS INTERNACIONALES,760117,729.625,316.0,,False
093,ADMINISTRACIÓN DE NEGOCIOS INTERNACIONALES,773156,661.5,432.0,,False
093,ADMINISTRACIÓN DE NEGOCIOS INTERNACIONALES,780622,551.25,565.0,,False
093,ADMINISTRACIÓN DE NEGOCIOS INTERNACIONALES,787122,720.875,329.0,,False
093,ADMINISTRACIÓN DE NEGOCIOS INTERNACIONALES,751899,557.75,556.0,,False
093,ADMINISTRACIÓN DE NEGOCIOS INTERNACIONALES,799500,1049.125,27.0,,False
093,ADMINISTRACIÓN DE NEGOCIOS INTERNACIONALES,780639,892.25,95.0,,False
093,ADMINISTRACIÓN DE NEGOCIOS INTERNACIONALES,790321,747.875,291.0,,False
093,ADMINISTRACIÓN DE NEGOCIOS INTERNACIONALES,768224,775.875,244.0,,False
093,ADMINISTRACIÓN DE NEGOCIOS INTERNACIONALES,773919,730.75,312.0,,False
093,ADMINISTRACIÓN DE NEGOCIOS INTERNACIONALES,775362,604.0,496.0,,False
093,ADMINISTRACIÓN DE NEGOCIOS INTERNACIONALES,756313,954.0,60.0,,False
093,ADMINISTRACIÓN DE NEGOCIOS INTERNACIONALES,733027,720.625,331.0,,False
093,ADMINISTRACIÓN DE NEGOCIOS INTERNACIONALES,736105,854.875,133.0,,False
093,ADMINISTRACIÓN DE NEGOCIOS INTERNACIONALES,778112,795.875,217.0,,False
093,ADMINISTRACIÓN DE NEGOCIOS INTERNACIONALES,766457,855.25,126.0,,False
093,ADMINISTRACIÓN DE NEGOCIOS INTERNACIONALES,777202,644.25,453.0,,False
093,ADMINISTRACIÓN DE NEGOCIOS INTERNACIONALES,777724,862.0,111.0,,False
093,ADMINISTRACIÓN DE NEGOCIOS INTERNACIONALES,796541,796.0,215.0,,False
093,ADMINISTRACIÓN DE NEGOCIOS INTERNACIONALES,736268,782.875,233.0,,False
093,ADMINISTRACIÓN DE NEGOCIOS INTERNACIONALES,730334,748.375,290.0,,False
093,ADMINISTRACIÓN DE NEGOCIOS INTERNACIONALES,786688,555.5,559.0,,False
093,ADMINISTRACIÓN DE NEGOCIOS INTERNACIONALES,790527,589.125,515.0,,False
093,ADMINISTRACIÓN DE NEGOCIOS INTERNACIONALES,732105,732.75,308.0,,False
093,ADMINISTRACIÓN DE NEGOCIOS INTERNACIONALES,724132,815.0,186.0,,False
093,ADMINISTRACIÓN DE NEGOCIOS INTERNACIONALES,798364,462.125,615.0,,False
093,ADMINISTRACIÓN DE NEGOCIOS INTERNACIONALES,790934,769.875,257.0,,False
093,ADMINISTRACIÓN DE NEGOCIOS INTERNACIONALES,794749,581.75,525.0,,False
093,ADMINISTRACIÓN DE NEGOCIOS INTERNACIONALES,757748,529.875,586.0,,False
093,ADMINISTRACIÓN DE NEGOCIOS INTERNACIONALES,750020,705.375,366.0,,False
093,ADMINISTRACIÓN DE NEGOCIOS INTERNACIONALES,751700,968.75,54.0,,False
093,ADMINISTRACIÓN DE NEGOCIOS INTERNACIONALES,766400,800.375,206.0,,False
093,ADMINISTRACIÓN DE NEGOCIOS INTERNACIONALES,782652,1092.125,14.0,,False
093,ADMINISTRACIÓN DE NEGOCIOS INTERNACIONALES,797874,606.25,493.0,,False
093,ADMINISTRACIÓN DE NEGOCIOS INTERNACIONALES,760543,582.125,523.0,,False
093,ADMINISTRACIÓN DE NEGOCIOS INTERNACIONALES,793245,935.75,71.0,,False
093,ADMINISTRACIÓN DE NEGOCIOS INTERNACIONALES,757785,763.375,267.0,,False
093,ADMINISTRACIÓN DE NEGOCIOS INTERNACIONALES,745279,1024.25,35.0,,False
093,ADMINISTRACIÓN DE NEGOCIOS INTERNACIONALES,772504,674.125,413.0,,False
093,ADMINISTRACIÓN DE NEGOCIOS INTERNACIONALES,781720,574.25,538.0,,False
093,ADMINISTRACIÓN DE NEGOCIOS INTERNACIONALES,769239,732.625,309.0,,False
093,ADMINISTRACIÓN DE NEGOCIOS INTERNACIONALES,782227,521.5,591.0,,False
093,ADMINISTRACIÓN DE NEGOCIOS INTERNACIONALES,793043,796.0,214.0,,False
093,ADMINISTRACIÓN DE NEGOCIOS INTERNACIONALES,761436,708.5,360.0,,False
093,ADMINISTRACIÓN DE NEGOCIOS INTERNACIONALES,773458,1024.5,33.0,,False
093,ADMINISTRACIÓN DE NEGOCIOS INTERNACIONALES,792873,888.25,99.0,,False
093,ADMINISTRACIÓN DE NEGOCIOS INTERNACIONALES,730760,1068.125,22.0,,False
093,ADMINISTRACIÓN DE NEGOCIOS INTERNACIONALES,797415,816.625,181.0,,False
093,ADMINISTRACIÓN DE NEGOCIOS INTERNACIONALES,744683,681.0,407.0,,False
093,ADMINISTRACIÓN DE NEGOCIOS INTERNACIONALES,745205,785.375,228.0,,False
093,ADMINISTRACIÓN DE NEGOCIOS INTERNACIONALES,720052,1066.5,25.0,,False
093,ADMINISTRACIÓN DE NEGOCIOS INTERNACIONALES,784084,834.125,158.0,,False
093,ADMINISTRACIÓN DE NEGOCIOS INTERNACIONALES,733402,644.0,454.0,,False
093,ADMINISTRACIÓN DE NEGOCIOS INTERNACIONALES,796459,376.125,630.0,,False
093,ADMINISTRACIÓN DE NEGOCIOS INTERNACIONALES,777381,507.25,599.0,,False
093,ADMINISTRACIÓN DE NEGOCIOS INTERNACIONALES,733386,918.625,78.0,,False
093,ADMINISTRACIÓN DE NEGOCIOS INTERNACIONALES,758601,800.375,207.0,,False
093,ADMINISTRACIÓN DE NEGOCIOS INTERNACIONALES,753921,728.5,319.0,,False
093,ADMINISTRACIÓN DE NEGOCIOS INTERNACIONALES,739788,722.625,325.0,,False
093,ADMINISTRACIÓN DE NEGOCIOS INTERNACIONALES,737180,855.25,130.0,,False
093,ADMINISTRACIÓN DE NEGOCIOS INTERNACIONALES,764343,763.375,266.0,,False
093,ADMINISTRACIÓN DE NEGOCIOS INTERNACIONALES,778016,851.25,137.0,,False
093,ADMINISTRACIÓN DE NEGOCIOS INTERNACIONALES,790456,813.25,190.0,,False
093,ADMINISTRACIÓN DE NEGOCIOS INTERNACIONALES,731190,746.5,295.0,,False
093,ADMINISTRACIÓN DE NEGOCIOS INTERNACIONALES,766031,613.875,486.0,,False
093,ADMINISTRACIÓN DE NEGOCIOS INTERNACIONALES,762892,717.0,342.0,,False
093,ADMINISTRACIÓN DE NEGOCIOS INTERNACIONALES,777083,825.375,168.0,,False
093,ADMINISTRACIÓN DE NEGOCIOS INTERNACIONALES,762571,546.625,570.0,,False
093,ADMINISTRACIÓN DE NEGOCIOS INTERNACIONALES,794397,687.375,396.0,,False
093,ADMINISTRACIÓN DE NEGOCIOS INTERNACIONALES,748421,553.5,562.0,,False
093,ADMINISTRACIÓN DE NEGOCIOS INTERNACIONALES,736116,984.5,48.0,,False
093,ADMINISTRACIÓN DE NEGOCIOS INTERNACIONALES,794267,965.125,55.0,,False
093,ADMINISTRACIÓN DE NEGOCIOS INTERNACIONALES,789076,691.75,387.0,,False
093,ADMINISTRACIÓN DE NEGOCIOS INTERNACIONALES,762306,492.625,608.0,,False
093,ADMINISTRACIÓN DE NEGOCIOS INTERNACIONALES,755085,582.625,521.0,,False
093,ADMINISTRACIÓN DE NEGOCIOS INTERNACIONALES,728479,641.625,457.0,,False
093,ADMINISTRACIÓN DE NEGOCIOS INTERNACIONALES,768750,670.25,419.0,,False
093,ADMINISTRACIÓN DE NEGOCIOS INTERNACIONALES,753246,687.375,397.0,,False
093,ADMINISTRACIÓN DE NEGOCIOS INTERNACIONALES,728114,538.25,579.0,,False
093,ADMINISTRACIÓN DE NEGOCIOS INTERNACIONALES,799830,525.125,590.0,,False
093,ADMINISTRACIÓN DE NEGOCIOS INTERNACIONALES,731690,1172.125,6.0,,False
093,ADMINISTRACIÓN DE NEGOCIOS INTERNACIONALES,761918,1074.375,21.0,,False
093,ADMINISTRACIÓN DE NEGOCIOS INTERNACIONALES,755269,646.25,451.0,,False
093,ADMINISTRACIÓN DE NEGOCIOS INTERNACIONALES,744717,835.25,155.0,,False
093,ADMINISTRACIÓN DE NEGOCIOS INTERNACIONALES,723910,852.375,136.0,,False
093,ADMINISTRACIÓN DE NEGOCIOS INTERNACIONALES,770517,713.625,348.0,,False
093,ADMINISTRACIÓN DE NEGOCIOS INTERNACIONALES,720672,793.5,221.0,,False
093,ADMINISTRACIÓN DE NEGOCIOS INTERNACIONALES,736476,640.375,459.0,,False
093,ADMINISTRACIÓN DE NEGOCIOS INTERNACIONALES,739752,800.875,205.0,,False
093,ADMINISTRACIÓN DE NEGOCIOS INTERNACIONALES,798269,744.125,300.0,,False
093,ADMINISTRACIÓN DE NEGOCIOS INTERNACIONALES,728216,806.5,198.0,,False
093,ADMINISTRACIÓN DE NEGOCIOS INTERNACIONALES,769778,1327.375,1.0,,False
093,ADMINISTRACIÓN DE NEGOCIOS INTERNACIONALES,789745,770.75,254.0,,False
093,ADMINISTRACIÓN DE NEGOCIOS INTERNACIONALES,741090,991.0,43.0,,False
093,ADMINISTRACIÓN DE NEGOCIOS INTERNACIONALES,773941,821.75,172.0,,False
093,ADMINISTRACIÓN DE NEGOCIOS INTERNACIONALES,761470,922.625,75.0,,False
093,ADMINISTRACIÓN DE NEGOCIOS INTERNACIONALES,783642,639.125,462.0,,False
093,ADMINISTRACIÓN DE NEGOCIOS INTERNACIONALES,753691,565.75,547.0,,False
093,ADMINISTRACIÓN DE NEGOCIOS INTERNACIONALES,732864,889.375,97.0,,False
093,ADMINISTRACIÓN DE NEGOCIOS INTERNACIONALES,764966,632.125,467.0,,False
092,ADMINISTRACIÓN DE TURISMO,749371,638.375,62.0,,False
092,ADMINISTRACIÓN DE TURISMO,744626,782.75,24.0,,False
092,ADMINISTRACIÓN DE TURISMO,756093,663.375,56.0,,False
092,ADMINISTRACIÓN DE TURISMO,770781,761.125,32.0,,False
092,ADMINISTRACIÓN DE TURISMO,784775,693.75,47.0,,False
092,ADMINISTRACIÓN DE TURISMO,757149,921.125,2.0,,False
092,ADMINISTRACIÓN DE TURISMO,768062,897.5,5.0,,False
092,ADMINISTRACIÓN DE TURISMO,796617,676.0,53.0,,False
092,ADMINISTRACIÓN DE TURISMO,773234,661.125,57.0,,False
092,ADMINISTRACIÓN DE TURISMO,738465,772.25,29.0,,False
092,ADMINISTRACIÓN DE TURISMO,793077,718.125,44.0,,False
092,ADMINISTRACIÓN DE TURISMO,759595,585.375,73.0,,False
092,ADMINISTRACIÓN DE TURISMO,763165,772.875,28.0,,False
092,ADMINISTRACIÓN DE TURISMO,735508,501.375,88.0,,False
092,ADMINISTRACIÓN DE TURISMO,722826,682.125,51.0,,False
092,ADMINISTRACIÓN DE TURISMO,787042,720.5,40.0,,False
092,ADMINISTRACIÓN DE TURISMO,747788,776.625,27.0,,False
092,ADMINISTRACIÓN DE TURISMO,720911,798.5,19.0,,False
092,ADMINISTRACIÓN DE TURISMO,755646,653.875,60.0,,False
092,ADMINISTRACIÓN DE TURISMO,776547,885.375,7.0,,False
092,ADMINISTRACIÓN DE TURISMO,742766,448.375,92.0,,False
092,ADMINISTRACIÓN DE TURISMO,785336,705.625,46.0,,False
092,ADMINISTRACIÓN DE TURISMO,754418,749.625,35.0,,False
092,ADMINISTRACIÓN DE TURISMO,743005,537.5,84.0,,False
092,ADMINISTRACIÓN DE TURISMO,730422,666.0,55.0,,False
092,ADMINISTRACIÓN DE TURISMO,794933,634.375,64.0,,False
092,ADMINISTRACIÓN DE TURISMO,790784,751.25,34.0,,False
092,ADMINISTRACIÓN DE TURISMO,756069,797.5,21.0,,False
092,ADMINISTRACIÓN DE TURISMO,760926,594.5,71.0,,False
092,ADMINISTRACIÓN DE TURISMO,730575,803.375,17.0,,False
092,ADMINISTRACIÓN DE TURISMO,752409,618.875,66.0,,False
092,ADMINISTRACIÓN DE TURISMO,790279,718.875,42.0,,False
092,ADMINISTRACIÓN DE TURISMO,776643,613.75,68.0,,False
092,ADMINISTRACIÓN DE TURISMO,760134,381.625,95.0,,False
092,ADMINISTRACIÓN DE TURISMO,721328,753.25,33.0,,False
092,ADMINISTRACIÓN DE TURISMO,796348,587.875,72.0,,False
092,ADMINISTRACIÓN DE TURISMO,788983,744.0,36.0,,False
092,ADMINISTRACIÓN DE TURISMO,766348,405.0,94.0,,False
092,ADMINISTRACIÓN DE TURISMO,773943,684.25,50.0,,False
092,ADMINISTRACIÓN DE TURISMO,784669,636.0,63.0,,False
092,ADMINISTRACIÓN DE TURISMO,755067,918.625,3.0,,False
092,ADMINISTRACIÓN DE TURISMO,742673,718.75,43.0,,False
092,ADMINISTRACIÓN DE TURISMO,790640,720.625,39.0,,False
092,ADMINISTRACIÓN DE TURISMO,763832,610.875,70.0,,False
092,ADMINISTRACIÓN DE TURISMO,721542,579.5,75.0,,False
092,ADMINISTRACIÓN DE TURISMO,742931,781.25,25.0,,False
092,ADMINISTRACIÓN DE TURISMO,776681,472.25,91.0,,False
092,ADMINISTRACIÓN DE TURISMO,758806,480.25,90.0,,False
092,ADMINISTRACIÓN DE TURISMO,748365,644.5,61.0,,False
092,ADMINISTRACIÓN DE TURISMO,758210,798.125,20.0,,False
092,ADMINISTRACIÓN DE TURISMO,770536,574.875,76.0,,False
092,ADMINISTRACIÓN DE TURISMO,797949,876.375,9.0,,False
092,ADMINISTRACIÓN DE TURISMO,721621,655.5,59.0,,False
092,ADMINISTRACIÓN DE TURISMO,753933,565.625,78.0,,False
092,ADMINISTRACIÓN DE TURISMO,755819,532.75,86.0,,False
092,ADMINISTRACIÓN DE TURISMO,796740,795.5,23.0,,False
092,ADMINISTRACIÓN DE TURISMO,723538,856.625,11.0,,False
092,ADMINISTRACIÓN DE TURISMO,743381,612.0,69.0,,False
092,ADMINISTRACIÓN DE TURISMO,777253,895.75,6.0,,False
092,ADMINISTRACIÓN DE TURISMO,741443,631.375,65.0,,False
092,ADMINISTRACIÓN DE TURISMO,796813,552.875,81.0,,False
092,ADMINISTRACIÓN DE TURISMO,790580,719.25,41.0,,False
092,ADMINISTRACIÓN DE TURISMO,773621,517.75,87.0,,False
092,ADMINISTRACIÓN DE TURISMO,763849,909.375,4.0,,False
092,ADMINISTRACIÓN DE TURISMO,796409,484.25,89.0,,False
092,ADMINISTRACIÓN DE TURISMO,728043,,,AUSENTE,True
092,ADMINISTRACIÓN DE TURISMO,726219,667.125,54.0,,False
092,ADMINISTRACIÓN DE TURISMO,768558,678.25,52.0,,False
092,ADMINISTRACIÓN DE TURISMO,723442,616.5,67.0,,False
092,ADMINISTRACIÓN DE TURISMO,754047,707.625,45.0,,False
092,ADMINISTRACIÓN DE TURISMO,796967,872.625,10.0,,False
092,ADMINISTRACIÓN DE TURISMO,785541,817.0,16.0,,False
092,ADMINISTRACIÓN DE TURISMO,787116,838.125,13.0,,False
092,ADMINISTRACIÓN DE TURISMO,762574,657.125,58.0,,False
092,ADMINISTRACIÓN DE TURISMO,750824,876.375,8.0,,False
092,ADMINISTRACIÓN DE TURISMO,742452,853.75,12.0,,False
092,ADMINISTRACIÓN DE TURISMO,776177,412.75,93.0,,False
092,ADMINISTRACIÓN DE TURISMO,779823,572.0,77.0,,False
092,ADMINISTRACIÓN DE TURISMO,764114,580.0,74.0,,False
092,ADMINISTRACIÓN DE TURISMO,768471,770.875,30.0,,False
092,ADMINISTRACIÓN DE TURISMO,777216,798.625,18.0,,False
092,ADMINISTRACIÓN DE TURISMO,748030,735.625,38.0,,False
092,ADMINISTRACIÓN DE TURISMO,724915,737.75,37.0,,False
092,ADMINISTRACIÓN DE TURISMO,743264,796.625,22.0,,False
092,ADMINISTRACIÓN DE TURISMO,797582,778.875,26.0,,False
092,ADMINISTRACIÓN DE TURISMO,789445,556.625,80.0,,False
092,ADMINISTRACIÓN DE TURISMO,755325,834.125,15.0,,False
092,ADMINISTRACIÓN DE TURISMO,720650,834.125,14.0,,False
092,ADMINISTRACIÓN DE TURISMO,736275,536.375,85.0,,False
092,ADMINISTRACIÓN DE TURISMO,794307,766.75,31.0,,False
092,ADMINISTRACIÓN DE TURISMO,760964,544.75,83.0,,False
092,ADMINISTRACIÓN DE TURISMO,774853,,,AUSENTE,True
092,ADMINISTRACIÓN DE TURISMO,778359,556.875,79.0,,False
092,ADMINISTRACIÓN DE TURISMO,796559,686.5,49.0,,False
092,ADMINISTRACIÓN DE TURISMO,765679,545.625,82.0,,False
092,ADMINISTRACIÓN DE TURISMO,730775,988.75,1.0,,False
092,ADMINISTRACIÓN DE TURISMO,737109,689.375,48.0,,False
095,ADMINISTRACIÓN MARÍTIMA Y PORTUARIA,738258,534.75,57.0,,False
095,ADMINISTRACIÓN MARÍTIMA Y PORTUARIA,783979,795.0,23.0,,False
095,ADMINISTRACIÓN MARÍTIMA Y PORTUARIA,784863,926.0,8.0,,False
095,ADMINISTRACIÓN MARÍTIMA Y PORTUARIA,750671,824.75,20.0,,False
095,ADMINISTRACIÓN MARÍTIMA Y PORTUARIA,754488,860.75,15.0,,False
095,ADMINISTRACIÓN MARÍTIMA Y PORTUARIA,735134,935.75,7.0,,False
095,ADMINISTRACIÓN MARÍTIMA Y PORTUARIA,760783,541.75,55.0,,False
095,ADMINISTRACIÓN MARÍTIMA Y PORTUARIA,763850,871.0,12.0,,False
095,ADMINISTRACIÓN MARÍTIMA Y PORTUARIA,752945,878.625,11.0,,False
095,ADMINISTRACIÓN MARÍTIMA Y PORTUARIA,721306,902.0,9.0,,False
095,ADMINISTRACIÓN MARÍTIMA Y PORTUARIA,775360,841.5,17.0,,False
095,ADMINISTRACIÓN MARÍTIMA Y PORTUARIA,788294,733.625,29.0,,False
095,ADMINISTRACIÓN MARÍTIMA Y PORTUARIA,799259,879.375,10.0,,False
095,ADMINISTRACIÓN MARÍTIMA Y PORTUARIA,737797,725.625,34.0,,False
095,ADMINISTRACIÓN MARÍTIMA Y PORTUARIA,772045,,,AUSENTE,True
095,ADMINISTRACIÓN MARÍTIMA Y PORTUARIA,782656,863.75,14.0,,False
095,ADMINISTRACIÓN MARÍTIMA Y PORTUARIA,790021,980.625,5.0,,False
095,ADMINISTRACIÓN MARÍTIMA Y PORTUARIA,783507,1029.375,2.0,,False
095,ADMINISTRACIÓN MARÍTIMA Y PORTUARIA,740127,650.625,42.0,,False
095,ADMINISTRACIÓN MARÍTIMA Y PORTUARIA,754809,731.875,30.0,,False
095,ADMINISTRACIÓN MARÍTIMA Y PORTUARIA,772675,846.5,16.0,,False
095,ADMINISTRACIÓN MARÍTIMA Y PORTUARIA,780453,652.5,41.0,,False
095,ADMINISTRACIÓN MARÍTIMA Y PORTUARIA,791533,610.875,47.0,,False
095,ADMINISTRACIÓN MARÍTIMA Y PORTUARIA,789220,738.625,28.0,,False
095,ADMINISTRACIÓN MARÍTIMA Y PORTUARIA,722551,666.75,39.0,,False
095,ADMINISTRACIÓN MARÍTIMA Y PORTUARIA,778668,662.875,40.0,,False
095,ADMINISTRACIÓN MARÍTIMA Y PORTUARIA,791383,786.0,25.0,,False
095,ADMINISTRACIÓN MARÍTIMA Y PORTUARIA,778874,481.25,60.0,,False
095,ADMINISTRACIÓN MARÍTIMA Y PORTUARIA,781687,552.75,53.0,,False
095,ADMINISTRACIÓN MARÍTIMA Y PORTUARIA,748960,574.875,51.0,,False
095,ADMINISTRACIÓN MARÍTIMA Y PORTUARIA,780436,512.375,58.0,,False
095,ADMINISTRACIÓN MARÍTIMA Y PORTUARIA,785966,1024.25,4.0,,False
095,ADMINISTRACIÓN MARÍTIMA Y PORTUARIA,789388,609.375,48.0,,False
095,ADMINISTRACIÓN MARÍTIMA Y PORTUARIA,758288,727.375,33.0,,False
095,ADMINISTRACIÓN MARÍTIMA Y PORTUARIA,754656,686.25,38.0,,False
095,ADMINISTRACIÓN MARÍTIMA Y PORTUARIA,799313,1268.5,1.0,,False
095,ADMINISTRACIÓN MARÍTIMA Y PORTUARIA,777108,633.875,45.0,,False
095,ADMINISTRACIÓN MARÍTIMA Y PORTUARIA,756856,866.5,13.0,,False
095,ADMINISTRACIÓN MARÍTIMA Y PORTUARIA,767932,536.0,56.0,,False
095,ADMINISTRACIÓN MARÍTIMA Y PORTUARIA,740928,829.375,19.0,,False
095,ADMINISTRACIÓN MARÍTIMA Y PORTUARIA,797544,,,AUSENTE,True
095,ADMINISTRACIÓN MARÍTIMA Y PORTUARIA,744700,840.625,18.0,,False
095,ADMINISTRACIÓN MARÍTIMA Y PORTUARIA,789518,747.875,27.0,,False
095,ADMINISTRACIÓN MARÍTIMA Y PORTUARIA,737463,644.25,44.0,,False
095,ADMINISTRACIÓN MARÍTIMA Y PORTUARIA,754217,761.375,26.0,,False
095,ADMINISTRACIÓN MARÍTIMA Y PORTUARIA,721063,495.5,59.0,,False
095,ADMINISTRACIÓN MARÍTIMA Y PORTUARIA,770426,567.125,52.0,,False
095,ADMINISTRACIÓN MARÍTIMA Y PORTUARIA,737279,703.625,37.0,,False
095,ADMINISTRACIÓN MARÍTIMA Y PORTUARIA,752607,795.875,22.0,,False
095,ADMINISTRACIÓN MARÍTIMA Y PORTUARIA,767115,811.625,21.0,,False
095,ADMINISTRACIÓN MARÍTIMA Y PORTUARIA,734649,720.0,35.0,,False
095,ADMINISTRACIÓN MARÍTIMA Y PORTUARIA,750754,793.5,24.0,,False
095,ADMINISTRACIÓN MARÍTIMA Y PORTUARIA,776159,707.375,36.0,,False
095,ADMINISTRACIÓN MARÍTIMA Y PORTUARIA,778650,628.875,46.0,,False
095,ADMINISTRACIÓN MARÍTIMA Y PORTUARIA,779224,971.0,6.0,,False
095,ADMINISTRACIÓN MARÍTIMA Y PORTUARIA,756112,649.0,43.0,,False
095,ADMINISTRACIÓN MARÍTIMA Y PORTUARIA,797635,727.375,32.0,,False
095,ADMINISTRACIÓN MARÍTIMA Y PORTUARIA,734817,594.875,49.0,,False
095,ADMINISTRACIÓN MARÍTIMA Y PORTUARIA,781445,728.5,31.0,,False
095,ADMINISTRACIÓN MARÍTIMA Y PORTUARIA,794530,546.75,54.0,,False
095,ADMINISTRACIÓN MARÍTIMA Y PORTUARIA,784345,580.625,50.0,,False
095,ADMINISTRACIÓN MARÍTIMA Y PORTUARIA,750732,394.5,61.0,,False
095,ADMINISTRACIÓN MARÍTIMA Y PORTUARIA,724503,1028.25,3.0,,False
153,ANTROPOLOGÍA,871508,1066.5,3.0,,False
153,ANTROPOLOGÍA,831708,595.125,29.0,,False
153,ANTROPOLOGÍA,820506,1146.25,1.0,,False
153,ANTROPOLOGÍA,842471,932.875,7.0,,False
153,ANTROPOLOGÍA,837129,926.0,8.0,,False
153,ANTROPOLOGÍA,895367,941.75,6.0,,False
153,ANTROPOLOGÍA,884405,794.125,16.0,,False
153,ANTROPOLOGÍA,856871,607.875,27.0,,False
153,ANTROPOLOGÍA,835502,724.5,20.0,,False
153,ANTROPOLOGÍA,859724,1066.5,4.0,,False
153,ANTROPOLOGÍA,830127,571.25,31.0,,False
153,ANTROPOLOGÍA,892002,595.0,30.0,,False
153,ANTROPOLOGÍA,859313,686.25,23.0,,False
153,ANTROPOLOGÍA,881078,895.25,10.0,,False
153,ANTROPOLOGÍA,839077,770.75,19.0,,False
153,ANTROPOLOGÍA,874796,844.0,13.0,,False
153,ANTROPOLOGÍA,860559,624.375,26.0,,False
153,ANTROPOLOGÍA,890321,686.25,24.0,,False
153,ANTROPOLOGÍA,889955,497.75,33.0,,False
153,ANTROPOLOGÍA,870856,955.125,5.0,,False
153,ANTROPOLOGÍA,846971,595.875,28.0,,False
153,ANTROPOLOGÍA,873031,787.125,17.0,,False
153,ANTROPOLOGÍA,889081,880.375,12.0,,False
153,ANTROPOLOGÍA,834785,652.375,25.0,,False
153,ANTROPOLOGÍA,888111,838.125,14.0,,False
153,ANTROPOLOGÍA,899106,771.25,18.0,,False
153,ANTROPOLOGÍA,884164,693.625,22.0,,False
153,ANTROPOLOGÍA,843451,901.5,9.0,,False
153,ANTROPOLOGÍA,831395,835.25,15.0,,False
153,ANTROPOLOGÍA,842575,721.625,21.0,,False
153,ANTROPOLOGÍA,862348,881.5,11.0,,False
153,ANTROPOLOGÍA,850769,1085.125,2.0,,False
153,ANTROPOLOGÍA,827435,500.625,32.0,,False
154,ARQUEOLOGÍA,884294,908.125,5.0,,False
154,ARQUEOLOGÍA,858184,880.0,6.0,,False
154,ARQUEOLOGÍA,859089,672.375,20.0,,False
154,ARQUEOLOGÍA,865789,538.625,29.0,,False
154,ARQUEOLOGÍA,874014,568.625,26.0,,False
154,ARQUEOLOGÍA,876469,620.0,24.0,,False
154,ARQUEOLOGÍA,893878,910.625,4.0,,False
154,ARQUEOLOGÍA,880084,758.625,17.0,,False
154,ARQUEOLOGÍA,863001,730.75,18.0,,False
154,ARQUEOLOGÍA,896518,835.5,13.0,,False
154,ARQUEOLOGÍA,835171,864.375,7.0,,False
154,ARQUEOLOGÍA,821492,640.625,23.0,,False
154,ARQUEOLOGÍA,863504,816.125,16.0,,False
154,ARQUEOLOGÍA,823109,847.875,10.0,,False
154,ARQUEOLOGÍA,829866,817.0,14.0,,False
154,ARQUEOLOGÍA,864096,379.5,30.0,,False
154,ARQUEOLOGÍA,844238,848.375,9.0,,False
154,ARQUEOLOGÍA,882393,563.0,28.0,,False
154,ARQUEOLOGÍA,847402,721.375,19.0,,False
154,ARQUEOLOGÍA,877964,816.875,15.0,,False
154,ARQUEOLOGÍA,861120,669.625,21.0,,False
154,ARQUEOLOGÍA,854139,922.625,3.0,,False
154,ARQUEOLOGÍA,898735,1222.875,1.0,,False
154,ARQUEOLOGÍA,854234,659.75,22.0,,False
154,ARQUEOLOGÍA,855331,837.25,11.0,,False
154,ARQUEOLOGÍA,850440,939.75,2.0,,False
154,ARQUEOLOGÍA,886511,615.375,25.0,,False
154,ARQUEOLOGÍA,869922,855.25,8.0,,False
154,ARQUEOLOGÍA,889710,836.625,12.0,,False
154,ARQUEOLOGÍA,887488,567.375,27.0,,False
169,ARQUITECTURA Y URBANISMO,697790,717.25,189.0,,False
169,ARQUITECTURA Y URBANISMO,625101,1061.375,22.0,,False
169,ARQUITECTURA Y URBANISMO,653372,901.375,71.0,,False
169,ARQUITECTURA Y URBANISMO,626245,856.375,92.0,,False
169,ARQUITECTURA Y URBANISMO,648507,934.875,54.0,,False
169,ARQUITECTURA Y URBANISMO,681743,1176.125,6.0,,False
169,ARQUITECTURA Y URBANISMO,657093,665.375,248.0,,False
169,ARQUITECTURA Y URBANISMO,655060,493.125,385.0,,False
169,ARQUITECTURA Y URBANISMO,666500,733.25,171.0,,False
169,ARQUITECTURA Y URBANISMO,621294,888.5,77.0,,False
169,ARQUITECTURA Y URBANISMO,692304,885.5,79.0,,False
169,ARQUITECTURA Y URBANISMO,689194,838.75,100.0,,False
169,ARQUITECTURA Y URBANISMO,687997,694.5,216.0,,False
169,ARQUITECTURA Y URBANISMO,629127,585.625,323.0,,False
169,ARQUITECTURA Y URBANISMO,632388,592.125,313.0,,False
169,ARQUITECTURA Y URBANISMO,628619,791.0,129.0,,False
169,ARQUITECTURA Y URBANISMO,641743,697.0,212.0,,False
169,ARQUITECTURA Y URBANISMO,689440,699.375,209.0,,False
169,ARQUITECTURA Y URBANISMO,646489,1028.25,30.0,,False
169,ARQUITECTURA Y URBANISMO,673510,626.25,290.0,,False
169,ARQUITECTURA Y URBANISMO,645205,647.25,266.0,,False
169,ARQUITECTURA Y URBANISMO,687569,968.0,42.0,,False
169,ARQUITECTURA Y URBANISMO,657014,640.875,273.0,,False
169,ARQUITECTURA Y URBANISMO,656200,1041.375,26.0,,False
169,ARQUITECTURA Y URBANISMO,662925,726.75,179.0,,False
169,ARQUITECTURA Y URBANISMO,643380,593.75,311.0,,False
169,ARQUITECTURA Y URBANISMO,631343,438.625,404.0,,False
169,ARQUITECTURA Y URBANISMO,686516,605.625,306.0,,False
169,ARQUITECTURA Y URBANISMO,655118,527.875,362.0,,False
169,ARQUITECTURA Y URBANISMO,642408,689.75,218.0,,False
169,ARQUITECTURA Y URBANISMO,658552,968.25,41.0,,False
169,ARQUITECTURA Y URBANISMO,649022,841.75,98.0,,False
169,ARQUITECTURA Y URBANISMO,684093,,,AUSENTE,True
169,ARQUITECTURA Y URBANISMO,640163,623.875,293.0,,False
169,ARQUITECTURA Y URBANISMO,620845,675.25,234.0,,False
169,ARQUITECTURA Y URBANISMO,641890,662.875,252.0,,False
169,ARQUITECTURA Y URBANISMO,626149,702.5,201.0,,False
169,ARQUITECTURA Y URBANISMO,686497,754.375,150.0,,False
169,ARQUITECTURA Y URBANISMO,665369,361.375,420.0,,False
169,ARQUITECTURA Y URBANISMO,678592,523.0,368.0,,False
169,ARQUITECTURA Y URBANISMO,684042,569.0,334.0,,False
169,ARQUITECTURA Y URBANISMO,675766,750.75,154.0,,False
169,ARQUITECTURA Y URBANISMO,636364,831.25,109.0,,False
169,ARQUITECTURA Y URBANISMO,682524,782.75,133.0,,False
169,ARQUITECTURA Y URBANISMO,695800,383.75,418.0,,False
169,ARQUITECTURA Y URBANISMO,695596,687.125,222.0,,False
169,ARQUITECTURA Y URBANISMO,685141,652.5,258.0,,False
169,ARQUITECTURA Y URBANISMO,621012,401.5,413.0,,False
169,ARQUITECTURA Y URBANISMO,643764,574.125,328.0,,False
169,ARQUITECTURA Y URBANISMO,640051,947.625,49.0,,False
169,ARQUITECTURA Y URBANISMO,642460,865.375,89.0,,False
169,ARQUITECTURA Y URBANISMO,695635,1087.375,17.0,,False
169,ARQUITECTURA Y URBANISMO,622551,699.375,208.0,,False
169,ARQUITECTURA Y URBANISMO,693873,748.75,157.0,,False
169,ARQUITECTURA Y URBANISMO,678080,640.125,274.0,,False
169,ARQUITECTURA Y URBANISMO,644097,565.625,336.0,,False
169,ARQUITECTURA Y URBANISMO,649087,634.625,281.0,,False
169,ARQUITECTURA Y URBANISMO,675187,906.5,69.0,,False
169,ARQUITECTURA Y URBANISMO,685150,855.25,93.0,,False
169,ARQUITECTURA Y URBANISMO,671248,741.625,166.0,,False
169,ARQUITECTURA Y URBANISMO,681094,687.75,220.0,,False
169,ARQUITECTURA Y URBANISMO,660854,773.25,139.0,,False
169,ARQUITECTURA Y URBANISMO,686621,531.875,355.0,,False
169,ARQUITECTURA Y URBANISMO,688587,711.875,192.0,,False
169,ARQUITECTURA Y URBANISMO,664173,,,AUSENTE,True
169,ARQUITECTURA Y URBANISMO,694585,479.75,392.0,,False
169,ARQUITECTURA Y URBANISMO,650420,633.0,282.0,,False
169,ARQUITECTURA Y URBANISMO,627225,787.875,131.0,,False
169,ARQUITECTURA Y URBANISMO,687419,960.875,45.0,,False
169,ARQUITECTURA Y URBANISMO,620670,506.75,379.0,,False
169,ARQUITECTURA Y URBANISMO,680481,629.0,286.0,,False
169,ARQUITECTURA Y URBANISMO,668779,745.0,160.0,,False
169,ARQUITECTURA Y URBANISMO,645842,473.5,395.0,,False
169,ARQUITECTURA Y URBANISMO,633485,647.5,265.0,,False
169,ARQUITECTURA Y URBANISMO,686176,589.0,320.0,,False
169,ARQUITECTURA Y URBANISMO,678405,742.0,165.0,,False
169,ARQUITECTURA Y URBANISMO,666085,927.375,57.0,,False
169,ARQUITECTURA Y URBANISMO,660634,881.5,80.0,,False
169,ARQUITECTURA Y URBANISMO,683359,660.5,253.0,,False
169,ARQUITECTURA Y URBANISMO,657807,835.25,104.0,,False
169,ARQUITECTURA Y URBANISMO,620641,569.75,332.0,,False
169,ARQUITECTURA Y URBANISMO,651789,725.625,181.0,,False
169,ARQUITECTURA Y URBANISMO,661330,831.25,110.0,,False
169,ARQUITECTURA Y URBANISMO,679090,549.875,341.0,,False
169,ARQUITECTURA Y URBANISMO,670482,753.625,151.0,,False
169,ARQUITECTURA Y URBANISMO,624621,969.375,39.0,,False
169,ARQUITECTURA Y URBANISMO,634050,522.75,369.0,,False
169,ARQUITECTURA Y URBANISMO,621656,677.75,231.0,,False
169,ARQUITECTURA Y URBANISMO,699337,,,AUSENTE,True
169,ARQUITECTURA Y URBANISMO,664235,637.25,278.0,,False
169,ARQUITECTURA Y URBANISMO,629737,676.375,232.0,,False
169,ARQUITECTURA Y URBANISMO,636230,609.0,303.0,,False
169,ARQUITECTURA Y URBANISMO,632220,545.625,344.0,,False
169,ARQUITECTURA Y URBANISMO,630612,1004.25,31.0,,False
169,ARQUITECTURA Y URBANISMO,644010,491.25,387.0,,False
169,ARQUITECTURA Y URBANISMO,620386,468.25,398.0,,False
169,ARQUITECTURA Y URBANISMO,699862,649.875,262.0,,False
169,ARQUITECTURA Y URBANISMO,651577,834.125,107.0,,False
169,ARQUITECTURA Y URBANISMO,652911,642.0,272.0,,False
169,ARQUITECTURA Y URBANISMO,631203,563.5,338.0,,False
169,ARQUITECTURA Y URBANISMO,637893,939.125,53.0,,False
169,ARQUITECTURA Y URBANISMO,662115,1087.375,18.0,,False
169,ARQUITECTURA Y URBANISMO,694563,798.125,126.0,,False
169,ARQUITECTURA Y URBANISMO,637654,647.875,264.0,,False
169,ARQUITECTURA Y URBANISMO,621027,665.625,247.0,,False
169,ARQUITECTURA Y URBANISMO,646310,598.0,308.0,,False
169,ARQUITECTURA Y URBANISMO,658669,506.125,381.0,,False
169,ARQUITECTURA Y URBANISMO,664839,942.375,51.0,,False
169,ARQUITECTURA Y URBANISMO,696245,851.25,97.0,,False
169,ARQUITECTURA Y URBANISMO,651278,506.375,380.0,,False
169,ARQUITECTURA Y URBANISMO,660428,644.0,269.0,,False
169,ARQUITECTURA Y URBANISMO,654758,671.25,238.0,,False
169,ARQUITECTURA Y URBANISMO,698832,1235.5,3.0,,False
169,ARQUITECTURA Y URBANISMO,696579,659.875,254.0,,False
169,ARQUITECTURA Y URBANISMO,685666,686.75,223.0,,False
169,ARQUITECTURA Y URBANISMO,672995,820.0,115.0,,False
169,ARQUITECTURA Y URBANISMO,633029,1030.125,29.0,,False
169,ARQUITECTURA Y URBANISMO,697393,918.5,64.0,,False
169,ARQUITECTURA Y URBANISMO,647070,893.5,74.0,,False
169,ARQUITECTURA Y URBANISMO,620468,653.375,257.0,,False
169,ARQUITECTURA Y URBANISMO,641669,1039.875,28.0,,False
169,ARQUITECTURA Y URBANISMO,655222,731.625,173.0,,False
169,ARQUITECTURA Y URBANISMO,690390,572.375,329.0,,False
169,ARQUITECTURA Y URBANISMO,647895,522.25,371.0,,False
169,ARQUITECTURA Y URBANISMO,686907,985.75,35.0,,False
169,ARQUITECTURA Y URBANISMO,628434,686.25,224.0,,False
169,ARQUITECTURA Y URBANISMO,693122,996.25,32.0,,False
169,ARQUITECTURA Y URBANISMO,685000,918.875,62.0,,False
169,ARQUITECTURA Y URBANISMO,647321,872.25,85.0,,False
169,ARQUITECTURA Y URBANISMO,661744,396.5,414.0,,False
169,ARQUITECTURA Y URBANISMO,671848,576.875,326.0,,False
169,ARQUITECTURA Y URBANISMO,640215,859.75,91.0,,False
169,ARQUITECTURA Y URBANISMO,655435,763.125,145.0,,False
169,ARQUITECTURA Y URBANISMO,667392,711.25,193.0,,False
169,ARQUITECTURA Y URBANISMO,642668,1074.125,20.0,,False
169,ARQUITECTURA Y URBANISMO,664163,896.125,73.0,,False
169,ARQUITECTURA Y URBANISMO,691719,606.75,304.0,,False
169,ARQUITECTURA Y URBANISMO,638019,695.125,213.0,,False
169,ARQUITECTURA Y URBANISMO,634282,547.375,342.0,,False
169,ARQUITECTURA Y URBANISMO,628128,722.0,182.0,,False
169,ARQUITECTURA Y URBANISMO,629921,593.5,312.0,,False
169,ARQUITECTURA Y URBANISMO,674296,370.625,419.0,,False
169,ARQUITECTURA Y URBANISMO,645487,721.5,183.0,,False
169,ARQUITECTURA Y URBANISMO,642455,402.25,412.0,,False
169,ARQUITECTURA Y URBANISMO,677573,817.375,118.0,,False
169,ARQUITECTURA Y URBANISMO,671289,834.125,106.0,,False
169,ARQUITECTURA Y URBANISMO,620295,769.0,141.0,,False
169,ARQUITECTURA Y URBANISMO,632614,514.375,373.0,,False
169,ARQUITECTURA Y URBANISMO,639232,703.375,199.0,,False
169,ARQUITECTURA Y URBANISMO,698792,802.25,122.0,,False
169,ARQUITECTURA Y URBANISMO,673728,620.0,297.0,,False
169,ARQUITECTURA Y URBANISMO,651075,591.25,316.0,,False
169,ARQUITECTURA Y URBANISMO,650856,738.625,169.0,,False
169,ARQUITECTURA Y URBANISMO,682678,1108.75,16.0,,False
169,ARQUITECTURA Y URBANISMO,630527,941.25,52.0,,False
169,ARQUITECTURA Y URBANISMO,668168,727.0,177.0,,False
169,ARQUITECTURA Y URBANISMO,651798,649.0,263.0,,False
169,ARQUITECTURA Y URBANISMO,641399,838.125,101.0,,False
169,ARQUITECTURA Y URBANISMO,671942,476.625,393.0,,False
169,ARQUITECTURA Y URBANISMO,651856,386.5,416.0,,False
169,ARQUITECTURA Y URBANISMO,693491,533.375,352.0,,False
169,ARQUITECTURA Y URBANISMO,676412,640.0,276.0,,False
169,ARQUITECTURA Y URBANISMO,642533,587.125,321.0,,False
169,ARQUITECTURA Y URBANISMO,677885,445.0,403.0,,False
169,ARQUITECTURA Y URBANISMO,645150,,,AUSENTE,True
169,ARQUITECTURA Y URBANISMO,690679,642.75,271.0,,False
169,ARQUITECTURA Y URBANISMO,672563,438.125,405.0,,False
169,ARQUITECTURA Y URBANISMO,663945,749.625,156.0,,False
169,ARQUITECTURA Y URBANISMO,668657,685.25,226.0,,False
169,ARQUITECTURA Y URBANISMO,679350,650.875,261.0,,False
169,ARQUITECTURA Y URBANISMO,675132,946.0,50.0,,False
169,ARQUITECTURA Y URBANISMO,637795,622.875,294.0,,False
169,ARQUITECTURA Y URBANISMO,636294,1133.875,11.0,,False
169,ARQUITECTURA Y URBANISMO,673802,1115.5,13.0,,False
169,ARQUITECTURA Y URBANISMO,659815,511.625,376.0,,False
169,ARQUITECTURA Y URBANISMO,650583,685.875,225.0,,False
169,ARQUITECTURA Y URBANISMO,653405,589.875,319.0,,False
169,ARQUITECTURA Y URBANISMO,666275,829.625,111.0,,False
169,ARQUITECTURA Y URBANISMO,673544,529.75,360.0,,False
169,ARQUITECTURA Y URBANISMO,695239,564.0,337.0,,False
169,ARQUITECTURA Y URBANISMO,691238,886.5,78.0,,False
169,ARQUITECTURA Y URBANISMO,686207,410.125,410.0,,False
169,ARQUITECTURA Y URBANISMO,625246,526.5,363.0,,False
169,ARQUITECTURA Y URBANISMO,628479,,,AUSENTE,True
169,ARQUITECTURA Y URBANISMO,622585,740.125,168.0,,False
169,ARQUITECTURA Y URBANISMO,632748,494.875,384.0,,False
169,ARQUITECTURA Y URBANISMO,680987,523.375,366.0,,False
169,ARQUITECTURA Y URBANISMO,694515,663.125,251.0,,False
169,ARQUITECTURA Y URBANISMO,623365,768.375,142.0,,False
169,ARQUITECTURA Y URBANISMO,688137,463.75,400.0,,False
169,ARQUITECTURA Y URBANISMO,658422,915.75,66.0,,False
169,ARQUITECTURA Y URBANISMO,680030,1277.75,1.0,,False
169,ARQUITECTURA Y URBANISMO,652098,740.875,167.0,,False
169,ARQUITECTURA Y URBANISMO,649567,671.0,239.0,,False
169,ARQUITECTURA Y URBANISMO,682718,529.75,359.0,,False
169,ARQUITECTURA Y URBANISMO,699215,729.625,174.0,,False
169,ARQUITECTURA Y URBANISMO,643331,795.875,127.0,,False
169,ARQUITECTURA Y URBANISMO,650913,765.625,144.0,,False
169,ARQUITECTURA Y URBANISMO,669000,679.25,230.0,,False
169,ARQUITECTURA Y URBANISMO,644796,864.0,90.0,,False
169,ARQUITECTURA Y URBANISMO,663225,671.375,237.0,,False
169,ARQUITECTURA Y URBANISMO,645534,694.75,214.0,,False
169,ARQUITECTURA Y URBANISMO,638877,569.125,333.0,,False
169,ARQUITECTURA Y URBANISMO,647651,731.875,172.0,,False
169,ARQUITECTURA Y URBANISMO,685730,728.5,176.0,,False
169,ARQUITECTURA Y URBANISMO,637916,600.875,307.0,,False
169,ARQUITECTURA Y URBANISMO,654784,690.0,217.0,,False
169,ARQUITECTURA Y URBANISMO,635946,700.875,204.0,,False
169,ARQUITECTURA Y URBANISMO,633408,562.0,339.0,,False
169,ARQUITECTURA Y URBANISMO,649526,702.875,200.0,,False
169,ARQUITECTURA Y URBANISMO,662947,469.125,397.0,,False
169,ARQUITECTURA Y URBANISMO,660204,718.875,188.0,,False
169,ARQUITECTURA Y URBANISMO,630627,516.125,372.0,,False
169,ARQUITECTURA Y URBANISMO,655194,640.0,275.0,,False
169,ARQUITECTURA Y URBANISMO,649874,834.125,105.0,,False
169,ARQUITECTURA Y URBANISMO,699440,508.125,377.0,,False
169,ARQUITECTURA Y URBANISMO,668944,743.125,162.0,,False
169,ARQUITECTURA Y URBANISMO,667871,534.625,351.0,,False
169,ARQUITECTURA Y URBANISMO,625928,726.75,178.0,,False
169,ARQUITECTURA Y URBANISMO,695853,504.75,383.0,,False
169,ARQUITECTURA Y URBANISMO,691045,610.875,300.0,,False
169,ARQUITECTURA Y URBANISMO,626189,650.875,260.0,,False
169,ARQUITECTURA Y URBANISMO,645478,769.625,140.0,,False
169,ARQUITECTURA Y URBANISMO,662315,720.875,184.0,,False
169,ARQUITECTURA Y URBANISMO,658894,630.5,285.0,,False
169,ARQUITECTURA Y URBANISMO,691720,632.125,284.0,,False
169,ARQUITECTURA Y URBANISMO,667534,667.875,244.0,,False
169,ARQUITECTURA Y URBANISMO,639652,757.75,149.0,,False
169,ARQUITECTURA Y URBANISMO,682684,651.0,259.0,,False
169,ARQUITECTURA Y URBANISMO,644486,635.5,280.0,,False
169,ARQUITECTURA Y URBANISMO,657896,506.0,382.0,,False
169,ARQUITECTURA Y URBANISMO,696125,627.0,289.0,,False
169,ARQUITECTURA Y URBANISMO,622488,777.375,135.0,,False
169,ARQUITECTURA Y URBANISMO,687025,523.125,367.0,,False
169,ARQUITECTURA Y URBANISMO,678790,559.5,340.0,,False
169,ARQUITECTURA Y URBANISMO,673755,761.875,147.0,,False
169,ARQUITECTURA Y URBANISMO,638303,762.125,146.0,,False
169,ARQUITECTURA Y URBANISMO,695984,687.375,221.0,,False
169,ARQUITECTURA Y URBANISMO,668258,644.0,270.0,,False
169,ARQUITECTURA Y URBANISMO,649263,422.625,408.0,,False
169,ARQUITECTURA Y URBANISMO,694879,918.625,63.0,,False
169,ARQUITECTURA Y URBANISMO,645757,647.125,267.0,,False
169,ARQUITECTURA Y URBANISMO,665646,700.375,207.0,,False
169,ARQUITECTURA Y URBANISMO,624198,775.125,136.0,,False
169,ARQUITECTURA Y URBANISMO,622832,928.5,56.0,,False
169,ARQUITECTURA Y URBANISMO,667766,924.75,59.0,,False
169,ARQUITECTURA Y URBANISMO,638806,751.75,153.0,,False
169,ARQUITECTURA Y URBANISMO,654270,411.75,409.0,,False
169,ARQUITECTURA Y URBANISMO,638721,391.25,415.0,,False
169,ARQUITECTURA Y URBANISMO,642672,433.5,406.0,,False
169,ARQUITECTURA Y URBANISMO,670318,1133.875,10.0,,False
169,ARQUITECTURA Y URBANISMO,663311,586.25,322.0,,False
169,ARQUITECTURA Y URBANISMO,657475,430.625,407.0,,False
169,ARQUITECTURA Y URBANISMO,697070,670.125,241.0,,False
169,ARQUITECTURA Y URBANISMO,633223,1218.375,5.0,,False
169,ARQUITECTURA Y URBANISMO,698494,627.375,288.0,,False
169,ARQUITECTURA Y URBANISMO,661928,854.625,94.0,,False
169,ARQUITECTURA Y URBANISMO,650709,672.125,236.0,,False
169,ARQUITECTURA Y URBANISMO,642752,472.625,396.0,,False
169,ARQUITECTURA Y URBANISMO,669514,987.25,34.0,,False
169,ARQUITECTURA Y URBANISMO,645988,699.375,210.0,,False
169,ARQUITECTURA Y URBANISMO,639284,700.875,206.0,,False
169,ARQUITECTURA Y URBANISMO,695894,897.5,72.0,,False
169,ARQUITECTURA Y URBANISMO,639016,590.75,317.0,,False
169,ARQUITECTURA Y URBANISMO,629892,453.0,401.0,,False
169,ARQUITECTURA Y URBANISMO,674476,701.5,203.0,,False
169,ARQUITECTURA Y URBANISMO,634133,818.125,117.0,,False
169,ARQUITECTURA Y URBANISMO,629610,873.25,83.0,,False
169,ARQUITECTURA Y URBANISMO,633073,1075.5,19.0,,False
169,ARQUITECTURA Y URBANISMO,690532,297.5,422.0,,False
169,ARQUITECTURA Y URBANISMO,678460,408.875,411.0,,False
169,ARQUITECTURA Y URBANISMO,639931,965.125,44.0,,False
169,ARQUITECTURA Y URBANISMO,691428,729.0,175.0,,False
169,ARQUITECTURA Y URBANISMO,699295,708.5,194.0,,False
169,ARQUITECTURA Y URBANISMO,625077,919.75,60.0,,False
169,ARQUITECTURA Y URBANISMO,627199,590.125,318.0,,False
169,ARQUITECTURA Y URBANISMO,649211,774.75,138.0,,False
169,ARQUITECTURA Y URBANISMO,621055,664.25,249.0,,False
169,ARQUITECTURA Y URBANISMO,699670,725.625,180.0,,False
169,ARQUITECTURA Y URBANISMO,645877,821.625,113.0,,False
169,ARQUITECTURA Y URBANISMO,668822,820.25,114.0,,False
169,ARQUITECTURA Y URBANISMO,694631,1149.0,8.0,,False
169,ARQUITECTURA Y URBANISMO,661273,,,AUSENTE,True
169,ARQUITECTURA Y URBANISMO,663093,694.625,215.0,,False
169,ARQUITECTURA Y URBANISMO,677740,567.375,335.0,,False
169,ARQUITECTURA Y URBANISMO,677370,708.5,195.0,,False
169,ARQUITECTURA Y URBANISMO,637424,522.375,370.0,,False
169,ARQUITECTURA Y URBANISMO,661863,615.25,298.0,,False
169,ARQUITECTURA Y URBANISMO,670426,676.0,233.0,,False
169,ARQUITECTURA Y URBANISMO,645554,716.5,190.0,,False
169,ARQUITECTURA Y URBANISMO,625197,533.0,353.0,,False
169,ARQUITECTURA Y URBANISMO,644133,905.375,70.0,,False
169,ARQUITECTURA Y URBANISMO,650030,668.5,243.0,,False
169,ARQUITECTURA Y URBANISMO,631179,524.875,365.0,,False
169,ARQUITECTURA Y URBANISMO,624687,654.375,256.0,,False
169,ARQUITECTURA Y URBANISMO,690970,689.5,219.0,,False
169,ARQUITECTURA Y URBANISMO,668089,545.125,346.0,,False
169,ARQUITECTURA Y URBANISMO,681914,774.875,137.0,,False
169,ARQUITECTURA Y URBANISMO,685920,384.625,417.0,,False
169,ARQUITECTURA Y URBANISMO,667594,665.625,246.0,,False
169,ARQUITECTURA Y URBANISMO,624427,526.125,364.0,,False
169,ARQUITECTURA Y URBANISMO,652884,837.5,103.0,,False
169,ARQUITECTURA Y URBANISMO,649655,1220.625,4.0,,False
169,ARQUITECTURA Y URBANISMO,643953,625.0,292.0,,False
169,ARQUITECTURA Y URBANISMO,658595,537.625,349.0,,False
169,ARQUITECTURA Y URBANISMO,677282,981.375,36.0,,False
169,ARQUITECTURA Y URBANISMO,693108,682.25,227.0,,False
169,ARQUITECTURA Y URBANISMO,695484,666.0,245.0,,False
169,ARQUITECTURA Y URBANISMO,680773,832.125,108.0,,False
169,ARQUITECTURA Y URBANISMO,693753,806.125,120.0,,False
169,ARQUITECTURA Y URBANISMO,668139,767.375,143.0,,False
169,ARQUITECTURA Y URBANISMO,687725,735.75,170.0,,False
169,ARQUITECTURA Y URBANISMO,655137,664.0,250.0,,False
169,ARQUITECTURA Y URBANISMO,662548,994.875,33.0,,False
169,ARQUITECTURA Y URBANISMO,674611,913.25,67.0,,False
169,ARQUITECTURA Y URBANISMO,680672,824.875,112.0,,False
169,ARQUITECTURA Y URBANISMO,678085,570.75,331.0,,False
169,ARQUITECTURA Y URBANISMO,691053,965.125,43.0,,False
169,ARQUITECTURA Y URBANISMO,623853,788.75,130.0,,False
169,ARQUITECTURA Y URBANISMO,699612,1135.5,9.0,,False
169,ARQUITECTURA Y URBANISMO,639262,637.125,279.0,,False
169,ARQUITECTURA Y URBANISMO,660194,680.875,228.0,,False
169,ARQUITECTURA Y URBANISMO,662854,507.875,378.0,,False
169,ARQUITECTURA Y URBANISMO,695793,670.25,240.0,,False
169,ARQUITECTURA Y URBANISMO,669349,801.0,123.0,,False
169,ARQUITECTURA Y URBANISMO,692983,592.125,314.0,,False
169,ARQUITECTURA Y URBANISMO,638666,747.625,158.0,,False
169,ARQUITECTURA Y URBANISMO,643602,476.125,394.0,,False
169,ARQUITECTURA Y URBANISMO,691464,486.375,390.0,,False
169,ARQUITECTURA Y URBANISMO,664139,669.125,242.0,,False
169,ARQUITECTURA Y URBANISMO,625638,1063.0,21.0,,False
169,ARQUITECTURA Y URBANISMO,658627,818.5,116.0,,False
169,ARQUITECTURA Y URBANISMO,698440,514.375,374.0,,False
169,ARQUITECTURA Y URBANISMO,676592,625.125,291.0,,False
169,ARQUITECTURA Y URBANISMO,636084,925.375,58.0,,False
169,ARQUITECTURA Y URBANISMO,669635,530.875,358.0,,False
169,ARQUITECTURA Y URBANISMO,655863,680.25,229.0,,False
169,ARQUITECTURA Y URBANISMO,675160,706.625,196.0,,False
169,ARQUITECTURA Y URBANISMO,669486,951.0,48.0,,False
169,ARQUITECTURA Y URBANISMO,622153,1121.125,12.0,,False
169,ARQUITECTURA Y URBANISMO,688421,749.75,155.0,,False
169,ARQUITECTURA Y URBANISMO,625571,782.0,134.0,,False
169,ARQUITECTURA Y URBANISMO,642517,872.125,86.0,,False
169,ARQUITECTURA Y URBANISMO,635687,719.75,187.0,,False
169,ARQUITECTURA Y URBANISMO,642976,699.375,211.0,,False
169,ARQUITECTURA Y URBANISMO,696100,490.25,388.0,,False
169,ARQUITECTURA Y URBANISMO,623262,872.625,84.0,,False
169,ARQUITECTURA Y URBANISMO,629959,800.375,124.0,,False
169,ARQUITECTURA Y URBANISMO,634019,1047.625,24.0,,False
169,ARQUITECTURA Y URBANISMO,678160,605.875,305.0,,False
169,ARQUITECTURA Y URBANISMO,694502,745.625,159.0,,False
169,ARQUITECTURA Y URBANISMO,657987,531.5,357.0,,False
169,ARQUITECTURA Y URBANISMO,667336,645.75,268.0,,False
169,ARQUITECTURA Y URBANISMO,695321,973.125,38.0,,False
169,ARQUITECTURA Y URBANISMO,658762,1114.625,14.0,,False
169,ARQUITECTURA Y URBANISMO,687245,465.875,399.0,,False
169,ARQUITECTURA Y URBANISMO,683015,674.625,235.0,,False
169,ARQUITECTURA Y URBANISMO,699484,1274.875,2.0,,False
169,ARQUITECTURA Y URBANISMO,633373,545.375,345.0,,False
169,ARQUITECTURA Y URBANISMO,690479,484.5,391.0,,False
169,ARQUITECTURA Y URBANISMO,626206,656.625,255.0,,False
169,ARQUITECTURA Y URBANISMO,642972,868.75,87.0,,False
169,ARQUITECTURA Y URBANISMO,664808,742.625,163.0,,False
169,ARQUITECTURA Y URBANISMO,648350,879.625,81.0,,False
169,ARQUITECTURA Y URBANISMO,655622,814.125,119.0,,False
169,ARQUITECTURA Y URBANISMO,679663,596.375,309.0,,False
169,ARQUITECTURA Y URBANISMO,654292,798.375,125.0,,False
169,ARQUITECTURA Y URBANISMO,687738,851.625,96.0,,False
169,ARQUITECTURA Y URBANISMO,687795,960.875,46.0,,False
169,ARQUITECTURA Y URBANISMO,666248,743.75,161.0,,False
169,ARQUITECTURA Y URBANISMO,685344,720.5,185.0,,False
169,ARQUITECTURA Y URBANISMO,698474,622.875,295.0,,False
169,ARQUITECTURA Y URBANISMO,644555,701.625,202.0,,False
169,ARQUITECTURA Y URBANISMO,649476,632.375,283.0,,False
169,ARQUITECTURA Y URBANISMO,690023,868.125,88.0,,False
169,ARQUITECTURA Y URBANISMO,637414,579.125,324.0,,False
169,ARQUITECTURA Y URBANISMO,667378,841.5,99.0,,False
169,ARQUITECTURA Y URBANISMO,645312,976.375,37.0,,False
169,ARQUITECTURA Y URBANISMO,632836,889.5,76.0,,False
169,ARQUITECTURA Y URBANISMO,693739,532.625,354.0,,False
169,ARQUITECTURA Y URBANISMO,641938,705.375,197.0,,False
169,ARQUITECTURA Y URBANISMO,636540,539.5,348.0,,False
169,ARQUITECTURA Y URBANISMO,642741,700.875,205.0,,False
169,ARQUITECTURA Y URBANISMO,662918,536.625,350.0,,False
169,ARQUITECTURA Y URBANISMO,690659,638.75,277.0,,False
169,ARQUITECTURA Y URBANISMO,642129,786.75,132.0,,False
169,ARQUITECTURA Y URBANISMO,693285,446.375,402.0,,False
169,ARQUITECTURA Y URBANISMO,687949,288.5,423.0,,False
169,ARQUITECTURA Y URBANISMO,622707,609.875,301.0,,False
169,ARQUITECTURA Y URBANISMO,646457,571.375,330.0,,False
169,ARQUITECTURA Y URBANISMO,646069,622.25,296.0,,False
169,ARQUITECTURA Y URBANISMO,643755,542.25,347.0,,False
169,ARQUITECTURA Y URBANISMO,628738,594.75,310.0,,False
169,ARQUITECTURA Y URBANISMO,634200,1045.375,25.0,,False
169,ARQUITECTURA Y URBANISMO,654400,1041.375,27.0,,False
169,ARQUITECTURA Y URBANISMO,695333,929.75,55.0,,False
169,ARQUITECTURA Y URBANISMO,664783,576.25,327.0,,False
169,ARQUITECTURA Y URBANISMO,623227,802.375,121.0,,False
169,ARQUITECTURA Y URBANISMO,694197,854.375,95.0,,False
169,ARQUITECTURA Y URBANISMO,633896,838.125,102.0,,False
169,ARQUITECTURA Y URBANISMO,638591,493.0,386.0,,False
169,ARQUITECTURA Y URBANISMO,669465,511.75,375.0,,False
169,ARQUITECTURA Y URBANISMO,622466,968.25,40.0,,False
169,ARQUITECTURA Y URBANISMO,646187,609.625,302.0,,False
169,ARQUITECTURA Y URBANISMO,657275,348.125,421.0,,False
169,ARQUITECTURA Y URBANISMO,699909,591.875,315.0,,False
169,ARQUITECTURA Y URBANISMO,673898,876.375,82.0,,False
169,ARQUITECTURA Y URBANISMO,657412,546.875,343.0,,False
169,ARQUITECTURA Y URBANISMO,678798,919.375,61.0,,False
169,ARQUITECTURA Y URBANISMO,637089,489.625,389.0,,False
169,ARQUITECTURA Y URBANISMO,621226,578.5,325.0,,False
169,ARQUITECTURA Y URBANISMO,688916,751.875,152.0,,False
169,ARQUITECTURA Y URBANISMO,657835,954.875,47.0,,False
169,ARQUITECTURA Y URBANISMO,675689,917.75,65.0,,False
169,ARQUITECTURA Y URBANISMO,687537,531.875,356.0,,False
169,ARQUITECTURA Y URBANISMO,632601,,,AUSENTE,True
169,ARQUITECTURA Y URBANISMO,694893,612.375,299.0,,False
169,ARQUITECTURA Y URBANISMO,663823,628.5,287.0,,False
169,ARQUITECTURA Y URBANISMO,667300,890.625,75.0,,False
169,ARQUITECTURA Y URBANISMO,629158,742.5,164.0,,False
169,ARQUITECTURA Y URBANISMO,662660,1155.0,7.0,,False
169,ARQUITECTURA Y URBANISMO,648753,1057.75,23.0,,False
169,ARQUITECTURA Y URBANISMO,692975,1108.75,15.0,,False
169,ARQUITECTURA Y URBANISMO,686166,758.125,148.0,,False
169,ARQUITECTURA Y URBANISMO,693083,795.375,128.0,,False
169,ARQUITECTURA Y URBANISMO,652980,720.0,186.0,,False
169,ARQUITECTURA Y URBANISMO,629632,906.5,68.0,,False
169,ARQUITECTURA Y URBANISMO,675807,712.125,191.0,,False
169,ARQUITECTURA Y URBANISMO,693921,704.0,198.0,,False
169,ARQUITECTURA Y URBANISMO,697400,529.625,361.0,,False
036,ARTE,877297,,,AUSENTE,True
036,ARTE,883193,845.125,8.0,,False
036,ARTE,882986,460.375,22.0,,False
036,ARTE,838555,395.75,24.0,,False
036,ARTE,867319,843.625,9.0,,False
036,ARTE,843068,715.25,15.0,,False
036,ARTE,824956,551.5,18.0,,False
036,ARTE,837553,850.5,7.0,,False
036,ARTE,856516,519.25,21.0,,False
036,ARTE,881201,790.125,13.0,,False
036,ARTE,824598,549.625,20.0,,False
036,ARTE,845741,855.25,6.0,,False
036,ARTE,872396,551.0,19.0,,False
036,ARTE,884184,645.625,16.0,,False
036,ARTE,879211,914.625,3.0,,False
036,ARTE,824372,439.5,23.0,,False
036,ARTE,885206,777.0,14.0,,False
036,ARTE,821940,872.125,5.0,,False
036,ARTE,898033,1168.5,1.0,,False
036,ARTE,834981,613.25,17.0,,False
036,ARTE,825191,893.875,4.0,,False
036,ARTE,858965,821.625,10.0,,False
036,ARTE,892189,814.125,11.0,,False
036,ARTE,826934,790.375,12.0,,False
036,ARTE,892467,337.375,25.0,,False
036,ARTE,871389,965.375,2.0,,False
113,AUDITORÍA EMPRESARIAL Y DEL SECTOR PÚBLICO,799779,855.25,10.0,,False
113,AUDITORÍA EMPRESARIAL Y DEL SECTOR PÚBLICO,750429,707.375,20.0,,False
113,AUDITORÍA EMPRESARIAL Y DEL SECTOR PÚBLICO,761897,767.125,16.0,,False
113,AUDITORÍA EMPRESARIAL Y DEL SECTOR PÚBLICO,766327,928.25,4.0,,False
113,AUDITORÍA EMPRESARIAL Y DEL SECTOR PÚBLICO,785570,1172.125,1.0,,False
113,AUDITORÍA EMPRESARIAL Y DEL SECTOR PÚBLICO,757322,728.75,19.0,,False
113,AUDITORÍA EMPRESARIAL Y DEL SECTOR PÚBLICO,728652,864.0,9.0,,False
113,AUDITORÍA EMPRESARIAL Y DEL SECTOR PÚBLICO,760522,794.125,12.0,,False
113,AUDITORÍA EMPRESARIAL Y DEL SECTOR PÚBLICO,726372,690.125,22.0,,False
113,AUDITORÍA EMPRESARIAL Y DEL SECTOR PÚBLICO,731836,503.5,33.0,,False
113,AUDITORÍA EMPRESARIAL Y DEL SECTOR PÚBLICO,768330,745.625,17.0,,False
113,AUDITORÍA EMPRESARIAL Y DEL SECTOR PÚBLICO,745352,518.75,32.0,,False
113,AUDITORÍA EMPRESARIAL Y DEL SECTOR PÚBLICO,726531,822.125,11.0,,False
113,AUDITORÍA EMPRESARIAL Y DEL SECTOR PÚBLICO,794285,960.875,3.0,,False
113,AUDITORÍA EMPRESARIAL Y DEL SECTOR PÚBLICO,754083,912.875,6.0,,False
113,AUDITORÍA EMPRESARIAL Y DEL SECTOR PÚBLICO,765192,523.75,31.0,,False
113,AUDITORÍA EMPRESARIAL Y DEL SECTOR PÚBLICO,779673,699.75,21.0,,False
113,AUDITORÍA EMPRESARIAL Y DEL SECTOR PÚBLICO,762594,767.875,15.0,,False
113,AUDITORÍA EMPRESARIAL Y DEL SECTOR PÚBLICO,738743,635.5,24.0,,False
113,AUDITORÍA EMPRESARIAL Y DEL SECTOR PÚBLICO,753473,617.375,25.0,,False
113,AUDITORÍA EMPRESARIAL Y DEL SECTOR PÚBLICO,776152,605.0,27.0,,False
113,AUDITORÍA EMPRESARIAL Y DEL SECTOR PÚBLICO,742242,787.875,13.0,,False
113,AUDITORÍA EMPRESARIAL Y DEL SECTOR PÚBLICO,767744,913.0,5.0,,False
113,AUDITORÍA EMPRESARIAL Y DEL SECTOR PÚBLICO,753826,907.625,7.0,,False
113,AUDITORÍA EMPRESARIAL Y DEL SECTOR PÚBLICO,758871,733.25,18.0,,False
113,AUDITORÍA EMPRESARIAL Y DEL SECTOR PÚBLICO,754041,605.375,26.0,,False
113,AUDITORÍA EMPRESARIAL Y DEL SECTOR PÚBLICO,770459,990.5,2.0,,False
113,AUDITORÍA EMPRESARIAL Y DEL SECTOR PÚBLICO,729640,579.375,29.0,,False
113,AUDITORÍA EMPRESARIAL Y DEL SECTOR PÚBLICO,785875,873.25,8.0,,False
113,AUDITORÍA EMPRESARIAL Y DEL SECTOR PÚBLICO,789354,601.75,28.0,,False
113,AUDITORÍA EMPRESARIAL Y DEL SECTOR PÚBLICO,743379,497.5,34.0,,False
113,AUDITORÍA EMPRESARIAL Y DEL SECTOR PÚBLICO,764988,576.375,30.0,,False
113,AUDITORÍA EMPRESARIAL Y DEL SECTOR PÚBLICO,775801,787.25,14.0,,False
113,AUDITORÍA EMPRESARIAL Y DEL SECTOR PÚBLICO,730984,687.375,23.0,,False
037,BIBLIOTECOLOGÍA Y CIENCIAS DE LA INFORMACIÓN,864344,734.625,6.0,,False
037,BIBLIOTECOLOGÍA Y CIENCIAS DE LA INFORMACIÓN,885986,728.5,7.0,,False
037,BIBLIOTECOLOGÍA Y CIENCIAS DE LA INFORMACIÓN,827914,569.875,18.0,,False
037,BIBLIOTECOLOGÍA Y CIENCIAS DE LA INFORMACIÓN,868056,588.125,17.0,,False
037,BIBLIOTECOLOGÍA Y CIENCIAS DE LA INFORMACIÓN,825139,486.75,21.0,,False
037,BIBLIOTECOLOGÍA Y CIENCIAS DE LA INFORMACIÓN,890698,657.5,12.0,,False
037,BIBLIOTECOLOGÍA Y CIENCIAS DE LA INFORMACIÓN,829401,562.25,19.0,,False
037,BIBLIOTECOLOGÍA Y CIENCIAS DE LA INFORMACIÓN,823204,653.25,13.0,,False
037,BIBLIOTECOLOGÍA Y CIENCIAS DE LA INFORMACIÓN,896802,606.75,15.0,,False
037,BIBLIOTECOLOGÍA Y CIENCIAS DE LA INFORMACIÓN,832936,637.75,14.0,,False
037,BIBLIOTECOLOGÍA Y CIENCIAS DE LA INFORMACIÓN,850264,670.125,9.0,,False
037,BIBLIOTECOLOGÍA Y CIENCIAS DE LA INFORMACIÓN,820490,664.5,11.0,,False
037,BIBLIOTECOLOGÍA Y CIENCIAS DE LA INFORMACIÓN,849224,603.625,16.0,,False
037,BIBLIOTECOLOGÍA Y CIENCIAS DE LA INFORMACIÓN,880534,,,AUSENTE,True
037,BIBLIOTECOLOGÍA Y CIENCIAS DE LA INFORMACIÓN,889602,668.75,10.0,,False
037,BIBLIOTECOLOGÍA Y CIENCIAS DE LA INFORMACIÓN,894567,798.125,4.0,,False
037,BIBLIOTECOLOGÍA Y CIENCIAS DE LA INFORMACIÓN,888162,864.125,2.0,,False
037,BIBLIOTECOLOGÍA Y CIENCIAS DE LA INFORMACIÓN,846343,496.375,20.0,,False
037,BIBLIOTECOLOGÍA Y CIENCIAS DE LA INFORMACIÓN,850932,837.5,3.0,,False
037,BIBLIOTECOLOGÍA Y CIENCIAS DE LA INFORMACIÓN,821374,768.75,5.0,,False
037,BIBLIOTECOLOGÍA Y CIENCIAS DE LA INFORMACIÓN,833494,706.5,8.0,,False
037,BIBLIOTECOLOGÍA Y CIENCIAS DE LA INFORMACIÓN,863777,920.875,1.0,,False
134,CIENCIA DE MTERIALES Y NANOTECNOLOGÍA,521356,813.0,7.0,,False
134,CIENCIA DE MTERIALES Y NANOTECNOLOGÍA,520632,833.75,6.0,,False
134,CIENCIA DE MTERIALES Y NANOTECNOLOGÍA,591698,663.25,11.0,,False
134,CIENCIA DE MTERIALES Y NANOTECNOLOGÍA,585109,1133.875,1.0,,False
134,CIENCIA DE MTERIALES Y NANOTECNOLOGÍA,561285,653.125,12.0,,False
134,CIENCIA DE MTERIALES Y NANOTECNOLOGÍA,578246,1013.875,2.0,,False
134,CIENCIA DE MTERIALES Y NANOTECNOLOGÍA,562955,722.5,9.0,,False
134,CIENCIA DE MTERIALES Y NANOTECNOLOGÍA,569507,848.875,5.0,,False
134,CIENCIA DE MTERIALES Y NANOTECNOLOGÍA,588693,981.375,3.0,,False
134,CIENCIA DE MTERIALES Y NANOTECNOLOGÍA,523302,708.125,10.0,,False
134,CIENCIA DE MTERIALES Y NANOTECNOLOGÍA,591233,906.25,4.0,,False
134,CIENCIA DE MTERIALES Y NANOTECNOLOGÍA,548842,774.125,8.0,,False
023,CIENCIA POLÍTICA,890083,718.875,114.0,,False
023,CIENCIA POLÍTICA,823279,540.625,165.0,,False
023,CIENCIA POLÍTICA,874611,833.375,75.0,,False
023,CIENCIA POLÍTICA,868975,774.75,91.0,,False
023,CIENCIA POLÍTICA,836401,867.375,63.0,,False
023,CIENCIA POLÍTICA,847324,991.5,17.0,,False
023,CIENCIA POLÍTICA,890865,783.375,89.0,,False
023,CIENCIA POLÍTICA,858569,738.75,104.0,,False
023,CIENCIA POLÍTICA,871635,698.875,122.0,,False
023,CIENCIA POLÍTICA,841351,961.625,21.0,,False
023,CIENCIA POLÍTICA,876193,674.375,128.0,,False
023,CIENCIA POLÍTICA,829328,911.75,38.0,,False
023,CIENCIA POLÍTICA,834592,749.875,100.0,,False
023,CIENCIA POLÍTICA,834073,708.125,118.0,,False
023,CIENCIA POLÍTICA,841594,751.875,99.0,,False
023,CIENCIA POLÍTICA,869460,641.75,139.0,,False
023,CIENCIA POLÍTICA,853261,1009.625,15.0,,False
023,CIENCIA POLÍTICA,867298,840.875,70.0,,False
023,CIENCIA POLÍTICA,820837,567.375,162.0,,False
023,CIENCIA POLÍTICA,828028,820.375,79.0,,False
023,CIENCIA POLÍTICA,834222,863.375,66.0,,False
023,CIENCIA POLÍTICA,868441,710.75,116.0,,False
023,CIENCIA POLÍTICA,874237,584.0,157.0,,False
023,CIENCIA POLÍTICA,851535,701.125,120.0,,False
023,CIENCIA POLÍTICA,893913,960.875,23.0,,False
023,CIENCIA POLÍTICA,836155,916.625,37.0,,False
023,CIENCIA POLÍTICA,823300,824.625,78.0,,False
023,CIENCIA POLÍTICA,831843,660.625,133.0,,False
023,CIENCIA POLÍTICA,896748,610.125,152.0,,False
023,CIENCIA POLÍTICA,898036,471.375,172.0,,False
023,CIENCIA POLÍTICA,821902,962.0,20.0,,False
023,CIENCIA POLÍTICA,838694,,,AUSENTE,True
023,CIENCIA POLÍTICA,886398,590.125,154.0,,False
023,CIENCIA POLÍTICA,853075,939.75,28.0,,False
023,CIENCIA POLÍTICA,863282,897.5,47.0,,False
023,CIENCIA POLÍTICA,821607,573.25,160.0,,False
023,CIENCIA POLÍTICA,826073,496.75,170.0,,False
023,CIENCIA POLÍTICA,851773,684.875,126.0,,False
023,CIENCIA POLÍTICA,873924,858.625,68.0,,False
023,CIENCIA POLÍTICA,899313,870.125,61.0,,False
023,CIENCIA POLÍTICA,834840,1090.625,5.0,,False
023,CIENCIA POLÍTICA,899965,1130.75,3.0,,False
023,CIENCIA POLÍTICA,847809,858.625,67.0,,False
023,CIENCIA POLÍTICA,876473,929.875,31.0,,False
023,CIENCIA POLÍTICA,899683,1024.5,12.0,,False
023,CIENCIA POLÍTICA,828564,526.5,167.0,,False
023,CIENCIA POLÍTICA,888330,833.5,74.0,,False
023,CIENCIA POLÍTICA,877924,768.375,93.0,,False
023,CIENCIA POLÍTICA,875774,1138.375,2.0,,False
023,CIENCIA POLÍTICA,829979,899.75,44.0,,False
023,CIENCIA POLÍTICA,829479,1048.5,9.0,,False
023,CIENCIA POLÍTICA,833982,691.625,123.0,,False
023,CIENCIA POLÍTICA,841055,451.125,173.0,,False
023,CIENCIA POLÍTICA,841425,637.5,141.0,,False
023,CIENCIA POLÍTICA,839104,785.0,88.0,,False
023,CIENCIA POLÍTICA,853411,855.25,69.0,,False
023,CIENCIA POLÍTICA,836512,282.375,174.0,,False
023,CIENCIA POLÍTICA,899186,893.5,48.0,,False
023,CIENCIA POLÍTICA,851812,870.375,60.0,,False
023,CIENCIA POLÍTICA,840328,778.625,90.0,,False
023,CIENCIA POLÍTICA,899519,596.0,153.0,,False
023,CIENCIA POLÍTICA,823245,882.0,52.0,,False
023,CIENCIA POLÍTICA,844002,622.875,147.0,,False
023,CIENCIA POLÍTICA,856374,734.375,106.0,,False
023,CIENCIA POLÍTICA,897011,872.75,59.0,,False
023,CIENCIA POLÍTICA,822216,865.625,64.0,,False
023,CIENCIA POLÍTICA,866494,815.5,83.0,,False
023,CIENCIA POLÍTICA,872676,715.875,115.0,,False
023,CIENCIA POLÍTICA,866424,816.75,81.0,,False
023,CIENCIA POLÍTICA,874951,,,AUSENTE,True
023,CIENCIA POLÍTICA,884665,887.625,50.0,,False
023,CIENCIA POLÍTICA,828190,902.625,41.0,,False
023,CIENCIA POLÍTICA,853081,906.5,40.0,,False
023,CIENCIA POLÍTICA,841125,624.875,146.0,,False
023,CIENCIA POLÍTICA,824524,1123.375,4.0,,False
023,CIENCIA POLÍTICA,830557,572.625,161.0,,False
023,CIENCIA POLÍTICA,885292,1007.125,16.0,,False
023,CIENCIA POLÍTICA,862998,699.375,121.0,,False
023,CIENCIA POLÍTICA,844441,708.75,117.0,,False
023,CIENCIA POLÍTICA,861640,644.0,138.0,,False
023,CIENCIA POLÍTICA,837405,551.75,164.0,,False
023,CIENCIA POLÍTICA,832142,629.75,143.0,,False
023,CIENCIA POLÍTICA,882548,813.5,84.0,,False
023,CIENCIA POLÍTICA,854642,722.875,112.0,,False
023,CIENCIA POLÍTICA,865250,1027.625,11.0,,False
023,CIENCIA POLÍTICA,880140,,,AUSENTE,True
023,CIENCIA POLÍTICA,861378,833.875,73.0,,False
023,CIENCIA POLÍTICA,856168,762.625,96.0,,False
023,CIENCIA POLÍTICA,884872,1068.75,7.0,,False
023,CIENCIA POLÍTICA,832062,1281.75,1.0,,False
023,CIENCIA POLÍTICA,848535,836.375,72.0,,False
023,CIENCIA POLÍTICA,844642,878.875,54.0,,False
023,CIENCIA POLÍTICA,869436,918.625,34.0,,False
023,CIENCIA POLÍTICA,854563,523.625,168.0,,False
023,CIENCIA POLÍTICA,862479,960.875,24.0,,False
023,CIENCIA POLÍTICA,831897,868.75,62.0,,False
023,CIENCIA POLÍTICA,844086,766.0,94.0,,False
023,CIENCIA POLÍTICA,841389,1059.5,8.0,,False
023,CIENCIA POLÍTICA,828306,798.125,86.0,,False
023,CIENCIA POLÍTICA,865031,877.5,55.0,,False
023,CIENCIA POLÍTICA,854156,907.125,39.0,,False
023,CIENCIA POLÍTICA,856389,615.25,151.0,,False
023,CIENCIA POLÍTICA,884978,933.5,29.0,,False
023,CIENCIA POLÍTICA,859810,897.5,46.0,,False
023,CIENCIA POLÍTICA,852037,740.0,103.0,,False
023,CIENCIA POLÍTICA,831431,986.25,18.0,,False
023,CIENCIA POLÍTICA,852334,690.375,125.0,,False
023,CIENCIA POLÍTICA,824468,898.625,45.0,,False
023,CIENCIA POLÍTICA,871806,889.375,49.0,,False
023,CIENCIA POLÍTICA,838039,641.625,140.0,,False
023,CIENCIA POLÍTICA,832415,1016.125,14.0,,False
023,CIENCIA POLÍTICA,881462,787.875,87.0,,False
023,CIENCIA POLÍTICA,842302,585.875,155.0,,False
023,CIENCIA POLÍTICA,858130,943.75,27.0,,False
023,CIENCIA POLÍTICA,841651,615.875,150.0,,False
023,CIENCIA POLÍTICA,894234,900.875,43.0,,False
023,CIENCIA POLÍTICA,822907,951.625,26.0,,False
023,CIENCIA POLÍTICA,842464,622.0,149.0,,False
023,CIENCIA POLÍTICA,825438,629.375,144.0,,False
023,CIENCIA POLÍTICA,831653,932.125,30.0,,False
023,CIENCIA POLÍTICA,885637,,,AUSENTE,True
023,CIENCIA POLÍTICA,846525,630.125,142.0,,False
023,CIENCIA POLÍTICA,823336,514.125,169.0,,False
023,CIENCIA POLÍTICA,867374,476.0,171.0,,False
023,CIENCIA POLÍTICA,881613,901.5,42.0,,False
023,CIENCIA POLÍTICA,830637,1085.875,6.0,,False
023,CIENCIA POLÍTICA,866681,584.25,156.0,,False
023,CIENCIA POLÍTICA,822647,727.875,109.0,,False
023,CIENCIA POLÍTICA,860927,863.75,65.0,,False
023,CIENCIA POLÍTICA,893635,873.875,57.0,,False
023,CIENCIA POLÍTICA,881442,840.375,71.0,,False
023,CIENCIA POLÍTICA,897732,1038.875,10.0,,False
023,CIENCIA POLÍTICA,856767,720.0,113.0,,False
023,CIENCIA POLÍTICA,857341,918.625,35.0,,False
023,CIENCIA POLÍTICA,851960,880.375,53.0,,False
023,CIENCIA POLÍTICA,852577,667.5,131.0,,False
023,CIENCIA POLÍTICA,835325,625.125,145.0,,False
023,CIENCIA POLÍTICA,872455,873.375,58.0,,False
023,CIENCIA POLÍTICA,853604,669.625,130.0,,False
023,CIENCIA POLÍTICA,837777,678.375,127.0,,False
023,CIENCIA POLÍTICA,851311,560.875,163.0,,False
023,CIENCIA POLÍTICA,820485,644.0,137.0,,False
023,CIENCIA POLÍTICA,886338,960.875,22.0,,False
023,CIENCIA POLÍTICA,888464,762.75,95.0,,False
023,CIENCIA POLÍTICA,831026,673.25,129.0,,False
023,CIENCIA POLÍTICA,894363,1023.625,13.0,,False
023,CIENCIA POLÍTICA,879755,829.5,77.0,,False
023,CIENCIA POLÍTICA,841372,528.25,166.0,,False
023,CIENCIA POLÍTICA,829347,819.25,80.0,,False
023,CIENCIA POLÍTICA,857436,582.5,158.0,,False
023,CIENCIA POLÍTICA,890585,832.125,76.0,,False
023,CIENCIA POLÍTICA,884238,660.5,134.0,,False
023,CIENCIA POLÍTICA,864930,622.875,148.0,,False
023,CIENCIA POLÍTICA,850493,816.25,82.0,,False
023,CIENCIA POLÍTICA,855410,804.5,85.0,,False
023,CIENCIA POLÍTICA,855702,922.625,33.0,,False
023,CIENCIA POLÍTICA,887637,690.375,124.0,,False
023,CIENCIA POLÍTICA,869528,883.75,51.0,,False
023,CIENCIA POLÍTICA,832922,924.25,32.0,,False
023,CIENCIA POLÍTICA,873517,730.25,108.0,,False
023,CIENCIA POLÍTICA,846767,768.75,92.0,,False
023,CIENCIA POLÍTICA,881147,733.625,107.0,,False
023,CIENCIA POLÍTICA,869164,661.375,132.0,,False
023,CIENCIA POLÍTICA,874227,875.5,56.0,,False
023,CIENCIA POLÍTICA,851796,723.375,110.0,,False
023,CIENCIA POLÍTICA,843862,650.125,135.0,,False
023,CIENCIA POLÍTICA,839638,573.75,159.0,,False
023,CIENCIA POLÍTICA,892854,734.625,105.0,,False
023,CIENCIA POLÍTICA,881883,707.875,119.0,,False
023,CIENCIA POLÍTICA,897413,918.375,36.0,,False
023,CIENCIA POLÍTICA,899218,978.375,19.0,,False
023,CIENCIA POLÍTICA,884908,649.25,136.0,,False
023,CIENCIA POLÍTICA,869831,759.125,97.0,,False
023,CIENCIA POLÍTICA,886483,749.375,102.0,,False
023,CIENCIA POLÍTICA,896557,723.125,111.0,,False
023,CIENCIA POLÍTICA,868919,749.625,101.0,,False
023,CIENCIA POLÍTICA,883655,958.0,25.0,,False
023,CIENCIA POLÍTICA,827356,756.875,98.0,,False
101,CIENCIAS BIOLÓGICAS,560967,634.75,74.0,,False
101,CIENCIAS BIOLÓGICAS,576771,939.75,21.0,,False
101,CIENCIAS BIOLÓGICAS,548116,933.25,22.0,,False
101,CIENCIAS BIOLÓGICAS,535836,,,AUSENTE,True
101,CIENCIAS BIOLÓGICAS,596415,803.0,42.0,,False
101,CIENCIAS BIOLÓGICAS,575309,601.375,81.0,,False
101,CIENCIAS BIOLÓGICAS,587866,1087.625,6.0,,False
101,CIENCIAS BIOLÓGICAS,551461,1018.375,11.0,,False
101,CIENCIAS BIOLÓGICAS,536969,904.875,27.0,,False
101,CIENCIAS BIOLÓGICAS,546116,603.625,79.0,,False
101,CIENCIAS BIOLÓGICAS,543262,670.5,65.0,,False
101,CIENCIAS BIOLÓGICAS,592456,1117.75,5.0,,False
101,CIENCIAS BIOLÓGICAS,592151,712.75,52.0,,False
101,CIENCIAS BIOLÓGICAS,585479,691.0,60.0,,False
101,CIENCIAS BIOLÓGICAS,571231,725.25,51.0,,False
101,CIENCIAS BIOLÓGICAS,564000,954.375,18.0,,False
101,CIENCIAS BIOLÓGICAS,529284,1024.25,10.0,,False
101,CIENCIAS BIOLÓGICAS,529076,538.75,87.0,,False
101,CIENCIAS BIOLÓGICAS,535078,593.625,83.0,,False
101,CIENCIAS BIOLÓGICAS,549233,897.5,29.0,,False
101,CIENCIAS BIOLÓGICAS,522666,,,AUSENTE,True
101,CIENCIAS BIOLÓGICAS,579434,911.375,26.0,,False
101,CIENCIAS BIOLÓGICAS,590501,514.25,90.0,,False
101,CIENCIAS BIOLÓGICAS,546481,918.375,24.0,,False
101,CIENCIAS BIOLÓGICAS,520640,783.875,44.0,,False
101,CIENCIAS BIOLÓGICAS,574450,313.75,94.0,,False
101,CIENCIAS BIOLÓGICAS,565895,851.875,33.0,,False
101,CIENCIAS BIOLÓGICAS,570937,691.875,58.0,,False
101,CIENCIAS BIOLÓGICAS,592393,677.125,62.0,,False
101,CIENCIAS BIOLÓGICAS,587337,733.375,50.0,,False
101,CIENCIAS BIOLÓGICAS,535140,810.125,40.0,,False
101,CIENCIAS BIOLÓGICAS,580420,839.25,36.0,,False
101,CIENCIAS BIOLÓGICAS,559465,1200.625,1.0,,False
101,CIENCIAS BIOLÓGICAS,565425,705.375,54.0,,False
101,CIENCIAS BIOLÓGICAS,593707,628.75,76.0,,False
101,CIENCIAS BIOLÓGICAS,525686,707.625,53.0,,False
101,CIENCIAS BIOLÓGICAS,553913,635.25,73.0,,False
101,CIENCIAS BIOLÓGICAS,558781,987.125,15.0,,False
101,CIENCIAS BIOLÓGICAS,556206,885.625,31.0,,False
101,CIENCIAS BIOLÓGICAS,544174,764.5,46.0,,False
101,CIENCIAS BIOLÓGICAS,533412,769.875,45.0,,False
101,CIENCIAS BIOLÓGICAS,547555,644.875,68.0,,False
101,CIENCIAS BIOLÓGICAS,567273,983.125,16.0,,False
101,CIENCIAS BIOLÓGICAS,531984,746.75,49.0,,False
101,CIENCIAS BIOLÓGICAS,565692,993.0,14.0,,False
101,CIENCIAS BIOLÓGICAS,585650,897.5,30.0,,False
101,CIENCIAS BIOLÓGICAS,538630,495.75,92.0,,False
101,CIENCIAS BIOLÓGICAS,545743,813.0,39.0,,False
101,CIENCIAS BIOLÓGICAS,593259,1139.5,3.0,,False
101,CIENCIAS BIOLÓGICAS,526187,1003.125,12.0,,False
101,CIENCIAS BIOLÓGICAS,543744,1073.875,7.0,,False
101,CIENCIAS BIOLÓGICAS,529930,783.875,43.0,,False
101,CIENCIAS BIOLÓGICAS,539177,642.125,69.0,,False
101,CIENCIAS BIOLÓGICAS,593877,410.75,93.0,,False
101,CIENCIAS BIOLÓGICAS,595202,676.125,64.0,,False
101,CIENCIAS BIOLÓGICAS,584699,637.125,72.0,,False
101,CIENCIAS BIOLÓGICAS,569293,806.5,41.0,,False
101,CIENCIAS BIOLÓGICAS,543669,841.875,35.0,,False
101,CIENCIAS BIOLÓGICAS,598782,950.5,19.0,,False
101,CIENCIAS BIOLÓGICAS,563741,639.75,70.0,,False
101,CIENCIAS BIOLÓGICAS,536010,632.0,75.0,,False
101,CIENCIAS BIOLÓGICAS,575389,639.75,71.0,,False
101,CIENCIAS BIOLÓGICAS,555626,696.875,57.0,,False
101,CIENCIAS BIOLÓGICAS,596421,589.75,84.0,,False
101,CIENCIAS BIOLÓGICAS,540621,691.25,59.0,,False
101,CIENCIAS BIOLÓGICAS,587274,995.125,13.0,,False
101,CIENCIAS BIOLÓGICAS,583611,1187.875,2.0,,False
101,CIENCIAS BIOLÓGICAS,544869,543.5,86.0,,False
101,CIENCIAS BIOLÓGICAS,538237,902.0,28.0,,False
101,CIENCIAS BIOLÓGICAS,588283,529.625,89.0,,False
101,CIENCIAS BIOLÓGICAS,563109,1138.0,4.0,,False
101,CIENCIAS BIOLÓGICAS,548692,619.375,77.0,,False
101,CIENCIAS BIOLÓGICAS,588316,560.875,85.0,,False
101,CIENCIAS BIOLÓGICAS,553560,881.5,32.0,,False
101,CIENCIAS BIOLÓGICAS,596899,837.5,37.0,,False
101,CIENCIAS BIOLÓGICAS,554506,922.625,23.0,,False
101,CIENCIAS BIOLÓGICAS,562274,650.25,66.0,,False
101,CIENCIAS BIOLÓGICAS,540872,1033.25,9.0,,False
101,CIENCIAS BIOLÓGICAS,590268,827.0,38.0,,False
101,CIENCIAS BIOLÓGICAS,533690,597.125,82.0,,False
101,CIENCIAS BIOLÓGICAS,579799,603.625,80.0,,False
101,CIENCIAS BIOLÓGICAS,578050,700.875,56.0,,False
101,CIENCIAS BIOLÓGICAS,595692,703.125,55.0,,False
101,CIENCIAS BIOLÓGICAS,560944,509.25,91.0,,False
101,CIENCIAS BIOLÓGICAS,583448,678.875,61.0,,False
101,CIENCIAS BIOLÓGICAS,573754,846.25,34.0,,False
101,CIENCIAS BIOLÓGICAS,593712,752.75,47.0,,False
101,CIENCIAS BIOLÓGICAS,575746,532.625,88.0,,False
101,CIENCIAS BIOLÓGICAS,545028,943.125,20.0,,False
101,CIENCIAS BIOLÓGICAS,545345,677.125,63.0,,False
101,CIENCIAS BIOLÓGICAS,585069,748.25,48.0,,False
101,CIENCIAS BIOLÓGICAS,553492,965.375,17.0,,False
101,CIENCIAS BIOLÓGICAS,582029,912.125,25.0,,False
101,CIENCIAS BIOLÓGICAS,521669,646.0,67.0,,False
101,CIENCIAS BIOLÓGICAS,598628,1045.375,8.0,,False
101,CIENCIAS BIOLÓGICAS,593854,613.25,78.0,,False
203,CIENCIAS DE LA COMPUTACIÓN,647105,885.5,16.0,,False
203,CIENCIAS DE LA COMPUTACIÓN,620469,1025.375,6.0,,False
203,CIENCIAS DE LA COMPUTACIÓN,694288,875.5,19.0,,False
203,CIENCIAS DE LA COMPUTACIÓN,693903,898.625,15.0,,False
203,CIENCIAS DE LA COMPUTACIÓN,694241,385.75,51.0,,False
203,CIENCIAS DE LA COMPUTACIÓN,693420,103.125,52.0,,False
203,CIENCIAS DE LA COMPUTACIÓN,667999,764.75,32.0,,False
203,CIENCIAS DE LA COMPUTACIÓN,659433,777.0,30.0,,False
203,CIENCIAS DE LA COMPUTACIÓN,627262,978.0,8.0,,False
203,CIENCIAS DE LA COMPUTACIÓN,628521,495.0,47.0,,False
203,CIENCIAS DE LA COMPUTACIÓN,654254,691.0,37.0,,False
203,CIENCIAS DE LA COMPUTACIÓN,659100,933.25,11.0,,False
203,CIENCIAS DE LA COMPUTACIÓN,628843,879.75,18.0,,False
203,CIENCIAS DE LA COMPUTACIÓN,652252,633.125,41.0,,False
203,CIENCIAS DE LA COMPUTACIÓN,699257,712.625,35.0,,False
203,CIENCIAS DE LA COMPUTACIÓN,664417,836.375,23.0,,False
203,CIENCIAS DE LA COMPUTACIÓN,622761,883.125,17.0,,False
203,CIENCIAS DE LA COMPUTACIÓN,666838,668.5,39.0,,False
203,CIENCIAS DE LA COMPUTACIÓN,697191,750.75,33.0,,False
203,CIENCIAS DE LA COMPUTACIÓN,664829,1091.25,2.0,,False
203,CIENCIAS DE LA COMPUTACIÓN,660087,572.5,44.0,,False
203,CIENCIAS DE LA COMPUTACIÓN,624921,834.125,24.0,,False
203,CIENCIAS DE LA COMPUTACIÓN,675162,802.75,27.0,,False
203,CIENCIAS DE LA COMPUTACIÓN,679334,656.375,40.0,,False
203,CIENCIAS DE LA COMPUTACIÓN,654098,488.125,48.0,,False
203,CIENCIAS DE LA COMPUTACIÓN,629849,766.125,31.0,,False
203,CIENCIAS DE LA COMPUTACIÓN,645382,690.125,38.0,,False
203,CIENCIAS DE LA COMPUTACIÓN,674214,532.375,45.0,,False
203,CIENCIAS DE LA COMPUTACIÓN,685029,481.625,49.0,,False
203,CIENCIAS DE LA COMPUTACIÓN,697408,922.625,12.0,,False
203,CIENCIAS DE LA COMPUTACIÓN,661060,937.75,10.0,,False
203,CIENCIAS DE LA COMPUTACIÓN,692543,624.75,42.0,,False
203,CIENCIAS DE LA COMPUTACIÓN,642356,1076.0,3.0,,False
203,CIENCIAS DE LA COMPUTACIÓN,663416,700.0,36.0,,False
203,CIENCIAS DE LA COMPUTACIÓN,694883,1049.375,5.0,,False
203,CIENCIAS DE LA COMPUTACIÓN,626232,514.875,46.0,,False
203,CIENCIAS DE LA COMPUTACIÓN,656187,1136.125,1.0,,False
203,CIENCIAS DE LA COMPUTACIÓN,656306,908.75,13.0,,False
203,CIENCIAS DE LA COMPUTACIÓN,637364,807.625,26.0,,False
203,CIENCIAS DE LA COMPUTACIÓN,670698,1067.625,4.0,,False
203,CIENCIAS DE LA COMPUTACIÓN,670393,744.0,34.0,,False
203,CIENCIAS DE LA COMPUTACIÓN,678543,605.125,43.0,,False
203,CIENCIAS DE LA COMPUTACIÓN,673138,399.125,50.0,,False
203,CIENCIAS DE LA COMPUTACIÓN,684803,861.5,20.0,,False
203,CIENCIAS DE LA COMPUTACIÓN,633197,901.5,14.0,,False
203,CIENCIAS DE LA COMPUTACIÓN,650368,817.0,25.0,,False
203,CIENCIAS DE LA COMPUTACIÓN,629169,838.125,22.0,,False
203,CIENCIAS DE LA COMPUTACIÓN,648475,943.75,9.0,,False
203,CIENCIAS DE LA COMPUTACIÓN,653206,781.75,29.0,,False
203,CIENCIAS DE LA COMPUTACIÓN,664912,795.875,28.0,,False
203,CIENCIAS DE LA COMPUTACIÓN,653960,1020.25,7.0,,False
203,CIENCIAS DE LA COMPUTACIÓN,680462,855.25,21.0,,False
042,CIENCIAS DE LOS ALIMENTOS,511765,1067.625,1.0,,False
042,CIENCIAS DE LOS ALIMENTOS,518551,717.75,8.0,,False
042,CIENCIAS DE LOS ALIMENTOS,508717,771.875,6.0,,False
042,CIENCIAS DE LOS ALIMENTOS,513353,826.75,4.0,,False
042,CIENCIAS DE LOS ALIMENTOS,514623,626.875,9.0,,False
042,CIENCIAS DE LOS ALIMENTOS,506477,727.125,7.0,,False
042,CIENCIAS DE LOS ALIMENTOS,473133,889.875,3.0,,False
042,CIENCIAS DE LOS ALIMENTOS,510929,,,AUSENTE,True
042,CIENCIAS DE LOS ALIMENTOS,511213,456.75,12.0,,False
042,CIENCIAS DE LOS ALIMENTOS,508600,918.5,2.0,,False
042,CIENCIAS DE LOS ALIMENTOS,500688,815.25,5.0,,False
042,CIENCIAS DE LOS ALIMENTOS,509854,608.875,11.0,,False
042,CIENCIAS DE LOS ALIMENTOS,500769,611.0,10.0,,False
145,COMPUTACIÓN CIENTÍFICA,524745,933.25,3.0,,False
145,COMPUTACIÓN CIENTÍFICA,593000,707.375,26.0,,False
145,COMPUTACIÓN CIENTÍFICA,549811,561.75,49.0,,False
145,COMPUTACIÓN CIENTÍFICA,535867,766.75,15.0,,False
145,COMPUTACIÓN CIENTÍFICA,566128,745.625,21.0,,False
145,COMPUTACIÓN CIENTÍFICA,584659,728.75,24.0,,False
145,COMPUTACIÓN CIENTÍFICA,557699,556.375,50.0,,False
145,COMPUTACIÓN CIENTÍFICA,577184,445.875,57.0,,False
145,COMPUTACIÓN CIENTÍFICA,541992,442.25,58.0,,False
145,COMPUTACIÓN CIENTÍFICA,537389,571.25,46.0,,False
145,COMPUTACIÓN CIENTÍFICA,577025,313.375,65.0,,False
145,COMPUTACIÓN CIENTÍFICA,535545,893.5,5.0,,False
145,COMPUTACIÓN CIENTÍFICA,559730,453.25,55.0,,False
145,COMPUTACIÓN CIENTÍFICA,593982,652.375,30.0,,False
145,COMPUTACIÓN CIENTÍFICA,544610,790.875,14.0,,False
145,COMPUTACIÓN CIENTÍFICA,589237,639.75,35.0,,False
145,COMPUTACIÓN CIENTÍFICA,573242,597.75,44.0,,False
145,COMPUTACIÓN CIENTÍFICA,555192,749.5,18.0,,False
145,COMPUTACIÓN CIENTÍFICA,574136,638.875,36.0,,False
145,COMPUTACIÓN CIENTÍFICA,591422,376.375,63.0,,False
145,COMPUTACIÓN CIENTÍFICA,582839,446.25,56.0,,False
145,COMPUTACIÓN CIENTÍFICA,547122,690.75,27.0,,False
145,COMPUTACIÓN CIENTÍFICA,549828,835.75,10.0,,False
145,COMPUTACIÓN CIENTÍFICA,565413,649.0,32.0,,False
145,COMPUTACIÓN CIENTÍFICA,537286,937.375,2.0,,False
145,COMPUTACIÓN CIENTÍFICA,550193,453.875,54.0,,False
145,COMPUTACIÓN CIENTÍFICA,572153,713.25,25.0,,False
145,COMPUTACIÓN CIENTÍFICA,560593,764.0,16.0,,False
145,COMPUTACIÓN CIENTÍFICA,553118,539.5,51.0,,False
145,COMPUTACIÓN CIENTÍFICA,564932,564.5,47.0,,False
145,COMPUTACIÓN CIENTÍFICA,593227,670.75,29.0,,False
145,COMPUTACIÓN CIENTÍFICA,528634,645.125,33.0,,False
145,COMPUTACIÓN CIENTÍFICA,572467,562.5,48.0,,False
145,COMPUTACIÓN CIENTÍFICA,561892,476.375,53.0,,False
145,COMPUTACIÓN CIENTÍFICA,527780,589.25,45.0,,False
145,COMPUTACIÓN CIENTÍFICA,538684,678.125,28.0,,False
145,COMPUTACIÓN CIENTÍFICA,571521,422.25,60.0,,False
145,COMPUTACIÓN CIENTÍFICA,556970,348.875,64.0,,False
145,COMPUTACIÓN CIENTÍFICA,544877,625.125,38.0,,False
145,COMPUTACIÓN CIENTÍFICA,524979,601.75,43.0,,False
145,COMPUTACIÓN CIENTÍFICA,521589,861.5,8.0,,False
145,COMPUTACIÓN CIENTÍFICA,538383,749.625,17.0,,False
145,COMPUTACIÓN CIENTÍFICA,541157,834.125,11.0,,False
145,COMPUTACIÓN CIENTÍFICA,577566,536.5,52.0,,False
145,COMPUTACIÓN CIENTÍFICA,580947,617.125,42.0,,False
145,COMPUTACIÓN CIENTÍFICA,527144,632.0,37.0,,False
145,COMPUTACIÓN CIENTÍFICA,553782,862.0,7.0,,False
145,COMPUTACIÓN CIENTÍFICA,521239,851.25,9.0,,False
145,COMPUTACIÓN CIENTÍFICA,590958,644.75,34.0,,False
145,COMPUTACIÓN CIENTÍFICA,580264,745.625,20.0,,False
145,COMPUTACIÓN CIENTÍFICA,538920,942.0,1.0,,False
145,COMPUTACIÓN CIENTÍFICA,533209,732.375,23.0,,False
145,COMPUTACIÓN CIENTÍFICA,588165,748.75,19.0,,False
145,COMPUTACIÓN CIENTÍFICA,563724,428.75,59.0,,False
145,COMPUTACIÓN CIENTÍFICA,563514,823.125,12.0,,False
145,COMPUTACIÓN CIENTÍFICA,566995,619.625,40.0,,False
145,COMPUTACIÓN CIENTÍFICA,550874,802.625,13.0,,False
145,COMPUTACIÓN CIENTÍFICA,570063,876.375,6.0,,False
145,COMPUTACIÓN CIENTÍFICA,594122,617.125,41.0,,False
145,COMPUTACIÓN CIENTÍFICA,547504,904.875,4.0,,False
145,COMPUTACIÓN CIENTÍFICA,599383,407.375,61.0,,False
145,COMPUTACIÓN CIENTÍFICA,560899,620.25,39.0,,False
145,COMPUTACIÓN CIENTÍFICA,536479,739.5,22.0,,False
145,COMPUTACIÓN CIENTÍFICA,525999,401.375,62.0,,False
145,COMPUTACIÓN CIENTÍFICA,586733,650.25,31.0,,False
035,COMUNICACIÓN SOCIAL,850474,973.875,35.0,,False
035,COMUNICACIÓN SOCIAL,874317,693.25,127.0,,False
035,COMUNICACIÓN SOCIAL,851013,898.625,52.0,,False
035,COMUNICACIÓN SOCIAL,854583,976.625,33.0,,False
035,COMUNICACIÓN SOCIAL,834336,578.375,177.0,,False
035,COMUNICACIÓN SOCIAL,828418,731.0,114.0,,False
035,COMUNICACIÓN SOCIAL,825454,962.0,39.0,,False
035,COMUNICACIÓN SOCIAL,838618,515.375,198.0,,False
035,COMUNICACIÓN SOCIAL,890868,997.375,26.0,,False
035,COMUNICACIÓN SOCIAL,880755,827.0,72.0,,False
035,COMUNICACIÓN SOCIAL,872922,,,AUSENTE,True
035,COMUNICACIÓN SOCIAL,831115,764.125,98.0,,False
035,COMUNICACIÓN SOCIAL,836954,561.75,181.0,,False
035,COMUNICACIÓN SOCIAL,849578,599.625,169.0,,False
035,COMUNICACIÓN SOCIAL,822644,495.25,201.0,,False
035,COMUNICACIÓN SOCIAL,870277,797.5,81.0,,False
035,COMUNICACIÓN SOCIAL,841426,982.0,31.0,,False
035,COMUNICACIÓN SOCIAL,895456,1091.625,12.0,,False
035,COMUNICACIÓN SOCIAL,850827,1044.625,19.0,,False
035,COMUNICACIÓN SOCIAL,865996,767.25,97.0,,False
035,COMUNICACIÓN SOCIAL,875616,991.5,27.0,,False
035,COMUNICACIÓN SOCIAL,867637,616.75,164.0,,False
035,COMUNICACIÓN SOCIAL,858775,897.125,53.0,,False
035,COMUNICACIÓN SOCIAL,824643,922.625,49.0,,False
035,COMUNICACIÓN SOCIAL,871559,619.625,161.0,,False
035,COMUNICACIÓN SOCIAL,857832,815.25,76.0,,False
035,COMUNICACIÓN SOCIAL,892760,679.375,132.0,,False
035,COMUNICACIÓN SOCIAL,858438,892.125,55.0,,False
035,COMUNICACIÓN SOCIAL,872748,960.875,42.0,,False
035,COMUNICACIÓN SOCIAL,884089,636.0,155.0,,False
035,COMUNICACIÓN SOCIAL,875643,965.125,37.0,,False
035,COMUNICACIÓN SOCIAL,845034,1007.125,23.0,,False
035,COMUNICACIÓN SOCIAL,860619,731.875,112.0,,False
035,COMUNICACIÓN SOCIAL,894694,960.875,40.0,,False
035,COMUNICACIÓN SOCIAL,835976,648.75,145.0,,False
035,COMUNICACIÓN SOCIAL,825827,694.625,126.0,,False
035,COMUNICACIÓN SOCIAL,857472,778.125,94.0,,False
035,COMUNICACIÓN SOCIAL,889577,647.375,147.0,,False
035,COMUNICACIÓN SOCIAL,882116,550.75,184.0,,False
035,COMUNICACIÓN SOCIAL,873181,549.75,185.0,,False
035,COMUNICACIÓN SOCIAL,875488,953.25,44.0,,False
035,COMUNICACIÓN SOCIAL,866406,838.125,68.0,,False
035,COMUNICACIÓN SOCIAL,897563,870.375,58.0,,False
035,COMUNICACIÓN SOCIAL,887067,545.625,186.0,,False
035,COMUNICACIÓN SOCIAL,897119,489.25,206.0,,False
035,COMUNICACIÓN SOCIAL,865529,1456.375,1.0,,False
035,COMUNICACIÓN SOCIAL,873683,629.375,158.0,,False
035,COMUNICACIÓN SOCIAL,844065,855.5,63.0,,False
035,COMUNICACIÓN SOCIAL,868286,718.625,120.0,,False
035,COMUNICACIÓN SOCIAL,856297,696.0,123.0,,False
035,COMUNICACIÓN SOCIAL,840623,534.625,193.0,,False
035,COMUNICACIÓN SOCIAL,840435,591.0,172.0,,False
035,COMUNICACIÓN SOCIAL,843415,647.625,146.0,,False
035,COMUNICACIÓN SOCIAL,871338,832.875,71.0,,False
035,COMUNICACIÓN SOCIAL,863410,721.75,117.0,,False
035,COMUNICACIÓN SOCIAL,853636,997.5,25.0,,False
035,COMUNICACIÓN SOCIAL,891569,795.875,84.0,,False
035,COMUNICACIÓN SOCIAL,872377,773.25,96.0,,False
035,COMUNICACIÓN SOCIAL,859555,650.25,144.0,,False
035,COMUNICACIÓN SOCIAL,859347,633.125,156.0,,False
035,COMUNICACIÓN SOCIAL,858073,,,AUSENTE,True
035,COMUNICACIÓN SOCIAL,823263,641.125,153.0,,False
035,COMUNICACIÓN SOCIAL,864955,708.5,122.0,,False
035,COMUNICACIÓN SOCIAL,898973,658.375,140.0,,False
035,COMUNICACIÓN SOCIAL,880903,795.875,85.0,,False
035,COMUNICACIÓN SOCIAL,856098,625.0,160.0,,False
035,COMUNICACIÓN SOCIAL,862090,737.25,109.0,,False
035,COMUNICACIÓN SOCIAL,886062,1095.5,11.0,,False
035,COMUNICACIÓN SOCIAL,873275,855.25,64.0,,False
035,COMUNICACIÓN SOCIAL,875039,787.5,91.0,,False
035,COMUNICACIÓN SOCIAL,883626,616.875,163.0,,False
035,COMUNICACIÓN SOCIAL,848704,775.5,95.0,,False
035,COMUNICACIÓN SOCIAL,850528,631.625,157.0,,False
035,COMUNICACIÓN SOCIAL,827336,1129.75,7.0,,False
035,COMUNICACIÓN SOCIAL,823609,691.375,128.0,,False
035,COMUNICACIÓN SOCIAL,882707,944.5,45.0,,False
035,COMUNICACIÓN SOCIAL,862554,867.375,60.0,,False
035,COMUNICACIÓN SOCIAL,895123,523.5,196.0,,False
035,COMUNICACIÓN SOCIAL,844869,1003.125,24.0,,False
035,COMUNICACIÓN SOCIAL,881667,959.5,43.0,,False
035,COMUNICACIÓN SOCIAL,846753,494.125,203.0,,False
035,COMUNICACIÓN SOCIAL,881036,1204.5,3.0,,False
035,COMUNICACIÓN SOCIAL,884589,683.375,131.0,,False
035,COMUNICACIÓN SOCIAL,826999,761.125,99.0,,False
035,COMUNICACIÓN SOCIAL,866664,720.625,119.0,,False
035,COMUNICACIÓN SOCIAL,832638,982.0,30.0,,False
035,COMUNICACIÓN SOCIAL,867463,749.625,103.0,,False
035,COMUNICACIÓN SOCIAL,864340,,,AUSENTE,True
035,COMUNICACIÓN SOCIAL,860355,641.75,152.0,,False
035,COMUNICACIÓN SOCIAL,845740,724.5,116.0,,False
035,COMUNICACIÓN SOCIAL,867725,537.875,192.0,,False
035,COMUNICACIÓN SOCIAL,833105,730.75,115.0,,False
035,COMUNICACIÓN SOCIAL,879456,967.625,36.0,,False
035,COMUNICACIÓN SOCIAL,825537,745.625,106.0,,False
035,COMUNICACIÓN SOCIAL,860023,809.875,77.0,,False
035,COMUNICACIÓN SOCIAL,863280,1020.625,21.0,,False
035,COMUNICACIÓN SOCIAL,835897,789.375,90.0,,False
035,COMUNICACIÓN SOCIAL,856281,664.0,138.0,,False
035,COMUNICACIÓN SOCIAL,886561,695.875,125.0,,False
035,COMUNICACIÓN SOCIAL,871522,678.625,133.0,,False
035,COMUNICACIÓN SOCIAL,882318,543.875,187.0,,False
035,COMUNICACIÓN SOCIAL,834929,411.25,211.0,,False
035,COMUNICACIÓN SOCIAL,899959,865.375,61.0,,False
035,COMUNICACIÓN SOCIAL,851255,1143.375,6.0,,False
035,COMUNICACIÓN SOCIAL,828396,859.25,62.0,,False
035,COMUNICACIÓN SOCIAL,821197,642.375,151.0,,False
035,COMUNICACIÓN SOCIAL,897618,877.5,56.0,,False
035,COMUNICACIÓN SOCIAL,863408,1077.75,13.0,,False
035,COMUNICACIÓN SOCIAL,858177,657.75,141.0,,False
035,COMUNICACIÓN SOCIAL,880518,986.0,28.0,,False
035,COMUNICACIÓN SOCIAL,832044,981.75,32.0,,False
035,COMUNICACIÓN SOCIAL,882321,791.875,88.0,,False
035,COMUNICACIÓN SOCIAL,833163,1151.0,5.0,,False
035,COMUNICACIÓN SOCIAL,838802,517.25,197.0,,False
035,COMUNICACIÓN SOCIAL,859911,490.5,205.0,,False
035,COMUNICACIÓN SOCIAL,843140,816.625,75.0,,False
035,COMUNICACIÓN SOCIAL,874724,637.125,154.0,,False
035,COMUNICACIÓN SOCIAL,876194,797.0,82.0,,False
035,COMUNICACIÓN SOCIAL,883996,737.75,108.0,,False
035,COMUNICACIÓN SOCIAL,881620,686.5,129.0,,False
035,COMUNICACIÓN SOCIAL,869998,528.75,194.0,,False
035,COMUNICACIÓN SOCIAL,837296,677.625,134.0,,False
035,COMUNICACIÓN SOCIAL,838112,590.5,173.0,,False
035,COMUNICACIÓN SOCIAL,831483,742.5,107.0,,False
035,COMUNICACIÓN SOCIAL,855853,489.125,207.0,,False
035,COMUNICACIÓN SOCIAL,833814,834.125,69.0,,False
035,COMUNICACIÓN SOCIAL,897135,802.5,79.0,,False
035,COMUNICACIÓN SOCIAL,861063,778.25,93.0,,False
035,COMUNICACIÓN SOCIAL,891626,850.5,66.0,,False
035,COMUNICACIÓN SOCIAL,853041,731.875,111.0,,False
035,COMUNICACIÓN SOCIAL,839307,541.875,188.0,,False
035,COMUNICACIÓN SOCIAL,827839,1045.375,18.0,,False
035,COMUNICACIÓN SOCIAL,880621,1077.25,14.0,,False
035,COMUNICACIÓN SOCIAL,822440,757.25,100.0,,False
035,COMUNICACIÓN SOCIAL,831146,983.375,29.0,,False
035,COMUNICACIÓN SOCIAL,883552,1115.0,9.0,,False
035,COMUNICACIÓN SOCIAL,830632,750.75,102.0,,False
035,COMUNICACIÓN SOCIAL,824916,538.375,191.0,,False
035,COMUNICACIÓN SOCIAL,864094,1095.5,10.0,,False
035,COMUNICACIÓN SOCIAL,842696,746.75,105.0,,False
035,COMUNICACIÓN SOCIAL,849819,438.125,210.0,,False
035,COMUNICACIÓN SOCIAL,866871,625.125,159.0,,False
035,COMUNICACIÓN SOCIAL,847364,736.625,110.0,,False
035,COMUNICACIÓN SOCIAL,880313,1012.25,22.0,,False
035,COMUNICACIÓN SOCIAL,850752,645.875,148.0,,False
035,COMUNICACIÓN SOCIAL,857619,695.875,124.0,,False
035,COMUNICACIÓN SOCIAL,874836,669.125,136.0,,False
035,COMUNICACIÓN SOCIAL,832505,459.0,209.0,,False
035,COMUNICACIÓN SOCIAL,832364,1069.625,15.0,,False
035,COMUNICACIÓN SOCIAL,824187,974.125,34.0,,False
035,COMUNICACIÓN SOCIAL,842092,554.625,182.0,,False
035,COMUNICACIÓN SOCIAL,845498,656.625,142.0,,False
035,COMUNICACIÓN SOCIAL,827896,809.0,78.0,,False
035,COMUNICACIÓN SOCIAL,879839,1066.5,16.0,,False
035,COMUNICACIÓN SOCIAL,847306,1194.375,4.0,,False
035,COMUNICACIÓN SOCIAL,875750,791.125,89.0,,False
035,COMUNICACIÓN SOCIAL,849241,717.125,121.0,,False
035,COMUNICACIÓN SOCIAL,860391,510.5,200.0,,False
035,COMUNICACIÓN SOCIAL,875230,793.0,86.0,,False
035,COMUNICACIÓN SOCIAL,871448,643.75,150.0,,False
035,COMUNICACIÓN SOCIAL,829738,666.0,137.0,,False
035,COMUNICACIÓN SOCIAL,894082,523.75,195.0,,False
035,COMUNICACIÓN SOCIAL,855757,819.25,73.0,,False
035,COMUNICACIÓN SOCIAL,894978,540.875,189.0,,False
035,COMUNICACIÓN SOCIAL,868674,753.0,101.0,,False
035,COMUNICACIÓN SOCIAL,846027,855.0,65.0,,False
035,COMUNICACIÓN SOCIAL,840587,933.875,48.0,,False
035,COMUNICACIÓN SOCIAL,832469,1281.75,2.0,,False
035,COMUNICACIÓN SOCIAL,851159,581.875,175.0,,False
035,COMUNICACIÓN SOCIAL,828286,1066.5,17.0,,False
035,COMUNICACIÓN SOCIAL,884505,611.875,166.0,,False
035,COMUNICACIÓN SOCIAL,892331,720.875,118.0,,False
035,COMUNICACIÓN SOCIAL,876358,663.375,139.0,,False
035,COMUNICACIÓN SOCIAL,845369,596.5,170.0,,False
035,COMUNICACIÓN SOCIAL,837486,512.875,199.0,,False
035,COMUNICACIÓN SOCIAL,875097,792.75,87.0,,False
035,COMUNICACIÓN SOCIAL,856805,569.5,180.0,,False
035,COMUNICACIÓN SOCIAL,894695,935.75,47.0,,False
035,COMUNICACIÓN SOCIAL,872380,1121.125,8.0,,False
035,COMUNICACIÓN SOCIAL,862846,686.25,130.0,,False
035,COMUNICACIÓN SOCIAL,894195,944.0,46.0,,False
035,COMUNICACIÓN SOCIAL,844126,960.875,41.0,,False
035,COMUNICACIÓN SOCIAL,874710,1038.875,20.0,,False
035,COMUNICACIÓN SOCIAL,835148,616.125,165.0,,False
035,COMUNICACIÓN SOCIAL,829569,801.125,80.0,,False
035,COMUNICACIÓN SOCIAL,849246,900.875,51.0,,False
035,COMUNICACIÓN SOCIAL,887068,964.875,38.0,,False
035,COMUNICACIÓN SOCIAL,826832,677.375,135.0,,False
035,COMUNICACIÓN SOCIAL,842770,577.25,178.0,,False
035,COMUNICACIÓN SOCIAL,826238,539.5,190.0,,False
035,COMUNICACIÓN SOCIAL,850807,580.625,176.0,,False
035,COMUNICACIÓN SOCIAL,885277,619.125,162.0,,False
035,COMUNICACIÓN SOCIAL,892799,817.75,74.0,,False
035,COMUNICACIÓN SOCIAL,843618,833.5,70.0,,False
035,COMUNICACIÓN SOCIAL,859384,586.375,174.0,,False
035,COMUNICACIÓN SOCIAL,881720,608.0,167.0,,False
035,COMUNICACIÓN SOCIAL,866686,795.875,83.0,,False
035,COMUNICACIÓN SOCIAL,884698,645.625,149.0,,False
035,COMUNICACIÓN SOCIAL,845241,490.875,204.0,,False
035,COMUNICACIÓN SOCIAL,898924,596.0,171.0,,False
035,COMUNICACIÓN SOCIAL,846284,651.0,143.0,,False
035,COMUNICACIÓN SOCIAL,873312,783.125,92.0,,False
035,COMUNICACIÓN SOCIAL,841092,875.5,57.0,,False
035,COMUNICACIÓN SOCIAL,856386,731.25,113.0,,False
035,COMUNICACIÓN SOCIAL,851269,749.625,104.0,,False
035,COMUNICACIÓN SOCIAL,892274,485.875,208.0,,False
035,COMUNICACIÓN SOCIAL,833890,602.25,168.0,,False
035,COMUNICACIÓN SOCIAL,859256,893.5,54.0,,False
035,COMUNICACIÓN SOCIAL,864785,495.25,202.0,,False
035,COMUNICACIÓN SOCIAL,847675,552.625,183.0,,False
035,COMUNICACIÓN SOCIAL,864437,571.75,179.0,,False
035,COMUNICACIÓN SOCIAL,849603,922.625,50.0,,False
035,COMUNICACIÓN SOCIAL,835230,842.0,67.0,,False
035,COMUNICACIÓN SOCIAL,847155,868.5,59.0,,False
039,CONSERVACIÓN Y RESTAURACIÓN,866890,707.375,13.0,,False
039,CONSERVACIÓN Y RESTAURACIÓN,826573,729.875,12.0,,False
039,CONSERVACIÓN Y RESTAURACIÓN,892447,650.125,14.0,,False
039,CONSERVACIÓN Y RESTAURACIÓN,825199,584.25,17.0,,False
039,CONSERVACIÓN Y RESTAURACIÓN,854267,1081.75,2.0,,False
039,CONSERVACIÓN Y RESTAURACIÓN,870981,830.125,5.0,,False
039,CONSERVACIÓN Y RESTAURACIÓN,865233,549.75,18.0,,False
039,CONSERVACIÓN Y RESTAURACIÓN,843395,1197.25,1.0,,False
039,CONSERVACIÓN Y RESTAURACIÓN,826011,505.125,19.0,,False
039,CONSERVACIÓN Y RESTAURACIÓN,828487,824.25,6.0,,False
039,CONSERVACIÓN Y RESTAURACIÓN,855388,960.875,3.0,,False
039,CONSERVACIÓN Y RESTAURACIÓN,840662,772.125,8.0,,False
039,CONSERVACIÓN Y RESTAURACIÓN,889351,756.625,9.0,,False
039,CONSERVACIÓN Y RESTAURACIÓN,896761,585.875,16.0,,False
039,CONSERVACIÓN Y RESTAURACIÓN,874055,744.625,10.0,,False
039,CONSERVACIÓN Y RESTAURACIÓN,859160,953.25,4.0,,False
039,CONSERVACIÓN Y RESTAURACIÓN,873922,794.375,7.0,,False
039,CONSERVACIÓN Y RESTAURACIÓN,842262,741.625,11.0,,False
039,CONSERVACIÓN Y RESTAURACIÓN,856618,443.375,20.0,,False
039,CONSERVACIÓN Y RESTAURACIÓN,896468,649.0,15.0,,False
111,CONTABILIDAD,767072,731.125,146.0,,False
111,CONTABILIDAD,789375,625.625,214.0,,False
111,CONTABILIDAD,732251,454.625,264.0,,False
111,CONTABILIDAD,771653,747.125,139.0,,False
111,CONTABILIDAD,772416,670.25,190.0,,False
111,CONTABILIDAD,764116,856.125,76.0,,False
111,CONTABILIDAD,783412,599.625,230.0,,False
111,CONTABILIDAD,733512,1024.25,16.0,,False
111,CONTABILIDAD,768959,615.75,220.0,,False
111,CONTABILIDAD,728625,1004.75,17.0,,False
111,CONTABILIDAD,781241,696.625,177.0,,False
111,CONTABILIDAD,736195,963.5,25.0,,False
111,CONTABILIDAD,782057,481.875,262.0,,False
111,CONTABILIDAD,730391,420.0,266.0,,False
111,CONTABILIDAD,763575,929.25,41.0,,False
111,CONTABILIDAD,782818,773.0,122.0,,False
111,CONTABILIDAD,750472,783.125,114.0,,False
111,CONTABILIDAD,720972,886.25,54.0,,False
111,CONTABILIDAD,784197,720.125,158.0,,False
111,CONTABILIDAD,769532,943.75,34.0,,False
111,CONTABILIDAD,781517,1260.625,1.0,,False
111,CONTABILIDAD,768842,883.125,55.0,,False
111,CONTABILIDAD,743922,540.625,250.0,,False
111,CONTABILIDAD,763108,704.875,172.0,,False
111,CONTABILIDAD,754045,784.25,113.0,,False
111,CONTABILIDAD,756224,603.5,227.0,,False
111,CONTABILIDAD,759631,965.875,23.0,,False
111,CONTABILIDAD,776450,516.25,255.0,,False
111,CONTABILIDAD,750268,856.375,75.0,,False
111,CONTABILIDAD,790494,534.5,251.0,,False
111,CONTABILIDAD,790214,766.75,128.0,,False
111,CONTABILIDAD,746843,1065.875,7.0,,False
111,CONTABILIDAD,726814,684.5,184.0,,False
111,CONTABILIDAD,790431,,,AUSENTE,True
111,CONTABILIDAD,798628,918.625,44.0,,False
111,CONTABILIDAD,731764,802.0,104.0,,False
111,CONTABILIDAD,797208,1104.75,4.0,,False
111,CONTABILIDAD,757283,728.5,151.0,,False
111,CONTABILIDAD,783529,602.25,229.0,,False
111,CONTABILIDAD,779544,939.75,39.0,,False
111,CONTABILIDAD,747547,862.625,70.0,,False
111,CONTABILIDAD,720210,798.625,106.0,,False
111,CONTABILIDAD,727613,728.5,153.0,,False
111,CONTABILIDAD,728789,735.25,144.0,,False
111,CONTABILIDAD,782972,1049.875,11.0,,False
111,CONTABILIDAD,799889,1165.625,3.0,,False
111,CONTABILIDAD,762808,582.0,241.0,,False
111,CONTABILIDAD,727666,1197.75,2.0,,False
111,CONTABILIDAD,720240,912.125,46.0,,False
111,CONTABILIDAD,753389,631.125,211.0,,False
111,CONTABILIDAD,767410,1054.5,9.0,,False
111,CONTABILIDAD,754360,613.25,223.0,,False
111,CONTABILIDAD,783286,838.125,86.0,,False
111,CONTABILIDAD,771024,638.5,204.0,,False
111,CONTABILIDAD,784814,496.25,259.0,,False
111,CONTABILIDAD,784983,729.625,148.0,,False
111,CONTABILIDAD,736641,637.5,206.0,,False
111,CONTABILIDAD,726688,695.25,179.0,,False
111,CONTABILIDAD,768003,654.875,199.0,,False
111,CONTABILIDAD,750881,694.0,180.0,,False
111,CONTABILIDAD,777292,782.0,116.0,,False
111,CONTABILIDAD,789572,1027.375,15.0,,False
111,CONTABILIDAD,736769,732.5,145.0,,False
111,CONTABILIDAD,731262,898.625,48.0,,False
111,CONTABILIDAD,773701,982.0,20.0,,False
111,CONTABILIDAD,727615,849.875,81.0,,False
111,CONTABILIDAD,774498,614.875,221.0,,False
111,CONTABILIDAD,753169,490.75,261.0,,False
111,CONTABILIDAD,734427,878.0,60.0,,False
111,CONTABILIDAD,756339,758.75,130.0,,False
111,CONTABILIDAD,781811,917.75,45.0,,False
111,CONTABILIDAD,770590,924.75,42.0,,False
111,CONTABILIDAD,797453,592.125,236.0,,False
111,CONTABILIDAD,753723,644.0,201.0,,False
111,CONTABILIDAD,776081,567.375,244.0,,False
111,CONTABILIDAD,748632,526.5,253.0,,False
111,CONTABILIDAD,720746,939.75,38.0,,False
111,CONTABILIDAD,749802,754.75,133.0,,False
111,CONTABILIDAD,750783,842.0,84.0,,False
111,CONTABILIDAD,763873,588.625,238.0,,False
111,CONTABILIDAD,741066,754.75,134.0,,False
111,CONTABILIDAD,729978,678.25,185.0,,False
111,CONTABILIDAD,774348,809.0,101.0,,False
111,CONTABILIDAD,759298,818.0,96.0,,False
111,CONTABILIDAD,790229,629.375,212.0,,False
111,CONTABILIDAD,728939,711.375,163.0,,False
111,CONTABILIDAD,790992,499.375,258.0,,False
111,CONTABILIDAD,752236,562.25,246.0,,False
111,CONTABILIDAD,741073,735.875,143.0,,False
111,CONTABILIDAD,736321,707.375,169.0,,False
111,CONTABILIDAD,721791,852.125,79.0,,False
111,CONTABILIDAD,776382,766.75,127.0,,False
111,CONTABILIDAD,774442,804.875,102.0,,False
111,CONTABILIDAD,760951,897.5,52.0,,False
111,CONTABILIDAD,747161,695.25,178.0,,False
111,CONTABILIDAD,727748,817.0,97.0,,False
111,CONTABILIDAD,774186,716.375,159.0,,False
111,CONTABILIDAD,787493,821.75,95.0,,False
111,CONTABILIDAD,726585,750.75,137.0,,False
111,CONTABILIDAD,736343,962.0,26.0,,False
111,CONTABILIDAD,759169,622.875,216.0,,False
111,CONTABILIDAD,747531,852.875,78.0,,False
111,CONTABILIDAD,726908,449.125,265.0,,False
111,CONTABILIDAD,742879,835.5,87.0,,False
111,CONTABILIDAD,725846,662.0,195.0,,False
111,CONTABILIDAD,792089,939.75,37.0,,False
111,CONTABILIDAD,752535,775.25,121.0,,False
111,CONTABILIDAD,720917,369.125,272.0,,False
111,CONTABILIDAD,726883,988.5,19.0,,False
111,CONTABILIDAD,747774,815.25,98.0,,False
111,CONTABILIDAD,728096,832.875,89.0,,False
111,CONTABILIDAD,755251,657.0,197.0,,False
111,CONTABILIDAD,724874,785.125,112.0,,False
111,CONTABILIDAD,769787,555.375,247.0,,False
111,CONTABILIDAD,750358,658.0,196.0,,False
111,CONTABILIDAD,729547,860.375,71.0,,False
111,CONTABILIDAD,772691,860.375,72.0,,False
111,CONTABILIDAD,749335,707.375,168.0,,False
111,CONTABILIDAD,780027,642.25,202.0,,False
111,CONTABILIDAD,799087,955.5,29.0,,False
111,CONTABILIDAD,786083,710.625,164.0,,False
111,CONTABILIDAD,752759,754.375,135.0,,False
111,CONTABILIDAD,720634,830.125,90.0,,False
111,CONTABILIDAD,731152,707.375,167.0,,False
111,CONTABILIDAD,794097,720.5,157.0,,False
111,CONTABILIDAD,791586,626.375,213.0,,False
111,CONTABILIDAD,741743,822.5,94.0,,False
111,CONTABILIDAD,794358,729.625,149.0,,False
111,CONTABILIDAD,773012,1045.375,13.0,,False
111,CONTABILIDAD,754028,859.25,73.0,,False
111,CONTABILIDAD,777405,768.5,126.0,,False
111,CONTABILIDAD,797041,585.625,240.0,,False
111,CONTABILIDAD,776584,613.0,224.0,,False
111,CONTABILIDAD,721624,567.125,245.0,,False
111,CONTABILIDAD,725793,618.5,218.0,,False
111,CONTABILIDAD,760826,568.125,243.0,,False
111,CONTABILIDAD,783621,546.5,248.0,,False
111,CONTABILIDAD,767426,850.0,80.0,,False
111,CONTABILIDAD,728247,728.5,152.0,,False
111,CONTABILIDAD,745762,738.125,142.0,,False
111,CONTABILIDAD,744797,897.5,51.0,,False
111,CONTABILIDAD,783732,725.125,155.0,,False
111,CONTABILIDAD,751441,797.75,107.0,,False
111,CONTABILIDAD,756226,755.75,132.0,,False
111,CONTABILIDAD,749152,1054.375,10.0,,False
111,CONTABILIDAD,776209,939.75,36.0,,False
111,CONTABILIDAD,760389,897.5,50.0,,False
111,CONTABILIDAD,789841,932.875,40.0,,False
111,CONTABILIDAD,740713,624.75,215.0,,False
111,CONTABILIDAD,794012,708.5,165.0,,False
111,CONTABILIDAD,738966,1066.5,6.0,,False
111,CONTABILIDAD,724296,730.75,147.0,,False
111,CONTABILIDAD,794509,,,AUSENTE,True
111,CONTABILIDAD,783970,853.5,77.0,,False
111,CONTABILIDAD,748050,688.25,183.0,,False
111,CONTABILIDAD,785349,880.375,59.0,,False
111,CONTABILIDAD,782062,945.375,32.0,,False
111,CONTABILIDAD,744498,603.625,226.0,,False
111,CONTABILIDAD,785684,729.5,150.0,,False
111,CONTABILIDAD,728507,698.625,175.0,,False
111,CONTABILIDAD,722903,599.375,231.0,,False
111,CONTABILIDAD,766253,524.25,254.0,,False
111,CONTABILIDAD,751625,666.625,192.0,,False
111,CONTABILIDAD,780327,603.375,228.0,,False
111,CONTABILIDAD,792801,675.0,188.0,,False
111,CONTABILIDAD,740331,494.625,260.0,,False
111,CONTABILIDAD,797137,655.5,198.0,,False
111,CONTABILIDAD,750322,801.375,105.0,,False
111,CONTABILIDAD,798701,727.625,154.0,,False
111,CONTABILIDAD,786064,513.875,256.0,,False
111,CONTABILIDAD,745795,651.75,200.0,,False
111,CONTABILIDAD,768899,792.25,109.0,,False
111,CONTABILIDAD,724823,870.5,68.0,,False
111,CONTABILIDAD,773676,897.5,49.0,,False
111,CONTABILIDAD,762536,667.625,191.0,,False
111,CONTABILIDAD,742095,371.625,271.0,,False
111,CONTABILIDAD,761453,958.75,27.0,,False
111,CONTABILIDAD,724167,846.25,83.0,,False
111,CONTABILIDAD,767052,764.0,129.0,,False
111,CONTABILIDAD,798624,614.625,222.0,,False
111,CONTABILIDAD,777776,876.375,65.0,,False
111,CONTABILIDAD,791309,742.75,141.0,,False
111,CONTABILIDAD,758585,706.625,171.0,,False
111,CONTABILIDAD,734685,665.125,194.0,,False
111,CONTABILIDAD,726890,641.125,203.0,,False
111,CONTABILIDAD,786711,770.75,125.0,,False
111,CONTABILIDAD,728309,876.375,64.0,,False
111,CONTABILIDAD,782560,716.125,160.0,,False
111,CONTABILIDAD,765974,,,AUSENTE,True
111,CONTABILIDAD,723779,1060.75,8.0,,False
111,CONTABILIDAD,792219,596.0,234.0,,False
111,CONTABILIDAD,788739,771.875,124.0,,False
111,CONTABILIDAD,782486,,,AUSENTE,True
111,CONTABILIDAD,794211,871.0,67.0,,False
111,CONTABILIDAD,743958,877.5,62.0,,False
111,CONTABILIDAD,794884,665.625,193.0,,False
111,CONTABILIDAD,740490,810.5,99.0,,False
111,CONTABILIDAD,757025,698.375,176.0,,False
111,CONTABILIDAD,748854,920.0,43.0,,False
111,CONTABILIDAD,729456,786.5,111.0,,False
111,CONTABILIDAD,727986,880.625,58.0,,False
111,CONTABILIDAD,784460,377.375,270.0,,False
111,CONTABILIDAD,747382,597.5,232.0,,False
111,CONTABILIDAD,753541,826.5,92.0,,False
111,CONTABILIDAD,780974,982.0,21.0,,False
111,CONTABILIDAD,735676,1045.375,12.0,,False
111,CONTABILIDAD,749824,576.25,242.0,,False
111,CONTABILIDAD,729716,750.75,138.0,,False
111,CONTABILIDAD,791814,593.5,235.0,,False
111,CONTABILIDAD,750561,637.5,207.0,,False
111,CONTABILIDAD,738555,636.625,208.0,,False
111,CONTABILIDAD,758194,881.5,57.0,,False
111,CONTABILIDAD,755700,724.875,156.0,,False
111,CONTABILIDAD,765843,954.375,30.0,,False
111,CONTABILIDAD,753910,619.625,217.0,,False
111,CONTABILIDAD,733641,712.5,162.0,,False
111,CONTABILIDAD,758754,702.375,174.0,,False
111,CONTABILIDAD,738206,693.5,181.0,,False
111,CONTABILIDAD,757974,876.375,63.0,,False
111,CONTABILIDAD,776490,329.0,273.0,,False
111,CONTABILIDAD,744659,392.875,267.0,,False
111,CONTABILIDAD,741012,877.5,61.0,,False
111,CONTABILIDAD,791254,782.25,115.0,,False
111,CONTABILIDAD,796354,781.125,117.0,,False
111,CONTABILIDAD,734709,708.5,166.0,,False
111,CONTABILIDAD,777980,610.875,225.0,,False
111,CONTABILIDAD,769063,991.25,18.0,,False
111,CONTABILIDAD,728188,956.875,28.0,,False
111,CONTABILIDAD,787864,795.875,108.0,,False
111,CONTABILIDAD,787807,881.625,56.0,,False
111,CONTABILIDAD,780312,691.375,182.0,,False
111,CONTABILIDAD,749688,777.0,120.0,,False
111,CONTABILIDAD,787609,586.125,239.0,,False
111,CONTABILIDAD,767302,541.375,249.0,,False
111,CONTABILIDAD,789890,596.25,233.0,,False
111,CONTABILIDAD,794080,1066.5,5.0,,False
111,CONTABILIDAD,762157,673.25,189.0,,False
111,CONTABILIDAD,742501,1035.0,14.0,,False
111,CONTABILIDAD,743791,780.0,118.0,,False
111,CONTABILIDAD,762511,824.5,93.0,,False
111,CONTABILIDAD,755680,635.25,209.0,,False
111,CONTABILIDAD,783338,946.0,31.0,,False
111,CONTABILIDAD,745358,379.625,269.0,,False
111,CONTABILIDAD,722292,383.0,268.0,,False
111,CONTABILIDAD,785613,875.0,66.0,,False
111,CONTABILIDAD,733980,834.125,88.0,,False
111,CONTABILIDAD,790878,779.75,119.0,,False
111,CONTABILIDAD,797021,676.875,187.0,,False
111,CONTABILIDAD,767983,891.625,53.0,,False
111,CONTABILIDAD,764951,677.75,186.0,,False
111,CONTABILIDAD,767303,534.375,252.0,,False
111,CONTABILIDAD,775358,944.25,33.0,,False
111,CONTABILIDAD,766796,943.375,35.0,,False
111,CONTABILIDAD,721084,704.25,173.0,,False
111,CONTABILIDAD,742634,827.125,91.0,,False
111,CONTABILIDAD,754004,841.5,85.0,,False
111,CONTABILIDAD,783882,591.0,237.0,,False
111,CONTABILIDAD,787847,964.875,24.0,,False
111,CONTABILIDAD,799239,746.5,140.0,,False
111,CONTABILIDAD,732101,910.375,47.0,,False
111,CONTABILIDAD,766238,847.125,82.0,,False
111,CONTABILIDAD,768918,480.25,263.0,,False
111,CONTABILIDAD,784156,809.0,100.0,,False
111,CONTABILIDAD,780331,616.0,219.0,,False
111,CONTABILIDAD,742804,802.25,103.0,,False
111,CONTABILIDAD,781886,757.75,131.0,,False
111,CONTABILIDAD,760333,791.875,110.0,,False
111,CONTABILIDAD,777889,633.625,210.0,,False
111,CONTABILIDAD,753639,713.5,161.0,,False
111,CONTABILIDAD,759107,754.125,136.0,,False
111,CONTABILIDAD,777791,771.875,123.0,,False
111,CONTABILIDAD,739716,638.25,205.0,,False
111,CONTABILIDAD,774780,707.375,170.0,,False
111,CONTABILIDAD,727706,504.25,257.0,,False
111,CONTABILIDAD,789950,966.25,22.0,,False
111,CONTABILIDAD,791050,864.25,69.0,,False
111,CONTABILIDAD,727184,859.125,74.0,,False
115,CRIMINALÍSTICA FINANCIERA FORENSE,789970,806.25,20.0,,False
115,CRIMINALÍSTICA FINANCIERA FORENSE,792235,686.25,39.0,,False
115,CRIMINALÍSTICA FINANCIERA FORENSE,727055,756.625,29.0,,False
115,CRIMINALÍSTICA FINANCIERA FORENSE,735840,519.5,56.0,,False
115,CRIMINALÍSTICA FINANCIERA FORENSE,743248,1066.5,3.0,,False
115,CRIMINALÍSTICA FINANCIERA FORENSE,786801,643.375,46.0,,False
115,CRIMINALÍSTICA FINANCIERA FORENSE,725549,680.5,41.0,,False
115,CRIMINALÍSTICA FINANCIERA FORENSE,735992,845.875,16.0,,False
115,CRIMINALÍSTICA FINANCIERA FORENSE,724133,793.0,22.0,,False
115,CRIMINALÍSTICA FINANCIERA FORENSE,727894,1104.75,1.0,,False
115,CRIMINALÍSTICA FINANCIERA FORENSE,736457,499.0,57.0,,False
115,CRIMINALÍSTICA FINANCIERA FORENSE,724576,686.25,40.0,,False
115,CRIMINALÍSTICA FINANCIERA FORENSE,773722,848.5,15.0,,False
115,CRIMINALÍSTICA FINANCIERA FORENSE,780660,592.375,52.0,,False
115,CRIMINALÍSTICA FINANCIERA FORENSE,779303,763.875,28.0,,False
115,CRIMINALÍSTICA FINANCIERA FORENSE,792108,730.75,32.0,,False
115,CRIMINALÍSTICA FINANCIERA FORENSE,748408,327.375,58.0,,False
115,CRIMINALÍSTICA FINANCIERA FORENSE,722287,655.875,42.0,,False
115,CRIMINALÍSTICA FINANCIERA FORENSE,730128,1087.625,2.0,,False
115,CRIMINALÍSTICA FINANCIERA FORENSE,773231,897.5,9.0,,False
115,CRIMINALÍSTICA FINANCIERA FORENSE,781648,783.75,24.0,,False
115,CRIMINALÍSTICA FINANCIERA FORENSE,742209,778.875,25.0,,False
115,CRIMINALÍSTICA FINANCIERA FORENSE,746299,718.875,35.0,,False
115,CRIMINALÍSTICA FINANCIERA FORENSE,730476,813.5,19.0,,False
115,CRIMINALÍSTICA FINANCIERA FORENSE,722253,636.125,47.0,,False
115,CRIMINALÍSTICA FINANCIERA FORENSE,787234,620.375,49.0,,False
115,CRIMINALÍSTICA FINANCIERA FORENSE,784442,608.125,51.0,,False
115,CRIMINALÍSTICA FINANCIERA FORENSE,774725,724.5,33.0,,False
115,CRIMINALÍSTICA FINANCIERA FORENSE,784232,834.125,18.0,,False
115,CRIMINALÍSTICA FINANCIERA FORENSE,746427,1049.375,5.0,,False
115,CRIMINALÍSTICA FINANCIERA FORENSE,747175,857.75,12.0,,False
115,CRIMINALÍSTICA FINANCIERA FORENSE,762626,1055.0,4.0,,False
115,CRIMINALÍSTICA FINANCIERA FORENSE,744906,795.875,21.0,,False
115,CRIMINALÍSTICA FINANCIERA FORENSE,785371,,,AUSENTE,True
115,CRIMINALÍSTICA FINANCIERA FORENSE,782444,584.75,53.0,,False
115,CRIMINALÍSTICA FINANCIERA FORENSE,730587,655.75,43.0,,False
115,CRIMINALÍSTICA FINANCIERA FORENSE,760204,742.5,31.0,,False
115,CRIMINALÍSTICA FINANCIERA FORENSE,756500,526.5,54.0,,False
115,CRIMINALÍSTICA FINANCIERA FORENSE,727670,842.0,17.0,,False
115,CRIMINALÍSTICA FINANCIERA FORENSE,743273,260.875,59.0,,False
115,CRIMINALÍSTICA FINANCIERA FORENSE,725009,611.75,50.0,,False
115,CRIMINALÍSTICA FINANCIERA FORENSE,780881,708.5,37.0,,False
115,CRIMINALÍSTICA FINANCIERA FORENSE,767386,753.5,30.0,,False
115,CRIMINALÍSTICA FINANCIERA FORENSE,778707,774.75,26.0,,False
115,CRIMINALÍSTICA FINANCIERA FORENSE,792610,851.0,14.0,,False
115,CRIMINALÍSTICA FINANCIERA FORENSE,721356,722.625,34.0,,False
115,CRIMINALÍSTICA FINANCIERA FORENSE,754157,523.25,55.0,,False
115,CRIMINALÍSTICA FINANCIERA FORENSE,737531,962.0,7.0,,False
115,CRIMINALÍSTICA FINANCIERA FORENSE,772487,649.25,44.0,,False
115,CRIMINALÍSTICA FINANCIERA FORENSE,771911,851.25,13.0,,False
115,CRIMINALÍSTICA FINANCIERA FORENSE,794114,696.625,38.0,,False
115,CRIMINALÍSTICA FINANCIERA FORENSE,728304,966.0,6.0,,False
115,CRIMINALÍSTICA FINANCIERA FORENSE,796781,648.25,45.0,,False
115,CRIMINALÍSTICA FINANCIERA FORENSE,746155,629.25,48.0,,False
115,CRIMINALÍSTICA FINANCIERA FORENSE,794622,709.5,36.0,,False
115,CRIMINALÍSTICA FINANCIERA FORENSE,785652,791.875,23.0,,False
115,CRIMINALÍSTICA FINANCIERA FORENSE,790224,872.125,10.0,,False
115,CRIMINALÍSTICA FINANCIERA FORENSE,765415,901.5,8.0,,False
115,CRIMINALÍSTICA FINANCIERA FORENSE,750095,766.75,27.0,,False
115,CRIMINALÍSTICA FINANCIERA FORENSE,737353,860.5,11.0,,False
038,DANZA,885222,593.75,4.0,,False
038,DANZA,837108,437.25,7.0,,False
038,DANZA,861748,648.75,3.0,,False
038,DANZA,887848,961.125,2.0,,False
038,DANZA,855855,512.875,5.0,,False
038,DANZA,899869,1051.0,1.0,,False
038,DANZA,837051,459.75,6.0,,False
022,DERECHO,898921,645.625,812.0,,False
022,DERECHO,861917,505.25,1007.0,,False
022,DERECHO,853450,960.875,186.0,,False
022,DERECHO,824266,558.875,948.0,,False
022,DERECHO,843439,941.125,213.0,,False
022,DERECHO,870053,1051.625,93.0,,False
022,DERECHO,880029,690.125,727.0,,False
022,DERECHO,837054,729.0,627.0,,False
022,DERECHO,876009,1011.0,124.0,,False
022,DERECHO,845427,662.5,783.0,,False
022,DERECHO,859148,1003.125,134.0,,False
022,DERECHO,832232,616.0,869.0,,False
022,DERECHO,866127,616.5,868.0,,False
022,DERECHO,869014,667.375,773.0,,False
022,DERECHO,892767,855.25,358.0,,False
022,DERECHO,844700,724.25,643.0,,False
022,DERECHO,894267,932.625,229.0,,False
022,DERECHO,824250,931.0,233.0,,False
022,DERECHO,838576,483.125,1023.0,,False
022,DERECHO,881969,584.875,917.0,,False
022,DERECHO,852576,978.25,161.0,,False
022,DERECHO,841757,834.125,395.0,,False
022,DERECHO,841876,834.125,396.0,,False
022,DERECHO,892275,1108.75,55.0,,False
022,DERECHO,820768,657.375,793.0,,False
022,DERECHO,858474,522.0,985.0,,False
022,DERECHO,895220,962.0,184.0,,False
022,DERECHO,867132,791.875,485.0,,False
022,DERECHO,844816,751.875,576.0,,False
022,DERECHO,857773,711.375,669.0,,False
022,DERECHO,830647,982.0,159.0,,False
022,DERECHO,867335,1108.75,53.0,,False
022,DERECHO,874293,800.375,463.0,,False
022,DERECHO,833832,,,AUSENTE,True
022,DERECHO,860043,415.25,1060.0,,False
022,DERECHO,825180,751.0,577.0,,False
022,DERECHO,830521,909.875,264.0,,False
022,DERECHO,888402,982.0,156.0,,False
022,DERECHO,872584,944.25,208.0,,False
022,DERECHO,890266,855.5,354.0,,False
022,DERECHO,877736,703.375,694.0,,False
022,DERECHO,843976,563.625,943.0,,False
022,DERECHO,842337,1155.0,37.0,,False
022,DERECHO,853364,855.25,355.0,,False
022,DERECHO,845541,775.875,510.0,,False
022,DERECHO,893319,1007.125,131.0,,False
022,DERECHO,885426,814.625,437.0,,False
022,DERECHO,850307,750.75,580.0,,False
022,DERECHO,863018,670.75,762.0,,False
022,DERECHO,897562,1004.25,133.0,,False
022,DERECHO,846359,991.625,142.0,,False
022,DERECHO,843513,543.625,963.0,,False
022,DERECHO,892909,1200.0,25.0,,False
022,DERECHO,848429,618.0,866.0,,False
022,DERECHO,887549,901.5,274.0,,False
022,DERECHO,848497,701.125,700.0,,False
022,DERECHO,829571,511.25,997.0,,False
022,DERECHO,874543,515.5,993.0,,False
022,DERECHO,870813,835.125,390.0,,False
022,DERECHO,872070,772.125,520.0,,False
022,DERECHO,827430,980.25,160.0,,False
022,DERECHO,877689,771.875,523.0,,False
022,DERECHO,828659,1284.0,10.0,,False
022,DERECHO,822330,897.5,282.0,,False
022,DERECHO,837314,876.375,315.0,,False
022,DERECHO,824661,710.75,672.0,,False
022,DERECHO,896967,875.5,322.0,,False
022,DERECHO,890468,679.75,751.0,,False
022,DERECHO,826982,861.125,341.0,,False
022,DERECHO,896333,1091.625,64.0,,False
022,DERECHO,899408,671.875,759.0,,False
022,DERECHO,822780,720.5,650.0,,False
022,DERECHO,856687,742.875,596.0,,False
022,DERECHO,838241,943.125,210.0,,False
022,DERECHO,867557,737.75,603.0,,False
022,DERECHO,831787,445.0,1047.0,,False
022,DERECHO,861106,1304.0,4.0,,False
022,DERECHO,885181,671.375,761.0,,False
022,DERECHO,834542,820.875,420.0,,False
022,DERECHO,870279,571.375,936.0,,False
022,DERECHO,831699,1087.625,69.0,,False
022,DERECHO,877354,935.0,226.0,,False
022,DERECHO,845037,559.5,946.0,,False
022,DERECHO,850342,834.125,397.0,,False
022,DERECHO,826516,,,AUSENTE,True
022,DERECHO,838206,940.625,216.0,,False
022,DERECHO,870127,818.875,426.0,,False
022,DERECHO,847548,,,AUSENTE,True
022,DERECHO,840474,662.625,782.0,,False
022,DERECHO,872822,750.75,579.0,,False
022,DERECHO,874702,775.875,511.0,,False
022,DERECHO,846733,1138.375,44.0,,False
022,DERECHO,875788,887.125,297.0,,False
022,DERECHO,823350,976.125,166.0,,False
022,DERECHO,870038,506.25,1006.0,,False
022,DERECHO,852632,504.5,1008.0,,False
022,DERECHO,870146,897.5,286.0,,False
022,DERECHO,825314,809.875,449.0,,False
022,DERECHO,858533,502.25,1010.0,,False
022,DERECHO,858323,774.125,515.0,,False
022,DERECHO,872159,,,AUSENTE,True
022,DERECHO,829918,793.75,477.0,,False
022,DERECHO,839526,934.375,227.0,,False
022,DERECHO,870774,682.125,748.0,,False
022,DERECHO,833679,732.125,619.0,,False
022,DERECHO,860417,711.875,667.0,,False
022,DERECHO,862902,1108.75,54.0,,False
022,DERECHO,850713,838.625,381.0,,False
022,DERECHO,843082,573.5,933.0,,False
022,DERECHO,895384,1025.125,116.0,,False
022,DERECHO,833355,984.5,147.0,,False
022,DERECHO,851751,507.125,1002.0,,False
022,DERECHO,826460,881.5,307.0,,False
022,DERECHO,872348,766.75,541.0,,False
022,DERECHO,832006,1029.625,111.0,,False
022,DERECHO,884737,1108.75,56.0,,False
022,DERECHO,882304,447.375,1045.0,,False
022,DERECHO,826930,772.0,521.0,,False
022,DERECHO,830904,582.875,919.0,,False
022,DERECHO,840478,856.125,353.0,,False
022,DERECHO,845392,1298.875,7.0,,False
022,DERECHO,891220,1095.25,61.0,,False
022,DERECHO,820156,1006.25,132.0,,False
022,DERECHO,837741,603.125,889.0,,False
022,DERECHO,893523,1041.125,102.0,,False
022,DERECHO,841635,843.625,377.0,,False
022,DERECHO,892703,940.5,217.0,,False
022,DERECHO,863926,913.25,259.0,,False
022,DERECHO,829705,983.125,148.0,,False
022,DERECHO,880426,746.5,585.0,,False
022,DERECHO,899857,,,AUSENTE,True
022,DERECHO,864502,931.0,232.0,,False
022,DERECHO,866617,710.75,671.0,,False
022,DERECHO,894660,758.75,553.0,,False
022,DERECHO,833126,919.75,245.0,,False
022,DERECHO,861512,1172.125,33.0,,False
022,DERECHO,872064,1007.375,128.0,,False
022,DERECHO,896442,991.0,143.0,,False
022,DERECHO,883400,789.875,491.0,,False
022,DERECHO,880049,502.875,1009.0,,False
022,DERECHO,825455,606.875,886.0,,False
022,DERECHO,822295,851.5,364.0,,False
022,DERECHO,870365,943.125,211.0,,False
022,DERECHO,846676,753.625,569.0,,False
022,DERECHO,827537,1002.25,136.0,,False
022,DERECHO,890805,591.5,909.0,,False
022,DERECHO,866668,752.125,575.0,,False
022,DERECHO,824894,685.375,740.0,,False
022,DERECHO,876960,746.5,584.0,,False
022,DERECHO,875004,852.75,361.0,,False
022,DERECHO,885428,1000.25,137.0,,False
022,DERECHO,874092,813.875,441.0,,False
022,DERECHO,888725,1055.5,91.0,,False
022,DERECHO,886153,964.25,182.0,,False
022,DERECHO,877536,901.125,276.0,,False
022,DERECHO,857560,834.125,399.0,,False
022,DERECHO,897565,704.0,689.0,,False
022,DERECHO,847779,1104.75,58.0,,False
022,DERECHO,838487,701.625,698.0,,False
022,DERECHO,847870,,,AUSENTE,True
022,DERECHO,873329,614.125,875.0,,False
022,DERECHO,898269,696.625,705.0,,False
022,DERECHO,852689,968.5,174.0,,False
022,DERECHO,865976,690.25,725.0,,False
022,DERECHO,855983,759.25,552.0,,False
022,DERECHO,862084,1070.5,79.0,,False
022,DERECHO,842580,1066.5,84.0,,False
022,DERECHO,822759,661.125,784.0,,False
022,DERECHO,862793,708.25,678.0,,False
022,DERECHO,843441,754.75,566.0,,False
022,DERECHO,857246,478.625,1026.0,,False
022,DERECHO,888647,696.75,704.0,,False
022,DERECHO,848534,733.125,616.0,,False
022,DERECHO,827651,719.75,654.0,,False
022,DERECHO,850939,690.75,721.0,,False
022,DERECHO,887347,718.75,658.0,,False
022,DERECHO,829942,685.625,739.0,,False
022,DERECHO,875841,965.375,180.0,,False
022,DERECHO,846957,896.625,287.0,,False
022,DERECHO,855628,719.0,656.0,,False
022,DERECHO,855981,513.0,996.0,,False
022,DERECHO,871934,818.625,427.0,,False
022,DERECHO,863200,831.0,406.0,,False
022,DERECHO,892688,915.25,255.0,,False
022,DERECHO,846563,877.5,311.0,,False
022,DERECHO,884815,1193.25,28.0,,False
022,DERECHO,888369,543.125,965.0,,False
022,DERECHO,888945,524.875,982.0,,False
022,DERECHO,870683,554.5,950.0,,False
022,DERECHO,837687,605.625,887.0,,False
022,DERECHO,828899,594.25,903.0,,False
022,DERECHO,848077,890.625,295.0,,False
022,DERECHO,868790,,,AUSENTE,True
022,DERECHO,850602,893.5,291.0,,False
022,DERECHO,870337,766.75,537.0,,False
022,DERECHO,836870,816.625,434.0,,False
022,DERECHO,832156,807.25,454.0,,False
022,DERECHO,874559,446.625,1046.0,,False
022,DERECHO,849189,1009.0,126.0,,False
022,DERECHO,857098,821.5,418.0,,False
022,DERECHO,863670,730.125,624.0,,False
022,DERECHO,831578,733.75,613.0,,False
022,DERECHO,870725,1173.25,32.0,,False
022,DERECHO,889766,524.75,983.0,,False
022,DERECHO,872306,960.625,187.0,,False
022,DERECHO,873344,387.625,1066.0,,False
022,DERECHO,820205,631.75,839.0,,False
022,DERECHO,899253,986.0,146.0,,False
022,DERECHO,899500,646.0,811.0,,False
022,DERECHO,837331,763.75,545.0,,False
022,DERECHO,871648,585.75,915.0,,False
022,DERECHO,876659,809.0,450.0,,False
022,DERECHO,841499,463.375,1037.0,,False
022,DERECHO,865773,619.375,865.0,,False
022,DERECHO,864711,624.875,853.0,,False
022,DERECHO,887285,915.75,254.0,,False
022,DERECHO,825031,741.375,600.0,,False
022,DERECHO,852403,514.125,995.0,,False
022,DERECHO,866928,1007.125,129.0,,False
022,DERECHO,833091,611.0,881.0,,False
022,DERECHO,826462,732.125,620.0,,False
022,DERECHO,865470,615.25,870.0,,False
022,DERECHO,875352,856.625,348.0,,False
022,DERECHO,870513,994.375,139.0,,False
022,DERECHO,854698,960.875,185.0,,False
022,DERECHO,852596,838.125,382.0,,False
022,DERECHO,847828,630.25,843.0,,False
022,DERECHO,843023,601.75,893.0,,False
022,DERECHO,851107,939.75,219.0,,False
022,DERECHO,864099,462.0,1038.0,,False
022,DERECHO,885590,736.625,607.0,,False
022,DERECHO,884417,684.5,742.0,,False
022,DERECHO,856986,753.625,570.0,,False
022,DERECHO,826292,703.375,693.0,,False
022,DERECHO,844258,,,AUSENTE,True
022,DERECHO,870629,728.5,629.0,,False
022,DERECHO,885856,497.25,1015.0,,False
022,DERECHO,820692,859.25,344.0,,False
022,DERECHO,822946,793.5,478.0,,False
022,DERECHO,869010,935.75,224.0,,False
022,DERECHO,884392,755.0,564.0,,False
022,DERECHO,828206,910.5,262.0,,False
022,DERECHO,879452,647.0,809.0,,False
022,DERECHO,889391,,,AUSENTE,True
022,DERECHO,879249,773.25,517.0,,False
022,DERECHO,867616,795.25,476.0,,False
022,DERECHO,829869,455.5,1040.0,,False
022,DERECHO,878545,737.125,606.0,,False
022,DERECHO,869902,728.75,628.0,,False
022,DERECHO,870700,1071.625,77.0,,False
022,DERECHO,890162,753.25,571.0,,False
022,DERECHO,877087,988.25,145.0,,False
022,DERECHO,838840,789.875,492.0,,False
022,DERECHO,827650,579.625,925.0,,False
022,DERECHO,883938,722.625,648.0,,False
022,DERECHO,829512,914.125,256.0,,False
022,DERECHO,860379,466.125,1033.0,,False
022,DERECHO,870745,582.25,920.0,,False
022,DERECHO,835027,569.125,940.0,,False
022,DERECHO,898010,433.75,1052.0,,False
022,DERECHO,870017,745.375,588.0,,False
022,DERECHO,838952,569.5,939.0,,False
022,DERECHO,859611,,,AUSENTE,True
022,DERECHO,887350,601.75,892.0,,False
022,DERECHO,830707,703.0,695.0,,False
022,DERECHO,890680,796.375,471.0,,False
022,DERECHO,881055,720.0,652.0,,False
022,DERECHO,862063,825.875,411.0,,False
022,DERECHO,877385,1045.375,99.0,,False
022,DERECHO,884667,525.0,981.0,,False
022,DERECHO,899239,769.375,530.0,,False
022,DERECHO,844055,770.75,525.0,,False
022,DERECHO,872736,1045.375,98.0,,False
022,DERECHO,885875,881.75,305.0,,False
022,DERECHO,867559,767.625,534.0,,False
022,DERECHO,883602,590.25,910.0,,False
022,DERECHO,841702,645.625,813.0,,False
022,DERECHO,879433,879.75,309.0,,False
022,DERECHO,873273,946.125,202.0,,False
022,DERECHO,895010,644.0,818.0,,False
022,DERECHO,827302,624.5,854.0,,False
022,DERECHO,832136,935.75,225.0,,False
022,DERECHO,882694,982.5,151.0,,False
022,DERECHO,882466,695.375,706.0,,False
022,DERECHO,899140,894.625,289.0,,False
022,DERECHO,890041,1195.5,27.0,,False
022,DERECHO,876904,,,AUSENTE,True
022,DERECHO,882245,608.75,883.0,,False
022,DERECHO,890562,1185.125,30.0,,False
022,DERECHO,820337,769.375,531.0,,False
022,DERECHO,866984,876.125,321.0,,False
022,DERECHO,836042,1102.875,59.0,,False
022,DERECHO,842915,946.0,203.0,,False
022,DERECHO,824621,576.5,929.0,,False
022,DERECHO,890193,795.5,475.0,,False
022,DERECHO,865960,1205.0,24.0,,False
022,DERECHO,859835,852.125,362.0,,False
022,DERECHO,859741,768.25,533.0,,False
022,DERECHO,832491,640.0,827.0,,False
022,DERECHO,855220,744.25,592.0,,False
022,DERECHO,891213,922.25,241.0,,False
022,DERECHO,844344,,,AUSENTE,True
022,DERECHO,857688,734.125,611.0,,False
022,DERECHO,883953,834.125,401.0,,False
022,DERECHO,889969,667.625,772.0,,False
022,DERECHO,880662,397.875,1065.0,,False
022,DERECHO,850383,1041.375,101.0,,False
022,DERECHO,830553,825.375,412.0,,False
022,DERECHO,871840,624.0,857.0,,False
022,DERECHO,871190,1161.125,36.0,,False
022,DERECHO,879809,676.375,755.0,,False
022,DERECHO,836028,644.875,815.0,,False
022,DERECHO,867596,718.375,659.0,,False
022,DERECHO,897993,917.75,250.0,,False
022,DERECHO,873199,951.0,197.0,,False
022,DERECHO,838807,644.0,819.0,,False
022,DERECHO,832662,684.625,741.0,,False
022,DERECHO,847513,943.75,209.0,,False
022,DERECHO,844166,816.625,433.0,,False
022,DERECHO,845516,540.625,966.0,,False
022,DERECHO,838154,588.5,913.0,,False
022,DERECHO,846038,1077.75,73.0,,False
022,DERECHO,865999,706.125,684.0,,False
022,DERECHO,885616,597.0,901.0,,False
022,DERECHO,876997,823.75,415.0,,False
022,DERECHO,857478,490.0,1019.0,,False
022,DERECHO,824803,791.375,487.0,,False
022,DERECHO,875899,886.625,298.0,,False
022,DERECHO,833573,876.875,312.0,,False
022,DERECHO,844087,1020.25,119.0,,False
022,DERECHO,883830,856.375,350.0,,False
022,DERECHO,821645,595.625,902.0,,False
022,DERECHO,842657,1221.75,22.0,,False
022,DERECHO,837888,935.75,223.0,,False
022,DERECHO,889006,755.875,561.0,,False
022,DERECHO,891512,494.625,1017.0,,False
022,DERECHO,877070,641.125,824.0,,False
022,DERECHO,864059,964.875,181.0,,False
022,DERECHO,846599,945.125,206.0,,False
022,DERECHO,885453,602.25,890.0,,False
022,DERECHO,874259,1050.5,94.0,,False
022,DERECHO,864565,1040.625,103.0,,False
022,DERECHO,861307,953.25,195.0,,False
022,DERECHO,853506,627.375,846.0,,False
022,DERECHO,892371,724.25,642.0,,False
022,DERECHO,885242,967.625,175.0,,False
022,DERECHO,822463,774.75,513.0,,False
022,DERECHO,822848,473.25,1028.0,,False
022,DERECHO,858047,856.375,351.0,,False
022,DERECHO,880365,761.5,549.0,,False
022,DERECHO,824783,525.875,980.0,,False
022,DERECHO,888253,876.625,313.0,,False
022,DERECHO,870201,931.875,230.0,,False
022,DERECHO,865844,983.125,150.0,,False
022,DERECHO,861218,758.625,555.0,,False
022,DERECHO,853750,644.0,820.0,,False
022,DERECHO,849186,729.625,626.0,,False
022,DERECHO,849579,818.125,430.0,,False
022,DERECHO,853136,701.375,699.0,,False
022,DERECHO,829181,1018.375,120.0,,False
022,DERECHO,880013,809.875,448.0,,False
022,DERECHO,858305,1024.25,117.0,,False
022,DERECHO,879102,626.5,847.0,,False
022,DERECHO,868937,644.25,817.0,,False
022,DERECHO,889505,834.875,391.0,,False
022,DERECHO,878838,898.875,279.0,,False
022,DERECHO,825124,697.5,703.0,,False
022,DERECHO,841672,933.75,228.0,,False
022,DERECHO,850565,678.25,752.0,,False
022,DERECHO,869061,796.625,469.0,,False
022,DERECHO,877802,463.875,1035.0,,False
022,DERECHO,862459,883.125,302.0,,False
022,DERECHO,891739,561.125,944.0,,False
022,DERECHO,848405,640.0,828.0,,False
022,DERECHO,889036,965.375,179.0,,False
022,DERECHO,870034,485.0,1022.0,,False
022,DERECHO,834331,538.875,968.0,,False
022,DERECHO,834408,752.125,574.0,,False
022,DERECHO,878513,660.875,786.0,,False
022,DERECHO,831393,897.5,283.0,,False
022,DERECHO,871114,771.875,522.0,,False
022,DERECHO,870165,982.0,153.0,,False
022,DERECHO,837366,744.0,593.0,,False
022,DERECHO,874486,719.5,655.0,,False
022,DERECHO,889001,878.875,310.0,,False
022,DERECHO,867857,531.0,978.0,,False
022,DERECHO,871545,931.0,234.0,,False
022,DERECHO,880195,966.0,178.0,,False
022,DERECHO,849359,1007.625,127.0,,False
022,DERECHO,853359,693.25,711.0,,False
022,DERECHO,823839,1244.0,15.0,,False
022,DERECHO,832983,829.5,409.0,,False
022,DERECHO,896297,758.0,556.0,,False
022,DERECHO,842076,1129.875,49.0,,False
022,DERECHO,869901,620.875,864.0,,False
022,DERECHO,873159,1091.625,65.0,,False
022,DERECHO,894139,833.5,403.0,,False
022,DERECHO,874035,720.5,651.0,,False
022,DERECHO,867889,615.0,871.0,,False
022,DERECHO,894380,863.125,340.0,,False
022,DERECHO,884983,1080.5,71.0,,False
022,DERECHO,830187,1062.5,88.0,,False
022,DERECHO,890950,835.25,389.0,,False
022,DERECHO,856151,1235.5,18.0,,False
022,DERECHO,839023,902.625,272.0,,False
022,DERECHO,871973,575.5,930.0,,False
022,DERECHO,867800,789.0,493.0,,False
022,DERECHO,844387,1031.625,107.0,,False
022,DERECHO,830063,671.375,760.0,,False
022,DERECHO,897269,1073.875,76.0,,False
022,DERECHO,873440,642.0,823.0,,False
022,DERECHO,892929,636.75,832.0,,False
022,DERECHO,891892,1354.125,2.0,,False
022,DERECHO,857543,656.125,795.0,,False
022,DERECHO,868785,797.75,468.0,,False
022,DERECHO,883851,728.5,630.0,,False
022,DERECHO,824290,647.375,808.0,,False
022,DERECHO,854700,660.875,785.0,,False
022,DERECHO,875746,733.5,614.0,,False
022,DERECHO,825978,1010.5,125.0,,False
022,DERECHO,895720,533.625,975.0,,False
022,DERECHO,857621,1066.5,86.0,,False
022,DERECHO,866755,451.25,1044.0,,False
022,DERECHO,823889,734.0,612.0,,False
022,DERECHO,844143,650.125,804.0,,False
022,DERECHO,868345,840.875,378.0,,False
022,DERECHO,883067,686.25,735.0,,False
022,DERECHO,836064,859.75,343.0,,False
022,DERECHO,859350,578.625,928.0,,False
022,DERECHO,890709,913.25,258.0,,False
022,DERECHO,859501,621.875,863.0,,False
022,DERECHO,883683,654.625,797.0,,False
022,DERECHO,868060,791.875,481.0,,False
022,DERECHO,864433,481.375,1025.0,,False
022,DERECHO,882691,691.875,715.0,,False
022,DERECHO,838430,645.125,814.0,,False
022,DERECHO,845168,673.25,758.0,,False
022,DERECHO,882562,600.0,894.0,,False
022,DERECHO,849686,500.625,1012.0,,False
022,DERECHO,874336,704.5,688.0,,False
022,DERECHO,854623,769.625,529.0,,False
022,DERECHO,847942,510.75,998.0,,False
022,DERECHO,841670,550.625,958.0,,False
022,DERECHO,846081,812.75,445.0,,False
022,DERECHO,861697,951.875,196.0,,False
022,DERECHO,865556,865.5,337.0,,False
022,DERECHO,861716,624.25,856.0,,False
022,DERECHO,886321,616.75,867.0,,False
022,DERECHO,836792,1016.125,121.0,,False
022,DERECHO,821436,398.875,1064.0,,False
022,DERECHO,827304,554.375,951.0,,False
022,DERECHO,872470,724.5,641.0,,False
022,DERECHO,852429,942.875,212.0,,False
022,DERECHO,859178,1187.375,29.0,,False
022,DERECHO,833366,686.25,733.0,,False
022,DERECHO,825640,912.75,261.0,,False
022,DERECHO,872211,675.375,757.0,,False
022,DERECHO,869195,605.125,888.0,,False
022,DERECHO,854184,508.5,1001.0,,False
022,DERECHO,877519,793.0,480.0,,False
022,DERECHO,867798,1003.125,135.0,,False
022,DERECHO,898666,550.125,959.0,,False
022,DERECHO,858196,640.875,825.0,,False
022,DERECHO,857674,581.625,921.0,,False
022,DERECHO,845836,806.25,456.0,,False
022,DERECHO,894698,822.0,417.0,,False
022,DERECHO,845691,539.0,967.0,,False
022,DERECHO,871245,767.375,535.0,,False
022,DERECHO,829940,944.875,207.0,,False
022,DERECHO,890851,691.375,718.0,,False
022,DERECHO,842543,741.875,599.0,,False
022,DERECHO,847927,693.0,712.0,,False
022,DERECHO,849468,834.125,392.0,,False
022,DERECHO,874634,568.625,941.0,,False
022,DERECHO,852667,873.875,326.0,,False
022,DERECHO,844906,743.875,594.0,,False
022,DERECHO,853036,779.25,506.0,,False
022,DERECHO,864929,1062.5,89.0,,False
022,DERECHO,842522,1036.625,104.0,,False
022,DERECHO,859923,837.125,384.0,,False
022,DERECHO,889890,1133.25,46.0,,False
022,DERECHO,894473,969.875,171.0,,False
022,DERECHO,829313,597.75,899.0,,False
022,DERECHO,882750,763.625,546.0,,False
022,DERECHO,842467,301.5,1072.0,,False
022,DERECHO,828808,940.625,215.0,,False
022,DERECHO,855966,1196.0,26.0,,False
022,DERECHO,890894,798.5,467.0,,False
022,DERECHO,853283,737.5,604.0,,False
022,DERECHO,874185,719.75,653.0,,False
022,DERECHO,821785,930.5,235.0,,False
022,DERECHO,859126,622.875,861.0,,False
022,DERECHO,832717,966.0,177.0,,False
022,DERECHO,878989,734.75,609.0,,False
022,DERECHO,844480,1164.125,35.0,,False
022,DERECHO,888608,870.375,329.0,,False
022,DERECHO,831173,548.5,960.0,,False
022,DERECHO,887566,808.5,452.0,,False
022,DERECHO,885450,644.0,821.0,,False
022,DERECHO,860428,651.0,802.0,,False
022,DERECHO,822867,703.375,692.0,,False
022,DERECHO,895744,1067.875,80.0,,False
022,DERECHO,863296,1101.75,60.0,,False
022,DERECHO,835671,838.125,383.0,,False
022,DERECHO,822869,1021.125,118.0,,False
022,DERECHO,844945,534.25,974.0,,False
022,DERECHO,859181,1067.625,81.0,,False
022,DERECHO,829531,554.375,952.0,,False
022,DERECHO,868288,918.625,249.0,,False
022,DERECHO,864542,891.0,294.0,,False
022,DERECHO,857093,598.875,897.0,,False
022,DERECHO,883993,876.375,314.0,,False
022,DERECHO,893521,848.75,369.0,,False
022,DERECHO,897373,1065.875,87.0,,False
022,DERECHO,846642,753.75,567.0,,False
022,DERECHO,888610,653.125,799.0,,False
022,DERECHO,830537,495.25,1016.0,,False
022,DERECHO,836248,766.75,538.0,,False
022,DERECHO,853654,632.5,838.0,,False
022,DERECHO,876066,553.375,956.0,,False
022,DERECHO,875712,883.125,303.0,,False
022,DERECHO,861325,817.0,431.0,,False
022,DERECHO,830780,467.0,1032.0,,False
022,DERECHO,849575,851.5,363.0,,False
022,DERECHO,859498,856.125,352.0,,False
022,DERECHO,825025,796.625,470.0,,False
022,DERECHO,832274,899.375,278.0,,False
022,DERECHO,889148,522.375,984.0,,False
022,DERECHO,891290,1122.875,50.0,,False
022,DERECHO,822293,688.875,728.0,,False
022,DERECHO,867803,845.875,373.0,,False
022,DERECHO,879562,922.625,240.0,,False
022,DERECHO,852817,1131.0,47.0,,False
022,DERECHO,842840,771.625,524.0,,False
022,DERECHO,836601,623.875,858.0,,False
022,DERECHO,848776,863.75,339.0,,False
022,DERECHO,878058,955.0,194.0,,False
022,DERECHO,848962,1404.5,1.0,,False
022,DERECHO,843050,1286.75,9.0,,False
022,DERECHO,894865,472.125,1029.0,,False
022,DERECHO,876898,534.75,973.0,,False
022,DERECHO,878617,670.75,763.0,,False
022,DERECHO,857399,1025.125,115.0,,False
022,DERECHO,836809,788.25,495.0,,False
022,DERECHO,890532,501.25,1011.0,,False
022,DERECHO,830573,728.125,631.0,,False
022,DERECHO,849504,583.125,918.0,,False
022,DERECHO,830294,597.0,900.0,,False
022,DERECHO,882171,825.125,413.0,,False
022,DERECHO,899108,915.75,253.0,,False
022,DERECHO,887164,726.75,633.0,,False
022,DERECHO,835282,956.875,191.0,,False
022,DERECHO,842117,776.375,509.0,,False
022,DERECHO,870497,455.25,1041.0,,False
022,DERECHO,856878,955.5,193.0,,False
022,DERECHO,891683,847.25,371.0,,False
022,DERECHO,861231,400.0,1063.0,,False
022,DERECHO,881533,687.375,730.0,,False
022,DERECHO,848160,440.625,1049.0,,False
022,DERECHO,899946,791.875,483.0,,False
022,DERECHO,842804,705.625,685.0,,False
022,DERECHO,892405,805.25,459.0,,False
022,DERECHO,829083,917.75,251.0,,False
022,DERECHO,890450,519.75,989.0,,False
022,DERECHO,873091,707.375,681.0,,False
022,DERECHO,894882,687.875,729.0,,False
022,DERECHO,890173,787.125,497.0,,False
022,DERECHO,826720,613.0,877.0,,False
022,DERECHO,854939,724.5,639.0,,False
022,DERECHO,833481,939.75,218.0,,False
022,DERECHO,862959,725.625,636.0,,False
022,DERECHO,855663,866.75,335.0,,False
022,DERECHO,891680,776.625,508.0,,False
022,DERECHO,841822,589.25,912.0,,False
022,DERECHO,886468,667.875,771.0,,False
022,DERECHO,885349,1239.5,16.0,,False
022,DERECHO,849039,690.5,723.0,,False
022,DERECHO,879138,725.375,637.0,,False
022,DERECHO,886227,798.875,466.0,,False
022,DERECHO,859854,640.0,826.0,,False
022,DERECHO,887625,858.25,346.0,,False
022,DERECHO,861250,755.75,562.0,,False
022,DERECHO,821138,571.125,937.0,,False
022,DERECHO,892860,533.0,976.0,,False
022,DERECHO,870014,464.375,1034.0,,False
022,DERECHO,848406,453.0,1042.0,,False
022,DERECHO,891495,1077.75,74.0,,False
022,DERECHO,861006,,,AUSENTE,True
022,DERECHO,879488,677.5,754.0,,False
022,DERECHO,827504,855.25,359.0,,False
022,DERECHO,836490,805.0,460.0,,False
022,DERECHO,830226,928.25,237.0,,False
022,DERECHO,845896,746.75,583.0,,False
022,DERECHO,859017,787.625,496.0,,False
022,DERECHO,857206,1302.875,5.0,,False
022,DERECHO,830742,909.375,266.0,,False
022,DERECHO,872196,742.125,598.0,,False
022,DERECHO,859588,626.125,848.0,,False
022,DERECHO,836312,545.875,961.0,,False
022,DERECHO,889155,,,AUSENTE,True
022,DERECHO,866445,660.875,787.0,,False
022,DERECHO,864430,847.625,370.0,,False
022,DERECHO,892317,866.5,336.0,,False
022,DERECHO,824992,1089.875,67.0,,False
022,DERECHO,831989,723.625,646.0,,False
022,DERECHO,829943,1106.75,57.0,,False
022,DERECHO,836552,920.25,244.0,,False
022,DERECHO,868994,920.875,242.0,,False
022,DERECHO,872027,783.875,501.0,,False
022,DERECHO,845054,812.375,446.0,,False
022,DERECHO,875581,386.0,1067.0,,False
022,DERECHO,882377,821.375,419.0,,False
022,DERECHO,896303,818.625,428.0,,False
022,DERECHO,881338,482.625,1024.0,,False
022,DERECHO,849334,875.0,324.0,,False
022,DERECHO,880231,867.125,334.0,,False
022,DERECHO,897208,969.375,172.0,,False
022,DERECHO,899389,812.125,447.0,,False
022,DERECHO,887288,710.5,673.0,,False
022,DERECHO,889615,1112.125,52.0,,False
022,DERECHO,877778,858.375,345.0,,False
022,DERECHO,822742,691.625,716.0,,False
022,DERECHO,871877,887.625,296.0,,False
022,DERECHO,882805,623.5,859.0,,False
022,DERECHO,890001,691.375,719.0,,False
022,DERECHO,852854,752.625,572.0,,False
022,DERECHO,886540,584.875,916.0,,False
022,DERECHO,889932,707.625,679.0,,False
022,DERECHO,833458,702.0,696.0,,False
022,DERECHO,849599,535.25,972.0,,False
022,DERECHO,883599,637.25,831.0,,False
022,DERECHO,870870,752.375,573.0,,False
022,DERECHO,867395,983.125,149.0,,False
022,DERECHO,829721,575.25,931.0,,False
022,DERECHO,847143,1066.5,83.0,,False
022,DERECHO,869009,426.125,1056.0,,False
022,DERECHO,897286,1079.5,72.0,,False
022,DERECHO,863223,683.375,743.0,,False
022,DERECHO,861472,803.125,461.0,,False
022,DERECHO,870183,868.25,332.0,,False
022,DERECHO,832311,830.125,407.0,,False
022,DERECHO,875397,656.625,794.0,,False
022,DERECHO,861506,876.375,320.0,,False
022,DERECHO,820825,559.5,947.0,,False
022,DERECHO,838263,784.75,499.0,,False
022,DERECHO,821547,747.875,582.0,,False
022,DERECHO,850843,1266.25,13.0,,False
022,DERECHO,870019,607.125,885.0,,False
022,DERECHO,821344,770.5,528.0,,False
022,DERECHO,828719,1055.25,92.0,,False
022,DERECHO,857095,791.875,486.0,,False
022,DERECHO,884891,486.0,1021.0,,False
022,DERECHO,836773,572.875,934.0,,False
022,DERECHO,822851,843.75,376.0,,False
022,DERECHO,885001,876.375,316.0,,False
022,DERECHO,868972,851.25,366.0,,False
022,DERECHO,889952,706.5,683.0,,False
022,DERECHO,833477,532.375,977.0,,False
022,DERECHO,835967,509.25,1000.0,,False
022,DERECHO,873009,897.5,284.0,,False
022,DERECHO,884383,665.125,777.0,,False
022,DERECHO,827598,949.875,199.0,,False
022,DERECHO,865602,705.375,686.0,,False
022,DERECHO,828696,873.875,327.0,,False
022,DERECHO,838523,753.625,568.0,,False
022,DERECHO,840643,631.25,840.0,,False
022,DERECHO,885405,690.5,724.0,,False
022,DERECHO,841709,717.625,660.0,,False
022,DERECHO,844568,708.25,677.0,,False
022,DERECHO,826276,506.875,1003.0,,False
022,DERECHO,893969,580.25,923.0,,False
022,DERECHO,885501,832.75,404.0,,False
022,DERECHO,821696,1235.5,19.0,,False
022,DERECHO,848385,786.0,498.0,,False
022,DERECHO,824228,631.0,841.0,,False
022,DERECHO,823948,977.25,164.0,,False
022,DERECHO,885983,772.625,519.0,,False
022,DERECHO,857340,690.25,726.0,,False
022,DERECHO,845201,599.75,895.0,,False
022,DERECHO,898124,1045.375,97.0,,False
022,DERECHO,847421,970.125,169.0,,False
022,DERECHO,839205,876.375,317.0,,False
022,DERECHO,866626,579.25,926.0,,False
022,DERECHO,849573,686.75,731.0,,False
022,DERECHO,884103,1033.375,105.0,,False
022,DERECHO,828042,705.125,687.0,,False
022,DERECHO,853632,935.75,222.0,,False
022,DERECHO,891329,510.125,999.0,,False
022,DERECHO,889686,1074.75,75.0,,False
022,DERECHO,848015,733.0,617.0,,False
022,DERECHO,873361,845.875,372.0,,False
022,DERECHO,891758,931.5,231.0,,False
022,DERECHO,877370,463.625,1036.0,,False
022,DERECHO,844999,,,AUSENTE,True
022,DERECHO,886009,891.0,293.0,,False
022,DERECHO,824153,1015.5,122.0,,False
022,DERECHO,899165,793.5,479.0,,False
022,DERECHO,839660,833.5,402.0,,False
022,DERECHO,826908,1032.125,106.0,,False
022,DERECHO,821398,663.125,781.0,,False
022,DERECHO,823689,726.25,635.0,,False
022,DERECHO,836195,703.875,690.0,,False
022,DERECHO,845526,676.125,756.0,,False
022,DERECHO,893338,629.625,844.0,,False
022,DERECHO,883382,,,AUSENTE,True
022,DERECHO,896821,743.0,595.0,,False
022,DERECHO,873130,744.875,590.0,,False
022,DERECHO,851495,820.375,423.0,,False
022,DERECHO,845758,939.75,220.0,,False
022,DERECHO,838673,764.875,544.0,,False
022,DERECHO,850195,468.625,1031.0,,False
022,DERECHO,838096,521.25,987.0,,False
022,DERECHO,879232,809.0,451.0,,False
022,DERECHO,893540,901.5,273.0,,False
022,DERECHO,855569,612.0,879.0,,False
022,DERECHO,881854,609.125,882.0,,False
022,DERECHO,833531,824.875,414.0,,False
022,DERECHO,882077,950.375,198.0,,False
022,DERECHO,836382,707.375,682.0,,False
022,DERECHO,897440,898.875,280.0,,False
022,DERECHO,886041,1142.25,42.0,,False
022,DERECHO,877516,834.125,400.0,,False
022,DERECHO,893977,633.5,835.0,,False
022,DERECHO,842699,724.0,644.0,,False
022,DERECHO,856857,1235.5,20.0,,False
022,DERECHO,822831,918.625,246.0,,False
022,DERECHO,867934,967.375,176.0,,False
022,DERECHO,844405,643.875,822.0,,False
022,DERECHO,875413,693.5,710.0,,False
022,DERECHO,858380,314.0,1071.0,,False
022,DERECHO,878222,845.375,374.0,,False
022,DERECHO,856702,428.875,1054.0,,False
022,DERECHO,841170,759.5,550.0,,False
022,DERECHO,832527,651.375,801.0,,False
022,DERECHO,872916,783.0,503.0,,False
022,DERECHO,864244,692.625,714.0,,False
022,DERECHO,851439,1154.125,38.0,,False
022,DERECHO,834186,632.875,837.0,,False
022,DERECHO,838836,918.625,247.0,,False
022,DERECHO,869196,762.75,548.0,,False
022,DERECHO,831227,536.625,971.0,,False
022,DERECHO,869624,712.75,665.0,,False
022,DERECHO,872867,885.875,299.0,,False
022,DERECHO,851850,737.25,605.0,,False
022,DERECHO,898005,543.125,964.0,,False
022,DERECHO,888632,745.625,586.0,,False
022,DERECHO,872024,813.0,444.0,,False
022,DERECHO,837031,515.0,994.0,,False
022,DERECHO,857750,1007.125,130.0,,False
022,DERECHO,894975,860.375,342.0,,False
022,DERECHO,862856,498.875,1013.0,,False
022,DERECHO,844781,929.25,236.0,,False
022,DERECHO,850450,665.125,778.0,,False
022,DERECHO,849750,667.125,774.0,,False
022,DERECHO,863049,1070.5,78.0,,False
022,DERECHO,871450,897.5,285.0,,False
022,DERECHO,859762,506.75,1004.0,,False
022,DERECHO,834705,518.25,991.0,,False
022,DERECHO,838357,964.25,183.0,,False
022,DERECHO,889727,756.375,560.0,,False
022,DERECHO,825530,690.75,722.0,,False
022,DERECHO,845428,649.0,806.0,,False
022,DERECHO,897640,956.875,190.0,,False
022,DERECHO,841881,592.125,908.0,,False
022,DERECHO,825421,727.625,632.0,,False
022,DERECHO,871003,940.875,214.0,,False
022,DERECHO,879116,694.625,707.0,,False
022,DERECHO,839713,686.25,734.0,,False
022,DERECHO,886491,442.625,1048.0,,False
022,DERECHO,899741,803.125,462.0,,False
022,DERECHO,831341,881.5,308.0,,False
022,DERECHO,848073,884.875,300.0,,False
022,DERECHO,882882,555.5,949.0,,False
022,DERECHO,827878,717.375,661.0,,False
022,DERECHO,835922,875.5,323.0,,False
022,DERECHO,887277,670.75,764.0,,False
022,DERECHO,832399,757.75,557.0,,False
022,DERECHO,843490,791.875,482.0,,False
022,DERECHO,843360,777.0,507.0,,False
022,DERECHO,833592,730.75,623.0,,False
022,DERECHO,848923,898.0,281.0,,False
022,DERECHO,869997,165.5,1073.0,,False
022,DERECHO,846439,417.75,1058.0,,False
022,DERECHO,854607,694.125,708.0,,False
022,DERECHO,850049,908.75,267.0,,False
022,DERECHO,876104,742.625,597.0,,False
022,DERECHO,885390,585.875,914.0,,False
022,DERECHO,875265,868.25,333.0,,False
022,DERECHO,885166,795.875,473.0,,False
022,DERECHO,850694,814.375,439.0,,False
022,DERECHO,850454,700.625,701.0,,False
022,DERECHO,855978,635.0,834.0,,False
022,DERECHO,860892,904.25,271.0,,False
022,DERECHO,867517,670.5,765.0,,False
022,DERECHO,885974,708.75,675.0,,False
022,DERECHO,823794,1341.125,3.0,,False
022,DERECHO,847646,711.375,670.0,,False
022,DERECHO,883138,630.75,842.0,,False
022,DERECHO,869011,648.75,807.0,,False
022,DERECHO,868678,823.125,416.0,,False
022,DERECHO,875358,711.875,668.0,,False
022,DERECHO,898567,628.0,845.0,,False
022,DERECHO,870387,835.25,388.0,,False
022,DERECHO,855535,637.5,830.0,,False
022,DERECHO,835508,858.0,347.0,,False
022,DERECHO,824158,807.625,453.0,,False
022,DERECHO,829204,956.625,192.0,,False
022,DERECHO,851260,385.375,1069.0,,False
022,DERECHO,837293,796.0,472.0,,False
022,DERECHO,841872,835.5,387.0,,False
022,DERECHO,885706,668.5,769.0,,False
022,DERECHO,859892,471.0,1030.0,,False
022,DERECHO,859924,593.0,906.0,,False
022,DERECHO,862236,923.75,238.0,,False
022,DERECHO,838708,834.125,393.0,,False
022,DERECHO,841076,766.75,539.0,,False
022,DERECHO,884957,909.875,265.0,,False
022,DERECHO,828771,757.375,558.0,,False
022,DERECHO,898884,723.875,645.0,,False
022,DERECHO,848039,599.125,896.0,,False
022,DERECHO,894885,698.25,702.0,,False
022,DERECHO,826141,578.875,927.0,,False
022,DERECHO,889950,669.875,767.0,,False
022,DERECHO,830779,799.25,465.0,,False
022,DERECHO,831167,452.375,1043.0,,False
022,DERECHO,867617,1066.5,85.0,,False
022,DERECHO,889109,814.125,440.0,,False
022,DERECHO,820618,1067.625,82.0,,False
022,DERECHO,848800,969.375,173.0,,False
022,DERECHO,848924,682.75,746.0,,False
022,DERECHO,826797,703.75,691.0,,False
022,DERECHO,890715,1226.25,21.0,,False
022,DERECHO,824079,538.375,970.0,,False
022,DERECHO,898714,681.375,749.0,,False
022,DERECHO,836124,,,AUSENTE,True
022,DERECHO,896465,726.75,634.0,,False
022,DERECHO,824074,770.75,526.0,,False
022,DERECHO,855407,638.375,829.0,,False
022,DERECHO,838095,766.75,540.0,,False
022,DERECHO,825497,733.25,615.0,,False
022,DERECHO,859759,982.0,154.0,,False
022,DERECHO,835003,988.75,144.0,,False
022,DERECHO,897727,679.75,750.0,,False
022,DERECHO,822161,978.0,162.0,,False
022,DERECHO,867370,830.125,408.0,,False
022,DERECHO,883403,907.625,269.0,,False
022,DERECHO,871432,592.375,907.0,,False
022,DERECHO,885237,916.625,252.0,,False
022,DERECHO,850956,724.5,640.0,,False
022,DERECHO,826317,593.25,905.0,,False
022,DERECHO,863523,757.25,559.0,,False
022,DERECHO,885300,660.0,788.0,,False
022,DERECHO,840070,1277.75,12.0,,False
022,DERECHO,858104,765.125,543.0,,False
022,DERECHO,895724,670.375,766.0,,False
022,DERECHO,867802,701.75,697.0,,False
022,DERECHO,830132,836.875,385.0,,False
022,DERECHO,848501,853.875,360.0,,False
022,DERECHO,830924,731.625,621.0,,False
022,DERECHO,899835,948.25,200.0,,False
022,DERECHO,841020,646.25,810.0,,False
022,DERECHO,831877,871.625,328.0,,False
022,DERECHO,864508,945.25,205.0,,False
022,DERECHO,897118,851.0,367.0,,False
022,DERECHO,832695,1091.625,63.0,,False
022,DERECHO,837012,622.875,862.0,,False
022,DERECHO,854619,906.5,270.0,,False
022,DERECHO,822761,653.25,798.0,,False
022,DERECHO,873310,982.25,152.0,,False
022,DERECHO,829889,820.625,421.0,,False
022,DERECHO,885969,,,AUSENTE,True
022,DERECHO,884131,506.375,1005.0,,False
022,DERECHO,823131,669.125,768.0,,False
022,DERECHO,835789,1012.625,123.0,,False
022,DERECHO,895404,545.25,962.0,,False
022,DERECHO,862404,838.625,380.0,,False
022,DERECHO,890919,1250.75,14.0,,False
022,DERECHO,836471,1216.625,23.0,,False
022,DERECHO,893863,982.0,158.0,,False
022,DERECHO,878580,1237.75,17.0,,False
022,DERECHO,847606,665.125,776.0,,False
022,DERECHO,898179,717.25,662.0,,False
022,DERECHO,876665,767.125,536.0,,False
022,DERECHO,829310,758.625,554.0,,False
022,DERECHO,849933,783.875,500.0,,False
022,DERECHO,859500,611.0,880.0,,False
022,DERECHO,891362,633.375,836.0,,False
022,DERECHO,822053,770.5,527.0,,False
022,DERECHO,885818,870.375,330.0,,False
022,DERECHO,886341,957.75,188.0,,False
022,DERECHO,868862,567.125,942.0,,False
022,DERECHO,885533,614.125,876.0,,False
022,DERECHO,882744,759.5,551.0,,False
022,DERECHO,874107,791.875,484.0,,False
022,DERECHO,897670,1029.875,110.0,,False
022,DERECHO,829344,851.25,365.0,,False
022,DERECHO,868169,815.125,436.0,,False
022,DERECHO,870388,416.5,1059.0,,False
022,DERECHO,824917,783.875,502.0,,False
022,DERECHO,837950,650.25,803.0,,False
022,DERECHO,866141,476.5,1027.0,,False
022,DERECHO,893673,708.5,676.0,,False
022,DERECHO,886959,,,AUSENTE,True
022,DERECHO,836722,408.75,1061.0,,False
022,DERECHO,869330,707.5,680.0,,False
022,DERECHO,890764,807.0,455.0,,False
022,DERECHO,822499,614.875,872.0,,False
022,DERECHO,863369,744.875,591.0,,False
022,DERECHO,844701,1152.125,40.0,,False
022,DERECHO,866572,1028.75,112.0,,False
022,DERECHO,872212,724.5,638.0,,False
022,DERECHO,823130,840.0,379.0,,False
022,DERECHO,876288,901.5,275.0,,False
022,DERECHO,898493,974.375,167.0,,False
022,DERECHO,833027,693.0,713.0,,False
022,DERECHO,884051,589.375,911.0,,False
022,DERECHO,890733,755.25,563.0,,False
022,DERECHO,874932,765.375,542.0,,False
022,DERECHO,875430,817.0,432.0,,False
022,DERECHO,879583,918.625,248.0,,False
022,DERECHO,847407,1118.375,51.0,,False
022,DERECHO,858639,686.5,732.0,,False
022,DERECHO,840272,735.75,608.0,,False
022,DERECHO,887700,624.5,855.0,,False
022,DERECHO,838616,492.625,1018.0,,False
022,DERECHO,887753,667.125,775.0,,False
022,DERECHO,841967,745.625,587.0,,False
022,DERECHO,878463,497.5,1014.0,,False
022,DERECHO,837309,658.75,790.0,,False
022,DERECHO,869750,910.125,263.0,,False
022,DERECHO,886189,750.75,578.0,,False
022,DERECHO,864338,716.125,663.0,,False
022,DERECHO,894527,530.375,979.0,,False
022,DERECHO,895852,625.0,852.0,,False
022,DERECHO,864043,774.0,516.0,,False
022,DERECHO,892573,744.875,589.0,,False
022,DERECHO,824767,883.625,301.0,,False
022,DERECHO,897060,791.0,489.0,,False
022,DERECHO,840520,560.875,945.0,,False
022,DERECHO,863228,436.625,1051.0,,False
022,DERECHO,860466,773.0,518.0,,False
022,DERECHO,835134,663.125,780.0,,False
022,DERECHO,861401,946.0,204.0,,False
022,DERECHO,897823,957.625,189.0,,False
022,DERECHO,845612,663.375,779.0,,False
022,DERECHO,830425,971.0,168.0,,False
022,DERECHO,876121,1129.875,48.0,,False
022,DERECHO,876140,994.375,140.0,,False
022,DERECHO,837979,659.25,789.0,,False
022,DERECHO,827545,721.375,649.0,,False
022,DERECHO,867561,625.625,850.0,,False
022,DERECHO,843418,818.375,429.0,,False
022,DERECHO,852912,625.375,851.0,,False
022,DERECHO,869865,683.375,744.0,,False
022,DERECHO,885671,788.625,494.0,,False
022,DERECHO,878358,682.875,745.0,,False
022,DERECHO,836231,569.5,938.0,,False
022,DERECHO,876918,908.75,268.0,,False
022,DERECHO,830496,403.0,1062.0,,False
022,DERECHO,868190,1297.125,8.0,,False
022,DERECHO,878725,805.375,458.0,,False
022,DERECHO,895347,795.875,474.0,,False
022,DERECHO,831263,731.125,622.0,,False
022,DERECHO,826946,999.125,138.0,,False
022,DERECHO,870887,623.125,860.0,,False
022,DERECHO,894601,571.5,935.0,,False
022,DERECHO,883861,740.25,602.0,,False
022,DERECHO,849622,768.75,532.0,,False
022,DERECHO,825906,722.875,647.0,,False
022,DERECHO,834489,749.625,581.0,,False
022,DERECHO,842136,457.625,1039.0,,False
022,DERECHO,863186,580.625,922.0,,False
022,DERECHO,842654,876.375,318.0,,False
022,DERECHO,872304,800.375,464.0,,False
022,DERECHO,845674,832.375,405.0,,False
022,DERECHO,854306,1045.375,100.0,,False
022,DERECHO,826164,,,AUSENTE,True
022,DERECHO,872189,678.0,753.0,,False
022,DERECHO,829389,913.875,257.0,,False
022,DERECHO,855719,1302.875,6.0,,False
022,DERECHO,833999,939.125,221.0,,False
022,DERECHO,896651,614.125,874.0,,False
022,DERECHO,855045,774.125,514.0,,False
022,DERECHO,886843,686.0,737.0,,False
022,DERECHO,841780,1282.875,11.0,,False
022,DERECHO,871350,433.5,1053.0,,False
022,DERECHO,885518,714.875,664.0,,False
022,DERECHO,850086,740.875,601.0,,False
022,DERECHO,853339,718.875,657.0,,False
022,DERECHO,894166,518.0,992.0,,False
022,DERECHO,896406,668.375,770.0,,False
022,DERECHO,897512,815.75,435.0,,False
022,DERECHO,852357,849.875,368.0,,False
022,DERECHO,848054,779.5,505.0,,False
022,DERECHO,831301,855.25,357.0,,False
022,DERECHO,828527,1091.625,66.0,,False
022,DERECHO,883344,1030.5,108.0,,False
022,DERECHO,891050,893.125,292.0,,False
022,DERECHO,893487,326.5,1070.0,,False
022,DERECHO,840253,982.0,155.0,,False
022,DERECHO,873551,895.0,288.0,,False
022,DERECHO,829237,994.375,141.0,,False
022,DERECHO,884349,828.875,410.0,,False
022,DERECHO,894287,1089.875,68.0,,False
022,DERECHO,842038,428.375,1055.0,,False
022,DERECHO,828621,682.125,747.0,,False
022,DERECHO,856275,876.375,319.0,,False
022,DERECHO,881834,820.25,424.0,,False
022,DERECHO,859669,1047.875,95.0,,False
022,DERECHO,896244,685.875,738.0,,False
022,DERECHO,843308,521.375,986.0,,False
022,DERECHO,895160,422.0,1057.0,,False
022,DERECHO,886914,1084.0,70.0,,False
022,DERECHO,860989,385.875,1068.0,,False
022,DERECHO,832085,694.125,709.0,,False
022,DERECHO,885433,780.375,504.0,,False
022,DERECHO,854749,1025.875,114.0,,False
022,DERECHO,877649,554.0,953.0,,False
022,DERECHO,864465,1167.375,34.0,,False
022,DERECHO,889172,1030.5,109.0,,False
022,DERECHO,828565,655.375,796.0,,False
022,DERECHO,874819,813.5,442.0,,False
022,DERECHO,841091,635.375,833.0,,False
022,DERECHO,868173,691.375,717.0,,False
022,DERECHO,883956,521.125,988.0,,False
022,DERECHO,898754,488.5,1020.0,,False
022,DERECHO,863072,1176.625,31.0,,False
022,DERECHO,848182,1061.125,90.0,,False
022,DERECHO,828788,686.25,736.0,,False
022,DERECHO,821038,791.25,488.0,,False
022,DERECHO,831501,982.0,157.0,,False
022,DERECHO,838150,1147.0,41.0,,False
022,DERECHO,827929,855.25,356.0,,False
022,DERECHO,868808,709.875,674.0,,False
022,DERECHO,860131,538.375,969.0,,False
022,DERECHO,895818,836.375,386.0,,False
022,DERECHO,897753,969.875,170.0,,False
022,DERECHO,872343,691.0,720.0,,False
022,DERECHO,840795,1028.125,113.0,,False
022,DERECHO,833142,1046.5,96.0,,False
022,DERECHO,844606,1141.625,43.0,,False
022,DERECHO,885967,644.5,816.0,,False
022,DERECHO,884276,856.375,349.0,,False
022,DERECHO,842691,976.375,165.0,,False
022,DERECHO,862201,598.875,898.0,,False
022,DERECHO,859093,864.375,338.0,,False
022,DERECHO,851330,1152.125,39.0,,False
022,DERECHO,897284,874.375,325.0,,False
022,DERECHO,858436,775.875,512.0,,False
022,DERECHO,863803,1092.75,62.0,,False
022,DERECHO,833066,614.375,873.0,,False
022,DERECHO,899480,580.25,924.0,,False
022,DERECHO,894944,814.625,438.0,,False
022,DERECHO,865232,947.625,201.0,,False
022,DERECHO,885686,553.5,955.0,,False
022,DERECHO,824976,820.0,425.0,,False
022,DERECHO,890829,626.125,849.0,,False
022,DERECHO,876603,712.0,666.0,,False
022,DERECHO,858904,574.25,932.0,,False
022,DERECHO,868450,553.5,954.0,,False
022,DERECHO,897767,763.125,547.0,,False
022,DERECHO,879157,834.125,398.0,,False
022,DERECHO,821064,518.875,990.0,,False
022,DERECHO,852797,729.625,625.0,,False
022,DERECHO,828118,653.0,800.0,,False
022,DERECHO,884829,734.125,610.0,,False
022,DERECHO,822829,608.0,884.0,,False
022,DERECHO,862744,813.25,443.0,,False
022,DERECHO,848199,894.625,290.0,,False
022,DERECHO,898146,,,AUSENTE,True
022,DERECHO,852463,920.75,243.0,,False
022,DERECHO,847904,820.375,422.0,,False
022,DERECHO,861339,550.875,957.0,,False
022,DERECHO,893004,834.125,394.0,,False
022,DERECHO,865755,922.625,239.0,,False
022,DERECHO,860632,440.0,1050.0,,False
022,DERECHO,889654,593.25,904.0,,False
022,DERECHO,833420,601.75,891.0,,False
022,DERECHO,879308,612.75,878.0,,False
022,DERECHO,875288,657.75,792.0,,False
022,DERECHO,877182,649.125,805.0,,False
022,DERECHO,862295,1133.875,45.0,,False
022,DERECHO,847861,755.0,565.0,,False
022,DERECHO,859402,900.875,277.0,,False
022,DERECHO,894678,978.0,163.0,,False
022,DERECHO,822146,882.25,304.0,,False
022,DERECHO,870971,806.0,457.0,,False
022,DERECHO,844855,881.75,306.0,,False
022,DERECHO,881167,913.25,260.0,,False
022,DERECHO,859561,658.125,791.0,,False
022,DERECHO,860911,844.25,375.0,,False
022,DERECHO,849020,870.125,331.0,,False
022,DERECHO,821663,790.5,490.0,,False
022,DERECHO,850958,733.0,618.0,,False
121,ECONOMÍA,739824,982.0,90.0,,False
121,ECONOMÍA,779451,968.75,99.0,,False
121,ECONOMÍA,760369,860.375,205.0,,False
121,ECONOMÍA,772841,477.5,471.0,,False
121,ECONOMÍA,730034,1152.125,21.0,,False
121,ECONOMÍA,737957,940.875,125.0,,False
121,ECONOMÍA,753153,940.875,124.0,,False
121,ECONOMÍA,726498,509.5,460.0,,False
121,ECONOMÍA,795558,822.0,238.0,,False
121,ECONOMÍA,775659,612.625,416.0,,False
121,ECONOMÍA,724520,943.375,122.0,,False
121,ECONOMÍA,731804,789.375,279.0,,False
121,ECONOMÍA,796350,907.125,152.0,,False
121,ECONOMÍA,737234,676.375,374.0,,False
121,ECONOMÍA,787973,885.375,180.0,,False
121,ECONOMÍA,756000,901.5,160.0,,False
121,ECONOMÍA,723260,511.875,459.0,,False
121,ECONOMÍA,790491,775.875,288.0,,False
121,ECONOMÍA,781014,483.125,468.0,,False
121,ECONOMÍA,798622,750.75,308.0,,False
121,ECONOMÍA,733032,695.75,352.0,,False
121,ECONOMÍA,760965,896.5,169.0,,False
121,ECONOMÍA,799967,897.25,167.0,,False
121,ECONOMÍA,722234,795.875,268.0,,False
121,ECONOMÍA,771113,1324.0,3.0,,False
121,ECONOMÍA,798548,776.375,287.0,,False
121,ECONOMÍA,762438,1016.125,70.0,,False
121,ECONOMÍA,748038,1123.0,28.0,,False
121,ECONOMÍA,750862,788.25,281.0,,False
121,ECONOMÍA,720282,943.75,119.0,,False
121,ECONOMÍA,790194,728.5,321.0,,False
121,ECONOMÍA,749465,,,AUSENTE,True
121,ECONOMÍA,745335,755.875,300.0,,False
121,ECONOMÍA,769080,672.25,379.0,,False
121,ECONOMÍA,740873,1087.625,43.0,,False
121,ECONOMÍA,751546,905.375,154.0,,False
121,ECONOMÍA,791009,993.25,80.0,,False
121,ECONOMÍA,738649,667.375,380.0,,False
121,ECONOMÍA,798308,876.625,190.0,,False
121,ECONOMÍA,787045,816.375,240.0,,False
121,ECONOMÍA,796917,767.875,295.0,,False
121,ECONOMÍA,777707,1131.0,25.0,,False
121,ECONOMÍA,757193,728.5,319.0,,False
121,ECONOMÍA,769048,680.875,368.0,,False
121,ECONOMÍA,750063,802.625,257.0,,False
121,ECONOMÍA,722679,808.375,253.0,,False
121,ECONOMÍA,739473,451.5,476.0,,False
121,ECONOMÍA,743513,1094.25,37.0,,False
121,ECONOMÍA,777855,686.125,364.0,,False
121,ECONOMÍA,764246,618.875,410.0,,False
121,ECONOMÍA,725005,608.75,418.0,,False
121,ECONOMÍA,722307,800.875,260.0,,False
121,ECONOMÍA,772714,616.125,412.0,,False
121,ECONOMÍA,733404,1311.875,5.0,,False
121,ECONOMÍA,761659,964.875,102.0,,False
121,ECONOMÍA,725805,441.375,477.0,,False
121,ECONOMÍA,757282,895.125,170.0,,False
121,ECONOMÍA,742972,1078.0,45.0,,False
121,ECONOMÍA,764037,754.75,301.0,,False
121,ECONOMÍA,728636,797.5,267.0,,False
121,ECONOMÍA,740881,937.25,130.0,,False
121,ECONOMÍA,754729,939.75,127.0,,False
121,ECONOMÍA,775767,709.875,338.0,,False
121,ECONOMÍA,758750,901.5,161.0,,False
121,ECONOMÍA,791127,489.0,467.0,,False
121,ECONOMÍA,732264,635.5,402.0,,False
121,ECONOMÍA,747869,862.25,200.0,,False
121,ECONOMÍA,776378,1024.25,68.0,,False
121,ECONOMÍA,781462,1214.375,13.0,,False
121,ECONOMÍA,737458,708.25,340.0,,False
121,ECONOMÍA,788704,742.25,312.0,,False
121,ECONOMÍA,760984,,,AUSENTE,True
121,ECONOMÍA,750435,1235.5,9.0,,False
121,ECONOMÍA,760147,574.625,434.0,,False
121,ECONOMÍA,750662,792.875,271.0,,False
121,ECONOMÍA,766422,474.5,472.0,,False
121,ECONOMÍA,733833,904.0,157.0,,False
121,ECONOMÍA,757042,964.25,107.0,,False
121,ECONOMÍA,765753,855.25,209.0,,False
121,ECONOMÍA,785391,492.125,466.0,,False
121,ECONOMÍA,759033,687.5,359.0,,False
121,ECONOMÍA,791686,782.0,283.0,,False
121,ECONOMÍA,732901,996.25,77.0,,False
121,ECONOMÍA,730998,677.5,372.0,,False
121,ECONOMÍA,737258,1067.625,51.0,,False
121,ECONOMÍA,723535,850.75,213.0,,False
121,ECONOMÍA,789300,947.125,115.0,,False
121,ECONOMÍA,766663,537.625,446.0,,False
121,ECONOMÍA,768620,678.0,371.0,,False
121,ECONOMÍA,764556,791.875,273.0,,False
121,ECONOMÍA,799829,933.875,132.0,,False
121,ECONOMÍA,746281,839.25,218.0,,False
121,ECONOMÍA,771540,903.75,158.0,,False
121,ECONOMÍA,786597,777.0,285.0,,False
121,ECONOMÍA,799702,686.25,362.0,,False
121,ECONOMÍA,774648,802.0,258.0,,False
121,ECONOMÍA,742913,899.75,162.0,,False
121,ECONOMÍA,799106,735.875,314.0,,False
121,ECONOMÍA,723740,522.625,456.0,,False
121,ECONOMÍA,739177,1189.25,15.0,,False
121,ECONOMÍA,750884,618.875,409.0,,False
121,ECONOMÍA,783505,538.875,445.0,,False
121,ECONOMÍA,764318,816.0,241.0,,False
121,ECONOMÍA,796314,886.5,177.0,,False
121,ECONOMÍA,743048,609.625,417.0,,False
121,ECONOMÍA,757044,580.625,431.0,,False
121,ECONOMÍA,795513,882.0,182.0,,False
121,ECONOMÍA,770573,924.0,138.0,,False
121,ECONOMÍA,772635,800.125,263.0,,False
121,ECONOMÍA,758247,872.125,194.0,,False
121,ECONOMÍA,760581,1226.75,11.0,,False
121,ECONOMÍA,746372,918.625,145.0,,False
121,ECONOMÍA,797096,674.25,378.0,,False
121,ECONOMÍA,730387,415.25,481.0,,False
121,ECONOMÍA,786855,1007.625,72.0,,False
121,ECONOMÍA,767189,1108.75,34.0,,False
121,ECONOMÍA,735451,396.5,483.0,,False
121,ECONOMÍA,792461,758.875,298.0,,False
121,ECONOMÍA,798007,835.25,223.0,,False
121,ECONOMÍA,760824,941.375,123.0,,False
121,ECONOMÍA,793506,886.75,176.0,,False
121,ECONOMÍA,763466,1231.75,10.0,,False
121,ECONOMÍA,783729,698.375,351.0,,False
121,ECONOMÍA,730871,920.875,142.0,,False
121,ECONOMÍA,771652,817.125,239.0,,False
121,ECONOMÍA,754324,632.875,404.0,,False
121,ECONOMÍA,780773,791.625,276.0,,False
121,ECONOMÍA,770133,832.125,226.0,,False
121,ECONOMÍA,758307,795.875,269.0,,False
121,ECONOMÍA,757564,880.375,184.0,,False
121,ECONOMÍA,779150,750.5,309.0,,False
121,ECONOMÍA,734890,1147.0,23.0,,False
121,ECONOMÍA,757669,631.0,406.0,,False
121,ECONOMÍA,754772,750.75,307.0,,False
121,ECONOMÍA,774357,883.125,181.0,,False
121,ECONOMÍA,761717,703.375,345.0,,False
121,ECONOMÍA,778370,716.625,333.0,,False
121,ECONOMÍA,769846,813.0,244.0,,False
121,ECONOMÍA,764210,899.625,163.0,,False
121,ECONOMÍA,759832,876.375,191.0,,False
121,ECONOMÍA,732510,686.25,363.0,,False
121,ECONOMÍA,732269,861.75,203.0,,False
121,ECONOMÍA,784012,894.375,171.0,,False
121,ECONOMÍA,746100,536.875,447.0,,False
121,ECONOMÍA,766070,809.0,250.0,,False
121,ECONOMÍA,760280,680.875,367.0,,False
121,ECONOMÍA,757212,982.0,88.0,,False
121,ECONOMÍA,736960,1194.375,14.0,,False
121,ECONOMÍA,726797,822.875,236.0,,False
121,ECONOMÍA,766298,904.875,155.0,,False
121,ECONOMÍA,793675,712.375,336.0,,False
121,ECONOMÍA,779746,652.375,392.0,,False
121,ECONOMÍA,720522,1070.5,48.0,,False
121,ECONOMÍA,749002,874.375,193.0,,False
121,ECONOMÍA,777834,721.0,329.0,,False
121,ECONOMÍA,786492,989.375,82.0,,False
121,ECONOMÍA,787063,950.125,113.0,,False
121,ECONOMÍA,748605,658.875,386.0,,False
121,ECONOMÍA,730442,728.0,322.0,,False
121,ECONOMÍA,788682,1129.875,26.0,,False
121,ECONOMÍA,769307,725.625,324.0,,False
121,ECONOMÍA,766339,914.25,147.0,,False
121,ECONOMÍA,770014,457.75,474.0,,False
121,ECONOMÍA,779093,768.25,293.0,,False
121,ECONOMÍA,735136,943.75,118.0,,False
121,ECONOMÍA,760425,690.5,356.0,,False
121,ECONOMÍA,734479,1112.75,31.0,,False
121,ECONOMÍA,758974,945.625,116.0,,False
121,ECONOMÍA,737202,830.125,229.0,,False
121,ECONOMÍA,730853,1073.875,47.0,,False
121,ECONOMÍA,783380,1088.75,41.0,,False
121,ECONOMÍA,798581,860.375,204.0,,False
121,ECONOMÍA,758183,1020.25,69.0,,False
121,ECONOMÍA,780508,935.75,131.0,,False
121,ECONOMÍA,785090,804.5,256.0,,False
121,ECONOMÍA,722642,975.25,96.0,,False
121,ECONOMÍA,732380,666.25,382.0,,False
121,ECONOMÍA,789712,456.125,475.0,,False
121,ECONOMÍA,778443,651.625,393.0,,False
121,ECONOMÍA,761718,1314.25,4.0,,False
121,ECONOMÍA,774496,835.25,222.0,,False
121,ECONOMÍA,753651,790.375,277.0,,False
121,ECONOMÍA,720839,1268.5,8.0,,False
121,ECONOMÍA,789834,1155.0,20.0,,False
121,ECONOMÍA,745723,1104.75,36.0,,False
121,ECONOMÍA,751439,608.0,419.0,,False
121,ECONOMÍA,760276,530.0,449.0,,False
121,ECONOMÍA,725470,392.25,484.0,,False
121,ECONOMÍA,741069,527.0,452.0,,False
121,ECONOMÍA,735917,,,AUSENTE,True
121,ECONOMÍA,754996,572.625,435.0,,False
121,ECONOMÍA,723394,954.375,112.0,,False
121,ECONOMÍA,781815,433.125,478.0,,False
121,ECONOMÍA,759946,1112.125,33.0,,False
121,ECONOMÍA,773517,647.875,397.0,,False
121,ECONOMÍA,772339,973.25,97.0,,False
121,ECONOMÍA,792706,526.375,453.0,,False
121,ECONOMÍA,731800,654.625,391.0,,False
121,ECONOMÍA,756962,720.625,330.0,,False
121,ECONOMÍA,773380,586.375,428.0,,False
121,ECONOMÍA,745593,1055.5,53.0,,False
121,ECONOMÍA,720221,684.75,365.0,,False
121,ECONOMÍA,777945,1003.125,74.0,,False
121,ECONOMÍA,779716,664.25,384.0,,False
121,ECONOMÍA,776992,649.0,394.0,,False
121,ECONOMÍA,747230,1128.125,27.0,,False
121,ECONOMÍA,751267,976.625,95.0,,False
121,ECONOMÍA,761640,824.75,234.0,,False
121,ECONOMÍA,728951,798.625,266.0,,False
121,ECONOMÍA,729682,1362.25,2.0,,False
121,ECONOMÍA,764091,964.875,103.0,,False
121,ECONOMÍA,762718,1108.75,35.0,,False
121,ECONOMÍA,759629,922.625,139.0,,False
121,ECONOMÍA,734535,939.75,128.0,,False
121,ECONOMÍA,764854,908.125,151.0,,False
121,ECONOMÍA,769866,646.25,399.0,,False
121,ECONOMÍA,764936,1151.0,22.0,,False
121,ECONOMÍA,741314,965.125,101.0,,False
121,ECONOMÍA,762661,,,AUSENTE,True
121,ECONOMÍA,798663,922.625,140.0,,False
121,ECONOMÍA,779842,648.375,395.0,,False
121,ECONOMÍA,746287,678.25,369.0,,False
121,ECONOMÍA,776328,707.625,341.0,,False
121,ECONOMÍA,780992,885.5,179.0,,False
121,ECONOMÍA,787041,750.75,306.0,,False
121,ECONOMÍA,762610,753.0,304.0,,False
121,ECONOMÍA,788072,677.25,373.0,,False
121,ECONOMÍA,731538,752.625,305.0,,False
121,ECONOMÍA,749965,863.375,199.0,,False
121,ECONOMÍA,723816,567.25,438.0,,False
121,ECONOMÍA,737869,1070.5,49.0,,False
121,ECONOMÍA,785296,703.25,346.0,,False
121,ECONOMÍA,790415,493.5,465.0,,False
121,ECONOMÍA,727614,732.5,315.0,,False
121,ECONOMÍA,753669,589.5,427.0,,False
121,ECONOMÍA,791275,933.875,133.0,,False
121,ECONOMÍA,778300,603.375,422.0,,False
121,ECONOMÍA,753502,809.0,251.0,,False
121,ECONOMÍA,757470,1029.375,64.0,,False
121,ECONOMÍA,765322,896.875,168.0,,False
121,ECONOMÍA,730891,777.0,286.0,,False
121,ECONOMÍA,786623,791.875,272.0,,False
121,ECONOMÍA,785837,777.5,284.0,,False
121,ECONOMÍA,788795,687.375,360.0,,False
121,ECONOMÍA,764799,808.75,252.0,,False
121,ECONOMÍA,789557,838.375,219.0,,False
121,ECONOMÍA,757058,791.875,274.0,,False
121,ECONOMÍA,778259,753.625,303.0,,False
121,ECONOMÍA,777157,571.625,436.0,,False
121,ECONOMÍA,776194,368.375,485.0,,False
121,ECONOMÍA,767319,667.375,381.0,,False
121,ECONOMÍA,797561,529.875,450.0,,False
121,ECONOMÍA,745386,1146.75,24.0,,False
121,ECONOMÍA,744623,825.25,233.0,,False
121,ECONOMÍA,795149,789.0,280.0,,False
121,ECONOMÍA,799444,943.75,117.0,,False
121,ECONOMÍA,786772,943.75,121.0,,False
121,ECONOMÍA,754269,1013.875,71.0,,False
121,ECONOMÍA,768802,675.75,376.0,,False
121,ECONOMÍA,760883,692.25,355.0,,False
121,ECONOMÍA,773157,836.625,220.0,,False
121,ECONOMÍA,723814,732.375,317.0,,False
121,ECONOMÍA,789204,1086.75,44.0,,False
121,ECONOMÍA,796757,943.75,120.0,,False
121,ECONOMÍA,751107,834.875,224.0,,False
121,ECONOMÍA,791307,586.25,429.0,,False
121,ECONOMÍA,742897,889.875,173.0,,False
121,ECONOMÍA,752243,982.0,89.0,,False
121,ECONOMÍA,739318,613.25,415.0,,False
121,ECONOMÍA,779916,910.5,150.0,,False
121,ECONOMÍA,781258,704.125,344.0,,False
121,ECONOMÍA,762459,878.375,187.0,,False
121,ECONOMÍA,744533,888.5,175.0,,False
121,ECONOMÍA,759013,694.625,354.0,,False
121,ECONOMÍA,744554,605.25,420.0,,False
121,ECONOMÍA,783210,709.625,339.0,,False
121,ECONOMÍA,759422,897.5,165.0,,False
121,ECONOMÍA,730531,687.375,361.0,,False
121,ECONOMÍA,755547,877.75,189.0,,False
121,ECONOMÍA,721103,898.625,164.0,,False
121,ECONOMÍA,795759,594.125,426.0,,False
121,ECONOMÍA,725660,811.25,248.0,,False
121,ECONOMÍA,760258,639.75,401.0,,False
121,ECONOMÍA,750046,800.5,261.0,,False
121,ECONOMÍA,733123,987.125,84.0,,False
121,ECONOMÍA,794936,1091.625,39.0,,False
121,ECONOMÍA,728542,613.5,414.0,,False
121,ECONOMÍA,730202,682.25,366.0,,False
121,ECONOMÍA,775338,1066.5,52.0,,False
121,ECONOMÍA,757803,849.875,214.0,,False
121,ECONOMÍA,796615,914.625,146.0,,False
121,ECONOMÍA,728377,702.0,348.0,,False
121,ECONOMÍA,774578,856.25,208.0,,False
121,ECONOMÍA,731299,616.875,411.0,,False
121,ECONOMÍA,767152,496.625,463.0,,False
121,ECONOMÍA,779803,,,AUSENTE,True
121,ECONOMÍA,737606,602.625,423.0,,False
121,ECONOMÍA,757992,1028.25,66.0,,False
121,ECONOMÍA,775710,987.125,85.0,,False
121,ECONOMÍA,753261,1028.25,67.0,,False
121,ECONOMÍA,795887,868.5,197.0,,False
121,ECONOMÍA,737981,647.875,398.0,,False
121,ECONOMÍA,727099,736.875,313.0,,False
121,ECONOMÍA,768453,1093.25,38.0,,False
121,ECONOMÍA,796821,571.25,437.0,,False
121,ECONOMÍA,767015,758.75,299.0,,False
121,ECONOMÍA,744030,702.0,347.0,,False
121,ECONOMÍA,791495,813.0,247.0,,False
121,ECONOMÍA,726049,1294.875,6.0,,False
121,ECONOMÍA,781053,523.375,455.0,,False
121,ECONOMÍA,733106,964.875,104.0,,False
121,ECONOMÍA,741185,527.875,451.0,,False
121,ECONOMÍA,786895,1112.75,32.0,,False
121,ECONOMÍA,771784,983.375,86.0,,False
121,ECONOMÍA,794767,787.625,282.0,,False
121,ECONOMÍA,733109,980.0,93.0,,False
121,ECONOMÍA,741778,678.25,370.0,,False
121,ECONOMÍA,721226,763.375,296.0,,False
121,ECONOMÍA,781048,774.375,289.0,,False
121,ECONOMÍA,746917,634.25,403.0,,False
121,ECONOMÍA,768488,814.625,243.0,,False
121,ECONOMÍA,758979,562.25,439.0,,False
121,ECONOMÍA,778796,1175.5,18.0,,False
121,ECONOMÍA,797604,659.5,385.0,,False
121,ECONOMÍA,765247,657.75,387.0,,False
121,ECONOMÍA,794548,834.25,225.0,,False
121,ECONOMÍA,733419,830.125,228.0,,False
121,ECONOMÍA,729869,920.875,143.0,,False
121,ECONOMÍA,776733,521.875,457.0,,False
121,ECONOMÍA,769123,622.5,407.0,,False
121,ECONOMÍA,791510,1221.125,12.0,,False
121,ECONOMÍA,732661,862.0,202.0,,False
121,ECONOMÍA,766891,1045.375,57.0,,False
121,ECONOMÍA,725550,747.875,310.0,,False
121,ECONOMÍA,739378,1029.375,63.0,,False
121,ECONOMÍA,793053,939.75,126.0,,False
121,ECONOMÍA,759667,706.875,342.0,,False
121,ECONOMÍA,763572,1045.375,56.0,,False
121,ECONOMÍA,766760,620.0,408.0,,False
121,ECONOMÍA,741869,1029.875,62.0,,False
121,ECONOMÍA,758513,584.5,430.0,,False
121,ECONOMÍA,728564,794.625,270.0,,False
121,ECONOMÍA,731263,806.125,254.0,,False
121,ECONOMÍA,726123,1172.125,19.0,,False
121,ECONOMÍA,754869,1178.375,16.0,,False
121,ECONOMÍA,742260,1041.375,60.0,,False
121,ECONOMÍA,790281,960.875,109.0,,False
121,ECONOMÍA,793374,886.25,178.0,,False
121,ECONOMÍA,765265,615.875,413.0,,False
121,ECONOMÍA,721101,855.25,210.0,,False
121,ECONOMÍA,739863,911.0,149.0,,False
121,ECONOMÍA,736326,1176.125,17.0,,False
121,ECONOMÍA,756579,982.0,87.0,,False
121,ECONOMÍA,779615,654.625,390.0,,False
121,ECONOMÍA,744143,665.0,383.0,,False
121,ECONOMÍA,762604,688.75,357.0,,False
121,ECONOMÍA,766236,1387.375,1.0,,False
121,ECONOMÍA,792425,846.125,216.0,,False
121,ECONOMÍA,722086,982.0,91.0,,False
121,ECONOMÍA,781128,1042.25,59.0,,False
121,ECONOMÍA,799369,930.375,135.0,,False
121,ECONOMÍA,762474,1088.75,40.0,,False
121,ECONOMÍA,783006,878.0,188.0,,False
121,ECONOMÍA,751104,810.375,249.0,,False
121,ECONOMÍA,793110,601.75,424.0,,False
121,ECONOMÍA,797976,870.375,196.0,,False
121,ECONOMÍA,765287,914.0,148.0,,False
121,ECONOMÍA,728599,889.5,174.0,,False
121,ECONOMÍA,776232,815.75,242.0,,False
121,ECONOMÍA,722756,1005.125,73.0,,False
121,ECONOMÍA,728079,768.0,294.0,,False
121,ECONOMÍA,798882,924.875,137.0,,False
121,ECONOMÍA,775970,905.625,153.0,,False
121,ECONOMÍA,797566,546.75,444.0,,False
121,ECONOMÍA,792687,1113.5,30.0,,False
121,ECONOMÍA,774255,822.625,237.0,,False
121,ECONOMÍA,781235,931.75,134.0,,False
121,ECONOMÍA,780286,977.25,94.0,,False
121,ECONOMÍA,779414,939.75,129.0,,False
121,ECONOMÍA,723686,558.125,441.0,,False
121,ECONOMÍA,751850,987.125,83.0,,False
121,ECONOMÍA,765490,964.875,105.0,,False
121,ECONOMÍA,775950,431.0,479.0,,False
121,ECONOMÍA,780867,769.0,292.0,,False
121,ECONOMÍA,796405,800.5,262.0,,False
121,ECONOMÍA,720560,864.375,198.0,,False
121,ECONOMÍA,774929,1077.25,46.0,,False
121,ECONOMÍA,745317,499.25,461.0,,False
121,ECONOMÍA,763712,1067.625,50.0,,False
121,ECONOMÍA,793785,791.875,275.0,,False
121,ECONOMÍA,723451,517.25,458.0,,False
121,ECONOMÍA,799946,994.875,79.0,,False
121,ECONOMÍA,784293,949.875,114.0,,False
121,ECONOMÍA,729659,772.875,290.0,,False
121,ECONOMÍA,799013,597.5,425.0,,False
121,ECONOMÍA,766539,720.5,331.0,,False
121,ECONOMÍA,732508,922.625,141.0,,False
121,ECONOMÍA,733941,981.375,92.0,,False
121,ECONOMÍA,758215,847.0,215.0,,False
121,ECONOMÍA,750954,770.75,291.0,,False
121,ECONOMÍA,731056,480.5,470.0,,False
121,ECONOMÍA,765754,716.5,334.0,,False
121,ECONOMÍA,720914,632.125,405.0,,False
121,ECONOMÍA,721379,880.25,185.0,,False
121,ECONOMÍA,769211,962.0,108.0,,False
121,ECONOMÍA,725606,548.75,443.0,,False
121,ECONOMÍA,775750,721.625,328.0,,False
121,ECONOMÍA,798247,555.5,442.0,,False
121,ECONOMÍA,771837,496.75,462.0,,False
121,ECONOMÍA,776474,760.875,297.0,,False
121,ECONOMÍA,786222,675.25,377.0,,False
121,ECONOMÍA,796891,995.5,78.0,,False
121,ECONOMÍA,733351,723.875,327.0,,False
121,ECONOMÍA,722088,732.5,316.0,,False
121,ECONOMÍA,745244,878.875,186.0,,False
121,ECONOMÍA,721339,839.5,217.0,,False
121,ECONOMÍA,739514,862.0,201.0,,False
121,ECONOMÍA,726959,858.0,207.0,,False
121,ECONOMÍA,736812,,,AUSENTE,True
121,ECONOMÍA,751419,576.625,432.0,,False
121,ECONOMÍA,746731,695.5,353.0,,False
121,ECONOMÍA,792256,799.25,265.0,,False
121,ECONOMÍA,740492,481.375,469.0,,False
121,ECONOMÍA,748869,897.5,166.0,,False
121,ECONOMÍA,758568,858.5,206.0,,False
121,ECONOMÍA,742449,805.375,255.0,,False
121,ECONOMÍA,765829,1042.5,58.0,,False
121,ECONOMÍA,758211,753.625,302.0,,False
121,ECONOMÍA,767951,1115.0,29.0,,False
121,ECONOMÍA,789394,728.5,318.0,,False
121,ECONOMÍA,796205,851.25,212.0,,False
121,ECONOMÍA,756129,972.125,98.0,,False
121,ECONOMÍA,724038,655.75,388.0,,False
121,ECONOMÍA,781369,1087.625,42.0,,False
121,ECONOMÍA,776213,715.875,335.0,,False
121,ECONOMÍA,762553,604.0,421.0,,False
121,ECONOMÍA,720988,533.375,448.0,,False
121,ECONOMÍA,780752,925.875,136.0,,False
121,ECONOMÍA,798749,1003.125,75.0,,False
121,ECONOMÍA,735691,725.375,325.0,,False
121,ECONOMÍA,735770,813.0,245.0,,False
121,ECONOMÍA,722923,964.25,106.0,,False
121,ECONOMÍA,785779,918.625,144.0,,False
121,ECONOMÍA,797213,676.375,375.0,,False
121,ECONOMÍA,790937,724.5,326.0,,False
121,ECONOMÍA,771466,967.625,100.0,,False
121,ECONOMÍA,757173,1055.5,54.0,,False
121,ECONOMÍA,758009,710.625,337.0,,False
121,ECONOMÍA,722570,876.25,192.0,,False
121,ECONOMÍA,744459,836.375,221.0,,False
121,ECONOMÍA,755124,430.375,480.0,,False
121,ECONOMÍA,733290,,,AUSENTE,True
121,ECONOMÍA,779881,648.25,396.0,,False
121,ECONOMÍA,784994,1034.125,61.0,,False
121,ECONOMÍA,767374,813.0,246.0,,False
121,ECONOMÍA,742875,1029.0,65.0,,False
121,ECONOMÍA,799182,718.125,332.0,,False
121,ECONOMÍA,730068,706.75,343.0,,False
121,ECONOMÍA,741336,992.875,81.0,,False
121,ECONOMÍA,722554,459.75,473.0,,False
121,ECONOMÍA,729458,871.25,195.0,,False
121,ECONOMÍA,796836,1277.75,7.0,,False
121,ECONOMÍA,769363,643.75,400.0,,False
121,ECONOMÍA,761604,902.625,159.0,,False
121,ECONOMÍA,765234,855.25,211.0,,False
121,ECONOMÍA,760488,881.5,183.0,,False
121,ECONOMÍA,763963,654.875,389.0,,False
121,ECONOMÍA,787044,827.25,231.0,,False
121,ECONOMÍA,727557,823.25,235.0,,False
121,ECONOMÍA,799817,728.5,320.0,,False
121,ECONOMÍA,764358,960.875,110.0,,False
121,ECONOMÍA,752253,700.625,349.0,,False
121,ECONOMÍA,724353,400.875,482.0,,False
121,ECONOMÍA,797711,830.125,227.0,,False
121,ECONOMÍA,755734,998.5,76.0,,False
121,ECONOMÍA,761376,801.125,259.0,,False
121,ECONOMÍA,777537,698.75,350.0,,False
121,ECONOMÍA,731778,830.125,230.0,,False
121,ECONOMÍA,781874,893.5,172.0,,False
121,ECONOMÍA,779914,525.125,454.0,,False
121,ECONOMÍA,765101,744.875,311.0,,False
121,ECONOMÍA,754397,904.25,156.0,,False
121,ECONOMÍA,782465,726.75,323.0,,False
121,ECONOMÍA,767948,687.625,358.0,,False
121,ECONOMÍA,741516,790.25,278.0,,False
121,ECONOMÍA,795606,496.375,464.0,,False
121,ECONOMÍA,765898,825.375,232.0,,False
121,ECONOMÍA,747571,956.875,111.0,,False
121,ECONOMÍA,726979,800.0,264.0,,False
121,ECONOMÍA,782472,574.875,433.0,,False
121,ECONOMÍA,781816,1049.375,55.0,,False
121,ECONOMÍA,766159,560.625,440.0,,False
123,ECONOMÍA INTERNACIONAL,726537,669.625,107.0,,False
123,ECONOMÍA INTERNACIONAL,738359,711.375,98.0,,False
123,ECONOMÍA INTERNACIONAL,726312,724.5,95.0,,False
123,ECONOMÍA INTERNACIONAL,780100,1003.125,20.0,,False
123,ECONOMÍA INTERNACIONAL,767257,658.625,109.0,,False
123,ECONOMÍA INTERNACIONAL,738651,828.125,67.0,,False
123,ECONOMÍA INTERNACIONAL,728472,793.875,77.0,,False
123,ECONOMÍA INTERNACIONAL,727220,785.875,79.0,,False
123,ECONOMÍA INTERNACIONAL,749295,939.75,32.0,,False
123,ECONOMÍA INTERNACIONAL,726800,838.125,62.0,,False
123,ECONOMÍA INTERNACIONAL,746357,1106.25,8.0,,False
123,ECONOMÍA INTERNACIONAL,734553,690.0,102.0,,False
123,ECONOMÍA INTERNACIONAL,775097,1095.375,10.0,,False
123,ECONOMÍA INTERNACIONAL,744288,686.0,104.0,,False
123,ECONOMÍA INTERNACIONAL,734573,911.625,40.0,,False
123,ECONOMÍA INTERNACIONAL,764191,763.375,87.0,,False
123,ECONOMÍA INTERNACIONAL,729775,843.25,59.0,,False
123,ECONOMÍA INTERNACIONAL,781760,1102.875,9.0,,False
123,ECONOMÍA INTERNACIONAL,725842,1112.75,7.0,,False
123,ECONOMÍA INTERNACIONAL,723519,1085.125,12.0,,False
123,ECONOMÍA INTERNACIONAL,791347,889.5,46.0,,False
123,ECONOMÍA INTERNACIONAL,763793,524.125,123.0,,False
123,ECONOMÍA INTERNACIONAL,724057,876.375,48.0,,False
123,ECONOMÍA INTERNACIONAL,739415,939.75,33.0,,False
123,ECONOMÍA INTERNACIONAL,768450,757.5,89.0,,False
123,ECONOMÍA INTERNACIONAL,734969,856.125,53.0,,False
123,ECONOMÍA INTERNACIONAL,749635,1000.5,21.0,,False
123,ECONOMÍA INTERNACIONAL,735990,845.375,57.0,,False
123,ECONOMÍA INTERNACIONAL,782151,864.0,50.0,,False
123,ECONOMÍA INTERNACIONAL,792613,859.25,52.0,,False
123,ECONOMÍA INTERNACIONAL,764042,725.625,94.0,,False
123,ECONOMÍA INTERNACIONAL,740984,982.25,22.0,,False
123,ECONOMÍA INTERNACIONAL,742824,841.5,61.0,,False
123,ECONOMÍA INTERNACIONAL,738073,831.25,64.0,,False
123,ECONOMÍA INTERNACIONAL,731352,1078.875,13.0,,False
123,ECONOMÍA INTERNACIONAL,721322,647.25,112.0,,False
123,ECONOMÍA INTERNACIONAL,768859,931.875,34.0,,False
123,ECONOMÍA INTERNACIONAL,766520,1224.0,2.0,,False
123,ECONOMÍA INTERNACIONAL,740177,846.5,56.0,,False
123,ECONOMÍA INTERNACIONAL,776731,643.375,113.0,,False
123,ECONOMÍA INTERNACIONAL,742168,781.75,80.0,,False
123,ECONOMÍA INTERNACIONAL,753542,833.5,63.0,,False
123,ECONOMÍA INTERNACIONAL,736791,775.5,82.0,,False
123,ECONOMÍA INTERNACIONAL,743397,655.0,110.0,,False
123,ECONOMÍA INTERNACIONAL,776268,1031.0,16.0,,False
123,ECONOMÍA INTERNACIONAL,744269,650.875,111.0,,False
123,ECONOMÍA INTERNACIONAL,795419,887.625,47.0,,False
123,ECONOMÍA INTERNACIONAL,775576,1087.625,11.0,,False
123,ECONOMÍA INTERNACIONAL,737123,795.25,76.0,,False
123,ECONOMÍA INTERNACIONAL,768363,747.625,91.0,,False
123,ECONOMÍA INTERNACIONAL,746265,677.75,106.0,,False
123,ECONOMÍA INTERNACIONAL,797808,1015.25,18.0,,False
123,ECONOMÍA INTERNACIONAL,720970,773.0,84.0,,False
123,ECONOMÍA INTERNACIONAL,722277,732.5,92.0,,False
123,ECONOMÍA INTERNACIONAL,760428,1029.375,17.0,,False
123,ECONOMÍA INTERNACIONAL,755532,982.0,24.0,,False
123,ECONOMÍA INTERNACIONAL,767966,642.375,114.0,,False
123,ECONOMÍA INTERNACIONAL,774328,844.25,58.0,,False
123,ECONOMÍA INTERNACIONAL,775415,815.25,70.0,,False
123,ECONOMÍA INTERNACIONAL,766218,763.25,88.0,,False
123,ECONOMÍA INTERNACIONAL,743997,944.875,30.0,,False
123,ECONOMÍA INTERNACIONAL,721995,949.375,29.0,,False
123,ECONOMÍA INTERNACIONAL,735841,798.875,73.0,,False
123,ECONOMÍA INTERNACIONAL,745667,1039.5,15.0,,False
123,ECONOMÍA INTERNACIONAL,754784,819.25,69.0,,False
123,ECONOMÍA INTERNACIONAL,720598,847.875,54.0,,False
123,ECONOMÍA INTERNACIONAL,749096,911.625,41.0,,False
123,ECONOMÍA INTERNACIONAL,752461,622.875,116.0,,False
123,ECONOMÍA INTERNACIONAL,780832,830.625,65.0,,False
123,ECONOMÍA INTERNACIONAL,748012,687.625,103.0,,False
123,ECONOMÍA INTERNACIONAL,720896,770.75,86.0,,False
123,ECONOMÍA INTERNACIONAL,721598,897.5,44.0,,False
123,ECONOMÍA INTERNACIONAL,787327,979.5,25.0,,False
123,ECONOMÍA INTERNACIONAL,765585,1256.625,1.0,,False
123,ECONOMÍA INTERNACIONAL,746992,1008.25,19.0,,False
123,ECONOMÍA INTERNACIONAL,752831,804.875,71.0,,False
123,ECONOMÍA INTERNACIONAL,793467,847.25,55.0,,False
123,ECONOMÍA INTERNACIONAL,785449,534.375,121.0,,False
123,ECONOMÍA INTERNACIONAL,764823,955.5,28.0,,False
123,ECONOMÍA INTERNACIONAL,725512,731.625,93.0,,False
123,ECONOMÍA INTERNACIONAL,799910,915.75,39.0,,False
123,ECONOMÍA INTERNACIONAL,720281,793.0,78.0,,False
123,ECONOMÍA INTERNACIONAL,797932,1172.125,3.0,,False
123,ECONOMÍA INTERNACIONAL,732362,710.75,99.0,,False
123,ECONOMÍA INTERNACIONAL,743525,828.75,66.0,,False
123,ECONOMÍA INTERNACIONAL,765793,542.75,120.0,,False
123,ECONOMÍA INTERNACIONAL,757289,445.0,124.0,,False
123,ECONOMÍA INTERNACIONAL,739706,902.625,42.0,,False
123,ECONOMÍA INTERNACIONAL,732815,843.125,60.0,,False
123,ECONOMÍA INTERNACIONAL,789147,1158.375,5.0,,False
123,ECONOMÍA INTERNACIONAL,792556,923.625,37.0,,False
123,ECONOMÍA INTERNACIONAL,756931,796.625,74.0,,False
123,ECONOMÍA INTERNACIONAL,739508,918.625,38.0,,False
123,ECONOMÍA INTERNACIONAL,755121,703.375,100.0,,False
123,ECONOMÍA INTERNACIONAL,751793,968.125,27.0,,False
123,ECONOMÍA INTERNACIONAL,765752,982.0,23.0,,False
123,ECONOMÍA INTERNACIONAL,741821,943.75,31.0,,False
123,ECONOMÍA INTERNACIONAL,738183,873.0,49.0,,False
123,ECONOMÍA INTERNACIONAL,777102,713.5,97.0,,False
123,ECONOMÍA INTERNACIONAL,768227,827.125,68.0,,False
123,ECONOMÍA INTERNACIONAL,724094,692.125,101.0,,False
123,ECONOMÍA INTERNACIONAL,742056,898.625,43.0,,False
123,ECONOMÍA INTERNACIONAL,747888,795.875,75.0,,False
123,ECONOMÍA INTERNACIONAL,788182,571.0,118.0,,False
123,ECONOMÍA INTERNACIONAL,755252,680.5,105.0,,False
123,ECONOMÍA INTERNACIONAL,781681,1168.125,4.0,,False
123,ECONOMÍA INTERNACIONAL,782742,615.0,117.0,,False
123,ECONOMÍA INTERNACIONAL,791102,861.5,51.0,,False
123,ECONOMÍA INTERNACIONAL,779060,751.0,90.0,,False
123,ECONOMÍA INTERNACIONAL,777815,776.25,81.0,,False
123,ECONOMÍA INTERNACIONAL,725413,802.0,72.0,,False
123,ECONOMÍA INTERNACIONAL,791305,923.625,36.0,,False
123,ECONOMÍA INTERNACIONAL,757615,635.5,115.0,,False
123,ECONOMÍA INTERNACIONAL,753394,669.375,108.0,,False
123,ECONOMÍA INTERNACIONAL,729012,1071.625,14.0,,False
123,ECONOMÍA INTERNACIONAL,754954,892.125,45.0,,False
123,ECONOMÍA INTERNACIONAL,770908,929.25,35.0,,False
123,ECONOMÍA INTERNACIONAL,796908,1129.875,6.0,,False
123,ECONOMÍA INTERNACIONAL,774335,774.125,83.0,,False
123,ECONOMÍA INTERNACIONAL,734013,713.5,96.0,,False
123,ECONOMÍA INTERNACIONAL,752087,526.625,122.0,,False
123,ECONOMÍA INTERNACIONAL,761599,771.875,85.0,,False
123,ECONOMÍA INTERNACIONAL,787620,973.25,26.0,,False
123,ECONOMÍA INTERNACIONAL,776308,561.5,119.0,,False
122,ECONOMÍA PÚBLICA,750676,1067.625,11.0,,False
122,ECONOMÍA PÚBLICA,770127,762.625,58.0,,False
122,ECONOMÍA PÚBLICA,729385,850.875,43.0,,False
122,ECONOMÍA PÚBLICA,769588,1155.0,5.0,,False
122,ECONOMÍA PÚBLICA,772152,897.5,38.0,,False
122,ECONOMÍA PÚBLICA,743420,931.0,30.0,,False
122,ECONOMÍA PÚBLICA,762012,897.5,37.0,,False
122,ECONOMÍA PÚBLICA,794545,817.5,52.0,,False
122,ECONOMÍA PÚBLICA,744223,992.125,19.0,,False
122,ECONOMÍA PÚBLICA,724616,1108.75,7.0,,False
122,ECONOMÍA PÚBLICA,720114,651.0,75.0,,False
122,ECONOMÍA PÚBLICA,721042,544.625,84.0,,False
122,ECONOMÍA PÚBLICA,791476,817.0,53.0,,False
122,ECONOMÍA PÚBLICA,730608,939.75,28.0,,False
122,ECONOMÍA PÚBLICA,722174,759.25,60.0,,False
122,ECONOMÍA PÚBLICA,771165,834.125,48.0,,False
122,ECONOMÍA PÚBLICA,732993,1127.0,6.0,,False
122,ECONOMÍA PÚBLICA,781108,1049.375,12.0,,False
122,ECONOMÍA PÚBLICA,787162,837.625,46.0,,False
122,ECONOMÍA PÚBLICA,727035,614.875,81.0,,False
122,ECONOMÍA PÚBLICA,786278,1006.25,17.0,,False
122,ECONOMÍA PÚBLICA,733554,1100.125,10.0,,False
122,ECONOMÍA PÚBLICA,770811,1101.125,9.0,,False
122,ECONOMÍA PÚBLICA,756763,957.75,23.0,,False
122,ECONOMÍA PÚBLICA,763110,741.375,65.0,,False
122,ECONOMÍA PÚBLICA,726423,654.875,74.0,,False
122,ECONOMÍA PÚBLICA,766701,747.25,63.0,,False
122,ECONOMÍA PÚBLICA,740249,943.75,27.0,,False
122,ECONOMÍA PÚBLICA,764877,617.5,80.0,,False
122,ECONOMÍA PÚBLICA,724735,906.5,34.0,,False
122,ECONOMÍA PÚBLICA,745058,918.5,33.0,,False
122,ECONOMÍA PÚBLICA,764949,695.5,73.0,,False
122,ECONOMÍA PÚBLICA,722384,1176.125,3.0,,False
122,ECONOMÍA PÚBLICA,762863,737.75,67.0,,False
122,ECONOMÍA PÚBLICA,795663,995.0,18.0,,False
122,ECONOMÍA PÚBLICA,796949,1105.875,8.0,,False
122,ECONOMÍA PÚBLICA,731747,640.0,78.0,,False
122,ECONOMÍA PÚBLICA,763464,960.875,21.0,,False
122,ECONOMÍA PÚBLICA,752373,1036.125,14.0,,False
122,ECONOMÍA PÚBLICA,740643,946.0,25.0,,False
122,ECONOMÍA PÚBLICA,728899,707.375,70.0,,False
122,ECONOMÍA PÚBLICA,750319,644.0,77.0,,False
122,ECONOMÍA PÚBLICA,755554,738.125,66.0,,False
122,ECONOMÍA PÚBLICA,798848,935.75,29.0,,False
122,ECONOMÍA PÚBLICA,724894,839.25,45.0,,False
122,ECONOMÍA PÚBLICA,785329,898.625,36.0,,False
122,ECONOMÍA PÚBLICA,774313,814.25,54.0,,False
122,ECONOMÍA PÚBLICA,777477,829.875,50.0,,False
122,ECONOMÍA PÚBLICA,761079,950.0,24.0,,False
122,ECONOMÍA PÚBLICA,781001,826.5,51.0,,False
122,ECONOMÍA PÚBLICA,778316,699.5,72.0,,False
122,ECONOMÍA PÚBLICA,797844,876.375,41.0,,False
122,ECONOMÍA PÚBLICA,771003,1176.375,2.0,,False
122,ECONOMÍA PÚBLICA,766550,760.25,59.0,,False
122,ECONOMÍA PÚBLICA,777663,1041.375,13.0,,False
122,ECONOMÍA PÚBLICA,798303,831.25,49.0,,False
122,ECONOMÍA PÚBLICA,727704,1024.25,16.0,,False
122,ECONOMÍA PÚBLICA,741479,944.0,26.0,,False
122,ECONOMÍA PÚBLICA,795235,897.5,40.0,,False
122,ECONOMÍA PÚBLICA,730690,522.375,85.0,,False
122,ECONOMÍA PÚBLICA,769216,1298.875,1.0,,False
122,ECONOMÍA PÚBLICA,770724,959.125,22.0,,False
122,ECONOMÍA PÚBLICA,746708,925.375,31.0,,False
122,ECONOMÍA PÚBLICA,798272,835.25,47.0,,False
122,ECONOMÍA PÚBLICA,795810,773.0,57.0,,False
122,ECONOMÍA PÚBLICA,799032,750.75,62.0,,False
122,ECONOMÍA PÚBLICA,776010,710.75,69.0,,False
122,ECONOMÍA PÚBLICA,742938,743.375,64.0,,False
122,ECONOMÍA PÚBLICA,769457,1027.625,15.0,,False
122,ECONOMÍA PÚBLICA,730107,725.375,68.0,,False
122,ECONOMÍA PÚBLICA,771522,847.625,44.0,,False
122,ECONOMÍA PÚBLICA,769829,624.0,79.0,,False
122,ECONOMÍA PÚBLICA,779103,902.625,35.0,,False
122,ECONOMÍA PÚBLICA,764948,918.625,32.0,,False
122,ECONOMÍA PÚBLICA,749908,614.125,82.0,,False
122,ECONOMÍA PÚBLICA,795629,1162.875,4.0,,False
122,ECONOMÍA PÚBLICA,781968,649.5,76.0,,False
122,ECONOMÍA PÚBLICA,759404,791.875,56.0,,False
122,ECONOMÍA PÚBLICA,783681,981.75,20.0,,False
122,ECONOMÍA PÚBLICA,753949,751.875,61.0,,False
122,ECONOMÍA PÚBLICA,783905,793.0,55.0,,False
122,ECONOMÍA PÚBLICA,746114,576.625,83.0,,False
122,ECONOMÍA PÚBLICA,791196,701.125,71.0,,False
122,ECONOMÍA PÚBLICA,753911,897.5,39.0,,False
122,ECONOMÍA PÚBLICA,762888,864.375,42.0,,False
062,EDUCACIÓN FÍSICA,838449,581.375,42.0,,False
062,EDUCACIÓN FÍSICA,842279,783.0,10.0,,False
062,EDUCACIÓN FÍSICA,899761,758.625,15.0,,False
062,EDUCACIÓN FÍSICA,888066,324.625,62.0,,False
062,EDUCACIÓN FÍSICA,820284,532.625,49.0,,False
062,EDUCACIÓN FÍSICA,835021,780.875,12.0,,False
062,EDUCACIÓN FÍSICA,870071,918.625,5.0,,False
062,EDUCACIÓN FÍSICA,885334,693.0,25.0,,False
062,EDUCACIÓN FÍSICA,832118,855.25,9.0,,False
062,EDUCACIÓN FÍSICA,861380,644.25,30.0,,False
062,EDUCACIÓN FÍSICA,832825,1010.5,3.0,,False
062,EDUCACIÓN FÍSICA,883882,554.125,45.0,,False
062,EDUCACIÓN FÍSICA,840476,525.875,50.0,,False
062,EDUCACIÓN FÍSICA,834610,732.5,18.0,,False
062,EDUCACIÓN FÍSICA,869053,461.125,58.0,,False
062,EDUCACIÓN FÍSICA,836549,780.875,11.0,,False
062,EDUCACIÓN FÍSICA,885261,478.375,57.0,,False
062,EDUCACIÓN FÍSICA,863162,,,AUSENTE,True
062,EDUCACIÓN FÍSICA,845706,592.875,36.0,,False
062,EDUCACIÓN FÍSICA,869422,599.375,35.0,,False
062,EDUCACIÓN FÍSICA,856856,651.625,29.0,,False
062,EDUCACIÓN FÍSICA,865718,864.25,8.0,,False
062,EDUCACIÓN FÍSICA,862328,704.125,23.0,,False
062,EDUCACIÓN FÍSICA,854531,585.75,40.0,,False
062,EDUCACIÓN FÍSICA,852727,560.875,44.0,,False
062,EDUCACIÓN FÍSICA,845573,584.625,41.0,,False
062,EDUCACIÓN FÍSICA,856242,631.0,33.0,,False
062,EDUCACIÓN FÍSICA,868527,631.75,32.0,,False
062,EDUCACIÓN FÍSICA,871693,679.25,26.0,,False
062,EDUCACIÓN FÍSICA,869696,512.75,54.0,,False
062,EDUCACIÓN FÍSICA,848029,644.0,31.0,,False
062,EDUCACIÓN FÍSICA,878966,549.625,46.0,,False
062,EDUCACIÓN FÍSICA,859106,881.5,7.0,,False
062,EDUCACIÓN FÍSICA,834224,1091.625,1.0,,False
062,EDUCACIÓN FÍSICA,856763,770.75,14.0,,False
062,EDUCACIÓN FÍSICA,893764,546.125,47.0,,False
062,EDUCACIÓN FÍSICA,879894,670.75,27.0,,False
062,EDUCACIÓN FÍSICA,841167,592.125,37.0,,False
062,EDUCACIÓN FÍSICA,867764,604.0,34.0,,False
062,EDUCACIÓN FÍSICA,888386,749.625,16.0,,False
062,EDUCACIÓN FÍSICA,831135,724.5,19.0,,False
062,EDUCACIÓN FÍSICA,825064,778.0,13.0,,False
062,EDUCACIÓN FÍSICA,826576,587.5,39.0,,False
062,EDUCACIÓN FÍSICA,854007,947.625,4.0,,False
062,EDUCACIÓN FÍSICA,841783,446.125,60.0,,False
062,EDUCACIÓN FÍSICA,864824,538.375,48.0,,False
062,EDUCACIÓN FÍSICA,830999,744.5,17.0,,False
062,EDUCACIÓN FÍSICA,872044,444.125,61.0,,False
062,EDUCACIÓN FÍSICA,863843,519.125,53.0,,False
062,EDUCACIÓN FÍSICA,874746,520.0,52.0,,False
062,EDUCACIÓN FÍSICA,885137,492.375,56.0,,False
062,EDUCACIÓN FÍSICA,856726,707.375,21.0,,False
062,EDUCACIÓN FÍSICA,866555,577.25,43.0,,False
062,EDUCACIÓN FÍSICA,871116,1024.25,2.0,,False
062,EDUCACIÓN FÍSICA,820745,712.5,20.0,,False
062,EDUCACIÓN FÍSICA,886956,458.625,59.0,,False
062,EDUCACIÓN FÍSICA,861934,661.125,28.0,,False
062,EDUCACIÓN FÍSICA,876979,498.375,55.0,,False
062,EDUCACIÓN FÍSICA,869514,591.0,38.0,,False
062,EDUCACIÓN FÍSICA,860749,698.75,24.0,,False
062,EDUCACIÓN FÍSICA,896539,704.5,22.0,,False
062,EDUCACIÓN FÍSICA,887030,898.625,6.0,,False
062,EDUCACIÓN FÍSICA,874386,520.0,51.0,,False
0611,EDUCACIÓN INICIAL,893213,656.25,45.0,,False
0611,EDUCACIÓN INICIAL,894958,646.625,50.0,,False
0611,EDUCACIÓN INICIAL,876741,664.875,43.0,,False
0611,EDUCACIÓN INICIAL,866236,455.75,85.0,,False
0611,EDUCACIÓN INICIAL,860406,684.5,40.0,,False
0611,EDUCACIÓN INICIAL,843547,439.125,87.0,,False
0611,EDUCACIÓN INICIAL,877056,325.875,90.0,,False
0611,EDUCACIÓN INICIAL,847417,745.875,27.0,,False
0611,EDUCACIÓN INICIAL,870073,509.125,76.0,,False
0611,EDUCACIÓN INICIAL,895498,614.375,59.0,,False
0611,EDUCACIÓN INICIAL,889282,804.25,14.0,,False
0611,EDUCACIÓN INICIAL,885186,513.75,75.0,,False
0611,EDUCACIÓN INICIAL,832642,770.75,20.0,,False
0611,EDUCACIÓN INICIAL,890288,762.875,22.0,,False
0611,EDUCACIÓN INICIAL,894145,483.375,79.0,,False
0611,EDUCACIÓN INICIAL,835205,338.125,89.0,,False
0611,EDUCACIÓN INICIAL,865164,898.625,10.0,,False
0611,EDUCACIÓN INICIAL,820372,522.0,74.0,,False
0611,EDUCACIÓN INICIAL,823356,651.625,47.0,,False
0611,EDUCACIÓN INICIAL,839754,649.375,48.0,,False
0611,EDUCACIÓN INICIAL,824397,776.75,19.0,,False
0611,EDUCACIÓN INICIAL,856705,687.625,39.0,,False
0611,EDUCACIÓN INICIAL,862493,750.125,25.0,,False
0611,EDUCACIÓN INICIAL,851819,751.875,24.0,,False
0611,EDUCACIÓN INICIAL,828751,669.125,42.0,,False
0611,EDUCACIÓN INICIAL,855870,315.25,91.0,,False
0611,EDUCACIÓN INICIAL,868622,478.875,82.0,,False
0611,EDUCACIÓN INICIAL,893206,796.25,15.0,,False
0611,EDUCACIÓN INICIAL,857768,791.875,17.0,,False
0611,EDUCACIÓN INICIAL,880667,690.125,37.0,,False
0611,EDUCACIÓN INICIAL,822573,860.875,12.0,,False
0611,EDUCACIÓN INICIAL,842991,626.5,56.0,,False
0611,EDUCACIÓN INICIAL,843771,683.125,41.0,,False
0611,EDUCACIÓN INICIAL,824636,859.25,13.0,,False
0611,EDUCACIÓN INICIAL,883925,656.375,44.0,,False
0611,EDUCACIÓN INICIAL,872588,711.375,34.0,,False
0611,EDUCACIÓN INICIAL,835953,459.5,83.0,,False
0611,EDUCACIÓN INICIAL,892534,524.875,72.0,,False
0611,EDUCACIÓN INICIAL,848835,737.5,30.0,,False
0611,EDUCACIÓN INICIAL,881818,628.25,54.0,,False
0611,EDUCACIÓN INICIAL,857262,522.375,73.0,,False
0611,EDUCACIÓN INICIAL,857434,576.375,65.0,,False
0611,EDUCACIÓN INICIAL,858284,752.375,23.0,,False
0611,EDUCACIÓN INICIAL,858019,880.375,11.0,,False
0611,EDUCACIÓN INICIAL,857043,610.875,60.0,,False
0611,EDUCACIÓN INICIAL,871244,587.875,63.0,,False
0611,EDUCACIÓN INICIAL,899460,643.375,51.0,,False
0611,EDUCACIÓN INICIAL,878873,,,AUSENTE,True
0611,EDUCACIÓN INICIAL,890119,909.625,9.0,,False
0611,EDUCACIÓN INICIAL,838265,570.875,66.0,,False
0611,EDUCACIÓN INICIAL,833622,561.5,68.0,,False
0611,EDUCACIÓN INICIAL,859482,649.0,49.0,,False
0611,EDUCACIÓN INICIAL,888273,997.875,2.0,,False
0611,EDUCACIÓN INICIAL,846603,923.375,7.0,,False
0611,EDUCACIÓN INICIAL,823110,708.75,35.0,,False
0611,EDUCACIÓN INICIAL,895907,655.75,46.0,,False
0611,EDUCACIÓN INICIAL,898454,591.0,62.0,,False
0611,EDUCACIÓN INICIAL,849484,720.5,32.0,,False
0611,EDUCACIÓN INICIAL,866867,628.0,55.0,,False
0611,EDUCACIÓN INICIAL,891309,986.0,3.0,,False
0611,EDUCACIÓN INICIAL,845539,942.0,5.0,,False
0611,EDUCACIÓN INICIAL,850903,530.375,71.0,,False
0611,EDUCACIÓN INICIAL,852869,744.25,29.0,,False
0611,EDUCACIÓN INICIAL,843660,343.375,88.0,,False
0611,EDUCACIÓN INICIAL,865196,770.75,21.0,,False
0611,EDUCACIÓN INICIAL,838046,553.0,69.0,,False
0611,EDUCACIÓN INICIAL,820784,601.75,61.0,,False
0611,EDUCACIÓN INICIAL,842209,487.375,78.0,,False
0611,EDUCACIÓN INICIAL,823315,692.5,36.0,,False
0611,EDUCACIÓN INICIAL,837910,642.75,52.0,,False
0611,EDUCACIÓN INICIAL,825078,723.375,31.0,,False
0611,EDUCACIÓN INICIAL,870476,950.375,4.0,,False
0611,EDUCACIÓN INICIAL,898118,508.75,77.0,,False
0611,EDUCACIÓN INICIAL,854272,791.875,18.0,,False
0611,EDUCACIÓN INICIAL,841022,457.875,84.0,,False
0611,EDUCACIÓN INICIAL,882006,480.0,80.0,,False
0611,EDUCACIÓN INICIAL,855143,793.0,16.0,,False
0611,EDUCACIÓN INICIAL,860655,547.5,70.0,,False
0611,EDUCACIÓN INICIAL,856670,620.75,58.0,,False
0611,EDUCACIÓN INICIAL,872418,1020.25,1.0,,False
0611,EDUCACIÓN INICIAL,872640,711.375,33.0,,False
0611,EDUCACIÓN INICIAL,892686,640.0,53.0,,False
0611,EDUCACIÓN INICIAL,847142,915.5,8.0,,False
0611,EDUCACIÓN INICIAL,864581,623.125,57.0,,False
0611,EDUCACIÓN INICIAL,877093,447.625,86.0,,False
0611,EDUCACIÓN INICIAL,851723,479.5,81.0,,False
0611,EDUCACIÓN INICIAL,879436,565.625,67.0,,False
0611,EDUCACIÓN INICIAL,827607,745.625,28.0,,False
0611,EDUCACIÓN INICIAL,879178,580.625,64.0,,False
0611,EDUCACIÓN INICIAL,895532,689.5,38.0,,False
0611,EDUCACIÓN INICIAL,870275,934.375,6.0,,False
0611,EDUCACIÓN INICIAL,852742,749.625,26.0,,False
0612,EDUCACIÓN PRIMARIA,854916,640.5,48.0,,False
0612,EDUCACIÓN PRIMARIA,866924,669.875,37.0,,False
0612,EDUCACIÓN PRIMARIA,841350,567.125,57.0,,False
0612,EDUCACIÓN PRIMARIA,843845,900.25,9.0,,False
0612,EDUCACIÓN PRIMARIA,893186,925.875,7.0,,False
0612,EDUCACIÓN PRIMARIA,840212,657.75,42.0,,False
0612,EDUCACIÓN PRIMARIA,847176,643.875,46.0,,False
0612,EDUCACIÓN PRIMARIA,845689,891.0,10.0,,False
0612,EDUCACIÓN PRIMARIA,821770,605.375,53.0,,False
0612,EDUCACIÓN PRIMARIA,837857,1003.125,4.0,,False
0612,EDUCACIÓN PRIMARIA,866016,746.375,23.0,,False
0612,EDUCACIÓN PRIMARIA,876268,716.5,26.0,,False
0612,EDUCACIÓN PRIMARIA,897171,405.625,77.0,,False
0612,EDUCACIÓN PRIMARIA,867257,641.625,47.0,,False
0612,EDUCACIÓN PRIMARIA,891607,840.375,16.0,,False
0612,EDUCACIÓN PRIMARIA,877408,877.75,12.0,,False
0612,EDUCACIÓN PRIMARIA,820500,534.375,65.0,,False
0612,EDUCACIÓN PRIMARIA,852088,539.0,64.0,,False
0612,EDUCACIÓN PRIMARIA,831529,703.375,29.0,,False
0612,EDUCACIÓN PRIMARIA,831561,357.0,78.0,,False
0612,EDUCACIÓN PRIMARIA,860527,423.125,75.0,,False
0612,EDUCACIÓN PRIMARIA,849583,454.375,73.0,,False
0612,EDUCACIÓN PRIMARIA,896765,505.125,70.0,,False
0612,EDUCACIÓN PRIMARIA,862864,507.375,69.0,,False
0612,EDUCACIÓN PRIMARIA,857730,758.0,22.0,,False
0612,EDUCACIÓN PRIMARIA,838742,739.125,25.0,,False
0612,EDUCACIÓN PRIMARIA,855774,500.125,71.0,,False
0612,EDUCACIÓN PRIMARIA,878206,1007.125,3.0,,False
0612,EDUCACIÓN PRIMARIA,897472,700.875,30.0,,False
0612,EDUCACIÓN PRIMARIA,835284,683.875,35.0,,False
0612,EDUCACIÓN PRIMARIA,890301,664.5,39.0,,False
0612,EDUCACIÓN PRIMARIA,885282,632.75,49.0,,False
0612,EDUCACIÓN PRIMARIA,837905,661.125,41.0,,False
0612,EDUCACIÓN PRIMARIA,859554,664.75,38.0,,False
0612,EDUCACIÓN PRIMARIA,879805,698.625,31.0,,False
0612,EDUCACIÓN PRIMARIA,871991,693.125,33.0,,False
0612,EDUCACIÓN PRIMARIA,870838,740.375,24.0,,False
0612,EDUCACIÓN PRIMARIA,822689,522.125,68.0,,False
0612,EDUCACIÓN PRIMARIA,878466,420.0,76.0,,False
0612,EDUCACIÓN PRIMARIA,880511,704.5,28.0,,False
0612,EDUCACIÓN PRIMARIA,890973,612.125,52.0,,False
0612,EDUCACIÓN PRIMARIA,882285,922.625,8.0,,False
0612,EDUCACIÓN PRIMARIA,842395,939.75,6.0,,False
0612,EDUCACIÓN PRIMARIA,884407,629.0,50.0,,False
0612,EDUCACIÓN PRIMARIA,845077,689.375,34.0,,False
0612,EDUCACIÓN PRIMARIA,887547,1081.75,1.0,,False
0612,EDUCACIÓN PRIMARIA,876941,529.0,66.0,,False
0612,EDUCACIÓN PRIMARIA,871948,539.5,63.0,,False
0612,EDUCACIÓN PRIMARIA,841535,434.625,74.0,,False
0612,EDUCACIÓN PRIMARIA,828402,706.75,27.0,,False
0612,EDUCACIÓN PRIMARIA,884612,554.375,61.0,,False
0612,EDUCACIÓN PRIMARIA,825213,613.875,51.0,,False
0612,EDUCACIÓN PRIMARIA,838580,645.125,44.0,,False
0612,EDUCACIÓN PRIMARIA,839774,661.5,40.0,,False
0612,EDUCACIÓN PRIMARIA,844662,1058.875,2.0,,False
0612,EDUCACIÓN PRIMARIA,835023,644.5,45.0,,False
0612,EDUCACIÓN PRIMARIA,823093,462.0,72.0,,False
0612,EDUCACIÓN PRIMARIA,835659,877.75,13.0,,False
0612,EDUCACIÓN PRIMARIA,872771,540.875,62.0,,False
0612,EDUCACIÓN PRIMARIA,830181,766.75,20.0,,False
0612,EDUCACIÓN PRIMARIA,824435,881.125,11.0,,False
0612,EDUCACIÓN PRIMARIA,830451,833.875,18.0,,False
0612,EDUCACIÓN PRIMARIA,851665,843.75,15.0,,False
0612,EDUCACIÓN PRIMARIA,850179,834.375,17.0,,False
0612,EDUCACIÓN PRIMARIA,899740,564.625,58.0,,False
0612,EDUCACIÓN PRIMARIA,840424,523.125,67.0,,False
0612,EDUCACIÓN PRIMARIA,848963,564.5,59.0,,False
0612,EDUCACIÓN PRIMARIA,865437,760.875,21.0,,False
0612,EDUCACIÓN PRIMARIA,823208,693.875,32.0,,False
0612,EDUCACIÓN PRIMARIA,884350,862.25,14.0,,False
0612,EDUCACIÓN PRIMARIA,869755,680.875,36.0,,False
0612,EDUCACIÓN PRIMARIA,876511,580.25,54.0,,False
0612,EDUCACIÓN PRIMARIA,821402,573.75,56.0,,False
0612,EDUCACIÓN PRIMARIA,828137,945.375,5.0,,False
0612,EDUCACIÓN PRIMARIA,824958,646.25,43.0,,False
0612,EDUCACIÓN PRIMARIA,849950,827.625,19.0,,False
0612,EDUCACIÓN PRIMARIA,888764,559.875,60.0,,False
0612,EDUCACIÓN PRIMARIA,828733,577.75,55.0,,False
0613,EDUCACIÓN SECUNDARIA,831151,,,AUSENTE,True
0613,EDUCACIÓN SECUNDARIA,826124,1068.75,9.0,,False
0613,EDUCACIÓN SECUNDARIA,841970,900.875,41.0,,False
0613,EDUCACIÓN SECUNDARIA,831911,1033.25,13.0,,False
0613,EDUCACIÓN SECUNDARIA,863114,725.5,92.0,,False
0613,EDUCACIÓN SECUNDARIA,878616,753.625,78.0,,False
0613,EDUCACIÓN SECUNDARIA,886281,,,AUSENTE,True
0613,EDUCACIÓN SECUNDARIA,824229,999.125,18.0,,False
0613,EDUCACIÓN SECUNDARIA,833312,1001.375,17.0,,False
0613,EDUCACIÓN SECUNDARIA,860747,622.5,128.0,,False
0613,EDUCACIÓN SECUNDARIA,871059,645.125,120.0,,False
0613,EDUCACIÓN SECUNDARIA,824506,623.625,127.0,,False
0613,EDUCACIÓN SECUNDARIA,838838,728.5,90.0,,False
0613,EDUCACIÓN SECUNDARIA,864061,792.125,71.0,,False
0613,EDUCACIÓN SECUNDARIA,851437,689.0,107.0,,False
0613,EDUCACIÓN SECUNDARIA,833125,792.625,70.0,,False
0613,EDUCACIÓN SECUNDARIA,827447,577.5,135.0,,False
0613,EDUCACIÓN SECUNDARIA,835800,455.0,161.0,,False
0613,EDUCACIÓN SECUNDARIA,874966,817.75,62.0,,False
0613,EDUCACIÓN SECUNDARIA,825589,1108.5,5.0,,False
0613,EDUCACIÓN SECUNDARIA,874090,891.625,43.0,,False
0613,EDUCACIÓN SECUNDARIA,838129,717.5,96.0,,False
0613,EDUCACIÓN SECUNDARIA,874106,749.625,82.0,,False
0613,EDUCACIÓN SECUNDARIA,875191,750.75,79.0,,False
0613,EDUCACIÓN SECUNDARIA,840220,,,AUSENTE,True
0613,EDUCACIÓN SECUNDARIA,879994,835.5,59.0,,False
0613,EDUCACIÓN SECUNDARIA,852858,865.875,47.0,,False
0613,EDUCACIÓN SECUNDARIA,864638,551.875,144.0,,False
0613,EDUCACIÓN SECUNDARIA,843085,815.25,64.0,,False
0613,EDUCACIÓN SECUNDARIA,823055,640.875,122.0,,False
0613,EDUCACIÓN SECUNDARIA,864359,476.875,158.0,,False
0613,EDUCACIÓN SECUNDARIA,834710,961.75,22.0,,False
0613,EDUCACIÓN SECUNDARIA,884052,709.875,99.0,,False
0613,EDUCACIÓN SECUNDARIA,830030,600.0,131.0,,False
0613,EDUCACIÓN SECUNDARIA,863709,732.5,89.0,,False
0613,EDUCACIÓN SECUNDARIA,876061,770.75,75.0,,False
0613,EDUCACIÓN SECUNDARIA,848463,713.0,98.0,,False
0613,EDUCACIÓN SECUNDARIA,820843,939.75,28.0,,False
0613,EDUCACIÓN SECUNDARIA,888441,864.25,48.0,,False
0613,EDUCACIÓN SECUNDARIA,884816,665.125,115.0,,False
0613,EDUCACIÓN SECUNDARIA,848738,1125.875,3.0,,False
0613,EDUCACIÓN SECUNDARIA,881811,984.75,19.0,,False
0613,EDUCACIÓN SECUNDARIA,891086,,,AUSENTE,True
0613,EDUCACIÓN SECUNDARIA,898286,594.875,132.0,,False
0613,EDUCACIÓN SECUNDARIA,828825,961.625,23.0,,False
0613,EDUCACIÓN SECUNDARIA,829817,876.375,45.0,,False
0613,EDUCACIÓN SECUNDARIA,879025,700.25,103.0,,False
0613,EDUCACIÓN SECUNDARIA,858364,507.375,155.0,,False
0613,EDUCACIÓN SECUNDARIA,854491,639.375,123.0,,False
0613,EDUCACIÓN SECUNDARIA,837326,661.125,117.0,,False
0613,EDUCACIÓN SECUNDARIA,889339,670.0,111.0,,False
0613,EDUCACIÓN SECUNDARIA,889446,715.25,97.0,,False
0613,EDUCACIÓN SECUNDARIA,875916,687.625,108.0,,False
0613,EDUCACIÓN SECUNDARIA,849862,458.0,160.0,,False
0613,EDUCACIÓN SECUNDARIA,866311,660.875,118.0,,False
0613,EDUCACIÓN SECUNDARIA,832919,722.0,95.0,,False
0613,EDUCACIÓN SECUNDARIA,859147,906.0,37.0,,False
0613,EDUCACIÓN SECUNDARIA,865979,819.5,61.0,,False
0613,EDUCACIÓN SECUNDARIA,840252,859.25,51.0,,False
0613,EDUCACIÓN SECUNDARIA,871211,581.75,134.0,,False
0613,EDUCACIÓN SECUNDARIA,846098,571.375,138.0,,False
0613,EDUCACIÓN SECUNDARIA,857356,544.375,147.0,,False
0613,EDUCACIÓN SECUNDARIA,843411,529.875,149.0,,False
0613,EDUCACIÓN SECUNDARIA,851454,565.375,139.0,,False
0613,EDUCACIÓN SECUNDARIA,849766,750.5,80.0,,False
0613,EDUCACIÓN SECUNDARIA,859557,500.875,156.0,,False
0613,EDUCACIÓN SECUNDARIA,887548,918.625,34.0,,False
0613,EDUCACIÓN SECUNDARIA,880384,1004.25,15.0,,False
0613,EDUCACIÓN SECUNDARIA,865157,869.125,46.0,,False
0613,EDUCACIÓN SECUNDARIA,835210,1047.625,12.0,,False
0613,EDUCACIÓN SECUNDARIA,853395,643.375,121.0,,False
0613,EDUCACIÓN SECUNDARIA,886447,812.375,65.0,,False
0613,EDUCACIÓN SECUNDARIA,886673,905.625,38.0,,False
0613,EDUCACIÓN SECUNDARIA,837590,626.25,126.0,,False
0613,EDUCACIÓN SECUNDARIA,844128,906.625,36.0,,False
0613,EDUCACIÓN SECUNDARIA,820951,471.0,159.0,,False
0613,EDUCACIÓN SECUNDARIA,830272,654.75,119.0,,False
0613,EDUCACIÓN SECUNDARIA,893039,544.5,146.0,,False
0613,EDUCACIÓN SECUNDARIA,849690,728.375,91.0,,False
0613,EDUCACIÓN SECUNDARIA,895030,665.125,114.0,,False
0613,EDUCACIÓN SECUNDARIA,866439,904.25,39.0,,False
0613,EDUCACIÓN SECUNDARIA,844421,524.5,151.0,,False
0613,EDUCACIÓN SECUNDARIA,887456,922.625,32.0,,False
0613,EDUCACIÓN SECUNDARIA,820375,515.5,152.0,,False
0613,EDUCACIÓN SECUNDARIA,890547,846.25,54.0,,False
0613,EDUCACIÓN SECUNDARIA,860928,734.125,88.0,,False
0613,EDUCACIÓN SECUNDARIA,870688,690.25,106.0,,False
0613,EDUCACIÓN SECUNDARIA,888923,686.25,109.0,,False
0613,EDUCACIÓN SECUNDARIA,842986,533.75,148.0,,False
0613,EDUCACIÓN SECUNDARIA,875043,,,AUSENTE,True
0613,EDUCACIÓN SECUNDARIA,889296,982.5,20.0,,False
0613,EDUCACIÓN SECUNDARIA,890543,839.25,55.0,,False
0613,EDUCACIÓN SECUNDARIA,887157,837.125,58.0,,False
0613,EDUCACIÓN SECUNDARIA,862087,748.875,83.0,,False
0613,EDUCACIÓN SECUNDARIA,876266,790.125,72.0,,False
0613,EDUCACIÓN SECUNDARIA,827169,743.0,86.0,,False
0613,EDUCACIÓN SECUNDARIA,886826,817.75,63.0,,False
0613,EDUCACIÓN SECUNDARIA,826967,765.125,77.0,,False
0613,EDUCACIÓN SECUNDARIA,865678,982.0,21.0,,False
0613,EDUCACIÓN SECUNDARIA,868025,952.125,26.0,,False
0613,EDUCACIÓN SECUNDARIA,895552,896.625,42.0,,False
0613,EDUCACIÓN SECUNDARIA,861139,807.125,67.0,,False
0613,EDUCACIÓN SECUNDARIA,853232,725.375,93.0,,False
0613,EDUCACIÓN SECUNDARIA,847274,556.375,142.0,,False
0613,EDUCACIÓN SECUNDARIA,824615,665.125,113.0,,False
0613,EDUCACIÓN SECUNDARIA,831079,707.375,100.0,,False
0613,EDUCACIÓN SECUNDARIA,885988,797.875,69.0,,False
0613,EDUCACIÓN SECUNDARIA,867038,631.125,125.0,,False
0613,EDUCACIÓN SECUNDARIA,858174,1063.625,10.0,,False
0613,EDUCACIÓN SECUNDARIA,876004,1127.375,2.0,,False
0613,EDUCACIÓN SECUNDARIA,860081,832.0,60.0,,False
0613,EDUCACIÓN SECUNDARIA,820468,558.125,141.0,,False
0613,EDUCACIÓN SECUNDARIA,832252,527.125,150.0,,False
0613,EDUCACIÓN SECUNDARIA,832512,770.75,76.0,,False
0613,EDUCACIÓN SECUNDARIA,890883,1003.125,16.0,,False
0613,EDUCACIÓN SECUNDARIA,843754,691.875,105.0,,False
0613,EDUCACIÓN SECUNDARIA,873649,928.75,29.0,,False
0613,EDUCACIÓN SECUNDARIA,830501,1151.0,1.0,,False
0613,EDUCACIÓN SECUNDARIA,836008,684.5,110.0,,False
0613,EDUCACIÓN SECUNDARIA,873963,943.125,27.0,,False
0613,EDUCACIÓN SECUNDARIA,894712,880.375,44.0,,False
0613,EDUCACIÓN SECUNDARIA,855478,860.375,50.0,,False
0613,EDUCACIÓN SECUNDARIA,889098,852.125,53.0,,False
0613,EDUCACIÓN SECUNDARIA,855668,514.0,153.0,,False
0613,EDUCACIÓN SECUNDARIA,828768,571.75,137.0,,False
0613,EDUCACIÓN SECUNDARIA,834095,722.5,94.0,,False
0613,EDUCACIÓN SECUNDARIA,889428,698.625,104.0,,False
0613,EDUCACIÓN SECUNDARIA,824822,1083.625,6.0,,False
0613,EDUCACIÓN SECUNDARIA,841985,862.875,49.0,,False
0613,EDUCACIÓN SECUNDARIA,825995,1078.375,8.0,,False
0613,EDUCACIÓN SECUNDARIA,880886,592.125,133.0,,False
0613,EDUCACIÓN SECUNDARIA,889467,918.625,35.0,,False
0613,EDUCACIÓN SECUNDARIA,895642,707.375,101.0,,False
0613,EDUCACIÓN SECUNDARIA,889777,632.125,124.0,,False
0613,EDUCACIÓN SECUNDARIA,883437,923.75,31.0,,False
0613,EDUCACIÓN SECUNDARIA,885354,745.625,85.0,,False
0613,EDUCACIÓN SECUNDARIA,891272,856.625,52.0,,False
0613,EDUCACIÓN SECUNDARIA,848018,1108.75,4.0,,False
0613,EDUCACIÓN SECUNDARIA,838041,700.625,102.0,,False
0613,EDUCACIÓN SECUNDARIA,850732,493.875,157.0,,False
0613,EDUCACIÓN SECUNDARIA,859441,838.625,56.0,,False
0613,EDUCACIÓN SECUNDARIA,880528,902.0,40.0,,False
0613,EDUCACIÓN SECUNDARIA,892629,927.5,30.0,,False
0613,EDUCACIÓN SECUNDARIA,828308,667.625,112.0,,False
0613,EDUCACIÓN SECUNDARIA,825847,739.75,87.0,,False
0613,EDUCACIÓN SECUNDARIA,830053,1082.25,7.0,,False
0613,EDUCACIÓN SECUNDARIA,883266,608.875,130.0,,False
0613,EDUCACIÓN SECUNDARIA,873703,663.125,116.0,,False
0613,EDUCACIÓN SECUNDARIA,880608,749.625,81.0,,False
0613,EDUCACIÓN SECUNDARIA,842429,959.5,24.0,,False
0613,EDUCACIÓN SECUNDARIA,825511,838.125,57.0,,False
0613,EDUCACIÓN SECUNDARIA,892199,561.75,140.0,,False
0613,EDUCACIÓN SECUNDARIA,852458,774.625,74.0,,False
0613,EDUCACIÓN SECUNDARIA,831018,1063.375,11.0,,False
0613,EDUCACIÓN SECUNDARIA,872909,613.0,129.0,,False
0613,EDUCACIÓN SECUNDARIA,899202,918.875,33.0,,False
0613,EDUCACIÓN SECUNDARIA,823556,1007.125,14.0,,False
0613,EDUCACIÓN SECUNDARIA,864695,952.875,25.0,,False
0613,EDUCACIÓN SECUNDARIA,889634,553.75,143.0,,False
0613,EDUCACIÓN SECUNDARIA,872675,807.125,66.0,,False
0613,EDUCACIÓN SECUNDARIA,871616,385.875,162.0,,False
0613,EDUCACIÓN SECUNDARIA,879955,513.125,154.0,,False
0613,EDUCACIÓN SECUNDARIA,833052,803.75,68.0,,False
0613,EDUCACIÓN SECUNDARIA,847830,576.625,136.0,,False
0613,EDUCACIÓN SECUNDARIA,887367,778.125,73.0,,False
0613,EDUCACIÓN SECUNDARIA,885053,746.5,84.0,,False
0613,EDUCACIÓN SECUNDARIA,853837,551.75,145.0,,False
013,ENFERMERÍA,506353,694.125,106.0,,False
013,ENFERMERÍA,500719,883.75,34.0,,False
013,ENFERMERÍA,506653,1051.0,7.0,,False
013,ENFERMERÍA,503251,745.375,83.0,,False
013,ENFERMERÍA,502995,922.625,25.0,,False
013,ENFERMERÍA,503016,722.25,95.0,,False
013,ENFERMERÍA,434741,751.625,78.0,,False
013,ENFERMERÍA,456128,577.75,169.0,,False
013,ENFERMERÍA,485966,662.25,127.0,,False
013,ENFERMERÍA,507161,656.875,132.0,,False
013,ENFERMERÍA,515002,584.25,162.0,,False
013,ENFERMERÍA,509212,354.375,209.0,,False
013,ENFERMERÍA,517206,726.0,92.0,,False
013,ENFERMERÍA,513617,665.125,125.0,,False
013,ENFERMERÍA,508843,798.625,57.0,,False
013,ENFERMERÍA,506715,855.25,39.0,,False
013,ENFERMERÍA,501084,897.5,32.0,,False
013,ENFERMERÍA,513608,782.0,60.0,,False
013,ENFERMERÍA,510256,447.25,201.0,,False
013,ENFERMERÍA,517483,687.625,109.0,,False
013,ENFERMERÍA,515128,960.875,17.0,,False
013,ENFERMERÍA,509988,1049.375,8.0,,False
013,ENFERMERÍA,519185,842.25,44.0,,False
013,ENFERMERÍA,518485,882.625,35.0,,False
013,ENFERMERÍA,428828,844.25,42.0,,False
013,ENFERMERÍA,450694,901.5,30.0,,False
013,ENFERMERÍA,509695,549.625,180.0,,False
013,ENFERMERÍA,516533,595.625,158.0,,False
013,ENFERMERÍA,510936,760.25,72.0,,False
013,ENFERMERÍA,501057,547.875,181.0,,False
013,ENFERMERÍA,507948,522.25,188.0,,False
013,ENFERMERÍA,508375,618.25,151.0,,False
013,ENFERMERÍA,508982,552.125,178.0,,False
013,ENFERMERÍA,478724,518.375,190.0,,False
013,ENFERMERÍA,506223,656.5,133.0,,False
013,ENFERMERÍA,517720,777.5,61.0,,False
013,ENFERMERÍA,509267,1091.625,3.0,,False
013,ENFERMERÍA,508091,532.625,186.0,,False
013,ENFERMERÍA,493205,667.75,121.0,,False
013,ENFERMERÍA,509325,842.75,43.0,,False
013,ENFERMERÍA,509752,720.5,97.0,,False
013,ENFERMERÍA,505594,593.625,160.0,,False
013,ENFERMERÍA,511934,494.375,194.0,,False
013,ENFERMERÍA,508202,582.25,165.0,,False
013,ENFERMERÍA,509411,711.5,99.0,,False
013,ENFERMERÍA,509859,,,AUSENTE,True
013,ENFERMERÍA,517874,644.0,141.0,,False
013,ENFERMERÍA,518317,756.5,75.0,,False
013,ENFERMERÍA,507522,574.625,170.0,,False
013,ENFERMERÍA,518359,788.75,58.0,,False
013,ENFERMERÍA,470477,655.0,134.0,,False
013,ENFERMERÍA,423665,639.375,145.0,,False
013,ENFERMERÍA,451906,768.125,68.0,,False
013,ENFERMERÍA,506278,617.75,152.0,,False
013,ENFERMERÍA,501412,953.25,20.0,,False
013,ENFERMERÍA,513518,,,AUSENTE,True
013,ENFERMERÍA,519768,679.875,115.0,,False
013,ENFERMERÍA,506038,886.5,33.0,,False
013,ENFERMERÍA,514791,605.0,155.0,,False
013,ENFERMERÍA,457038,705.5,102.0,,False
013,ENFERMERÍA,504646,915.0,26.0,,False
013,ENFERMERÍA,506814,666.75,123.0,,False
013,ENFERMERÍA,504324,407.25,207.0,,False
013,ENFERMERÍA,517030,534.375,185.0,,False
013,ENFERMERÍA,505945,728.5,91.0,,False
013,ENFERMERÍA,421744,594.25,159.0,,False
013,ENFERMERÍA,517254,1007.125,12.0,,False
013,ENFERMERÍA,504137,421.125,204.0,,False
013,ENFERMERÍA,501917,632.875,147.0,,False
013,ENFERMERÍA,515532,802.5,55.0,,False
013,ENFERMERÍA,518631,738.125,86.0,,False
013,ENFERMERÍA,500739,692.75,107.0,,False
013,ENFERMERÍA,503465,724.875,93.0,,False
013,ENFERMERÍA,502674,578.875,168.0,,False
013,ENFERMERÍA,500413,699.625,103.0,,False
013,ENFERMERÍA,442730,1024.25,11.0,,False
013,ENFERMERÍA,510511,1117.75,1.0,,False
013,ENFERMERÍA,506297,714.375,98.0,,False
013,ENFERMERÍA,512069,554.25,175.0,,False
013,ENFERMERÍA,497544,770.75,66.0,,False
013,ENFERMERÍA,504200,742.0,85.0,,False
013,ENFERMERÍA,441195,552.625,177.0,,False
013,ENFERMERÍA,516168,681.375,114.0,,False
013,ENFERMERÍA,472898,520.625,189.0,,False
013,ENFERMERÍA,452368,563.125,174.0,,False
013,ENFERMERÍA,514070,470.625,197.0,,False
013,ENFERMERÍA,502295,662.0,129.0,,False
013,ENFERMERÍA,506364,744.875,84.0,,False
013,ENFERMERÍA,504407,934.375,24.0,,False
013,ENFERMERÍA,485299,682.25,113.0,,False
013,ENFERMERÍA,502887,510.5,192.0,,False
013,ENFERMERÍA,512065,618.625,150.0,,False
013,ENFERMERÍA,485500,,,AUSENTE,True
013,ENFERMERÍA,510386,674.25,118.0,,False
013,ENFERMERÍA,502718,676.5,116.0,,False
013,ENFERMERÍA,512983,707.375,100.0,,False
013,ENFERMERÍA,507470,1091.625,4.0,,False
013,ENFERMERÍA,518041,940.875,23.0,,False
013,ENFERMERÍA,508163,827.125,49.0,,False
013,ENFERMERÍA,454601,416.75,205.0,,False
013,ENFERMERÍA,511249,877.5,37.0,,False
013,ENFERMERÍA,466969,526.5,187.0,,False
013,ENFERMERÍA,458456,649.875,138.0,,False
013,ENFERMERÍA,508045,639.5,144.0,,False
013,ENFERMERÍA,507054,768.25,67.0,,False
013,ENFERMERÍA,502155,911.5,27.0,,False
013,ENFERMERÍA,517373,954.875,19.0,,False
013,ENFERMERÍA,511305,756.875,73.0,,False
013,ENFERMERÍA,514146,378.75,208.0,,False
013,ENFERMERÍA,512689,834.375,46.0,,False
013,ENFERMERÍA,456965,801.75,56.0,,False
013,ENFERMERÍA,512233,846.75,40.0,,False
013,ENFERMERÍA,503044,961.75,16.0,,False
013,ENFERMERÍA,509787,666.25,124.0,,False
013,ENFERMERÍA,506064,648.0,139.0,,False
013,ENFERMERÍA,518770,545.0,182.0,,False
013,ENFERMERÍA,504486,846.5,41.0,,False
013,ENFERMERÍA,501710,476.0,195.0,,False
013,ENFERMERÍA,432232,,,AUSENTE,True
013,ENFERMERÍA,501181,566.75,173.0,,False
013,ENFERMERÍA,508947,684.875,111.0,,False
013,ENFERMERÍA,507692,771.25,63.0,,False
013,ENFERMERÍA,512926,774.75,62.0,,False
013,ENFERMERÍA,515787,613.25,153.0,,False
013,ENFERMERÍA,506995,596.75,157.0,,False
013,ENFERMERÍA,506584,513.25,191.0,,False
013,ENFERMERÍA,501600,746.75,81.0,,False
013,ENFERMERÍA,500578,662.0,128.0,,False
013,ENFERMERÍA,511085,645.375,140.0,,False
013,ENFERMERÍA,503110,724.5,94.0,,False
013,ENFERMERÍA,503253,675.875,117.0,,False
013,ENFERMERÍA,501813,812.25,52.0,,False
013,ENFERMERÍA,511258,900.875,31.0,,False
013,ENFERMERÍA,512996,969.0,15.0,,False
013,ENFERMERÍA,504543,749.625,79.0,,False
013,ENFERMERÍA,493710,865.625,38.0,,False
013,ENFERMERÍA,504949,570.5,171.0,,False
013,ENFERMERÍA,508606,771.0,64.0,,False
013,ENFERMERÍA,502947,621.375,149.0,,False
013,ENFERMERÍA,516668,450.125,200.0,,False
013,ENFERMERÍA,506818,763.875,70.0,,False
013,ENFERMERÍA,453207,908.75,28.0,,False
013,ENFERMERÍA,509857,636.625,146.0,,False
013,ENFERMERÍA,500177,728.75,89.0,,False
013,ENFERMERÍA,506229,831.25,47.0,,False
013,ENFERMERÍA,508288,905.375,29.0,,False
013,ENFERMERÍA,509323,652.125,137.0,,False
013,ENFERMERÍA,500821,960.875,18.0,,False
013,ENFERMERÍA,482779,579.0,167.0,,False
013,ENFERMERÍA,430350,746.375,82.0,,False
013,ENFERMERÍA,514199,978.0,14.0,,False
013,ENFERMERÍA,507568,762.0,71.0,,False
013,ENFERMERÍA,500847,641.125,142.0,,False
013,ENFERMERÍA,512321,583.125,163.0,,False
013,ENFERMERÍA,504856,695.25,104.0,,False
013,ENFERMERÍA,515706,654.25,135.0,,False
013,ENFERMERÍA,518159,430.125,203.0,,False
013,ENFERMERÍA,505161,1058.25,6.0,,False
013,ENFERMERÍA,473628,952.5,21.0,,False
013,ENFERMERÍA,440833,842.0,45.0,,False
013,ENFERMERÍA,502980,684.75,112.0,,False
013,ENFERMERÍA,508014,601.75,156.0,,False
013,ENFERMERÍA,508970,782.25,59.0,,False
013,ENFERMERÍA,508108,553.875,176.0,,False
013,ENFERMERÍA,467706,1070.5,5.0,,False
013,ENFERMERÍA,511848,755.0,77.0,,False
013,ENFERMERÍA,481648,728.5,90.0,,False
013,ENFERMERÍA,472735,475.0,196.0,,False
013,ENFERMERÍA,513264,624.5,148.0,,False
013,ENFERMERÍA,513610,1047.625,9.0,,False
013,ENFERMERÍA,455735,755.75,76.0,,False
013,ENFERMERÍA,517928,549.875,179.0,,False
013,ENFERMERÍA,510477,770.75,65.0,,False
013,ENFERMERÍA,508113,640.0,143.0,,False
013,ENFERMERÍA,519818,808.5,53.0,,False
013,ENFERMERÍA,509027,706.75,101.0,,False
013,ENFERMERÍA,503118,589.625,161.0,,False
013,ENFERMERÍA,516393,659.25,131.0,,False
013,ENFERMERÍA,504808,467.375,198.0,,False
013,ENFERMERÍA,446859,764.5,69.0,,False
013,ENFERMERÍA,449247,544.5,183.0,,False
013,ENFERMERÍA,479240,721.25,96.0,,False
013,ENFERMERÍA,483154,444.0,202.0,,False
013,ENFERMERÍA,509017,581.375,166.0,,False
013,ENFERMERÍA,508755,464.5,199.0,,False
013,ENFERMERÍA,500965,878.875,36.0,,False
013,ENFERMERÍA,517417,1095.0,2.0,,False
013,ENFERMERÍA,512463,609.625,154.0,,False
013,ENFERMERÍA,504111,735.25,87.0,,False
013,ENFERMERÍA,516351,508.875,193.0,,False
013,ENFERMERÍA,503876,943.75,22.0,,False
013,ENFERMERÍA,515014,690.5,108.0,,False
013,ENFERMERÍA,502653,670.75,119.0,,False
013,ENFERMERÍA,506717,582.75,164.0,,False
013,ENFERMERÍA,512460,570.125,172.0,,False
013,ENFERMERÍA,507952,662.625,126.0,,False
013,ENFERMERÍA,427653,695.0,105.0,,False
013,ENFERMERÍA,503433,987.625,13.0,,False
013,ENFERMERÍA,510690,1043.625,10.0,,False
013,ENFERMERÍA,511226,659.75,130.0,,False
013,ENFERMERÍA,515232,536.0,184.0,,False
013,ENFERMERÍA,420778,756.625,74.0,,False
013,ENFERMERÍA,508747,686.25,110.0,,False
013,ENFERMERÍA,511629,409.0,206.0,,False
013,ENFERMERÍA,500184,814.125,51.0,,False
013,ENFERMERÍA,516002,670.625,120.0,,False
013,ENFERMERÍA,510239,749.25,80.0,,False
013,ENFERMERÍA,473235,667.625,122.0,,False
013,ENFERMERÍA,518675,821.125,50.0,,False
013,ENFERMERÍA,513830,830.125,48.0,,False
013,ENFERMERÍA,511767,653.25,136.0,,False
013,ENFERMERÍA,515713,729.625,88.0,,False
013,ENFERMERÍA,513620,808.125,54.0,,False
142,ESTADÍSTICA,556266,730.75,26.0,,False
142,ESTADÍSTICA,535089,653.125,32.0,,False
142,ESTADÍSTICA,531084,618.875,38.0,,False
142,ESTADÍSTICA,562434,483.0,44.0,,False
142,ESTADÍSTICA,563829,918.625,6.0,,False
142,ESTADÍSTICA,547253,612.375,40.0,,False
142,ESTADÍSTICA,549168,744.0,24.0,,False
142,ESTADÍSTICA,570091,691.25,30.0,,False
142,ESTADÍSTICA,590740,848.375,10.0,,False
142,ESTADÍSTICA,566869,776.375,18.0,,False
142,ESTADÍSTICA,560724,831.0,11.0,,False
142,ESTADÍSTICA,569125,729.625,27.0,,False
142,ESTADÍSTICA,592985,799.5,13.0,,False
142,ESTADÍSTICA,558861,787.875,17.0,,False
142,ESTADÍSTICA,526262,983.125,2.0,,False
142,ESTADÍSTICA,590413,791.875,15.0,,False
142,ESTADÍSTICA,588387,509.25,43.0,,False
142,ESTADÍSTICA,553822,640.0,36.0,,False
142,ESTADÍSTICA,533181,1037.375,1.0,,False
142,ESTADÍSTICA,530030,723.125,29.0,,False
142,ESTADÍSTICA,568823,797.625,14.0,,False
142,ESTADÍSTICA,579907,614.875,39.0,,False
142,ESTADÍSTICA,578070,428.375,45.0,,False
142,ESTADÍSTICA,530543,749.625,22.0,,False
142,ESTADÍSTICA,598190,564.5,42.0,,False
142,ESTADÍSTICA,557326,743.75,25.0,,False
142,ESTADÍSTICA,538360,640.875,35.0,,False
142,ESTADÍSTICA,539183,773.0,20.0,,False
142,ESTADÍSTICA,538137,645.125,34.0,,False
142,ESTADÍSTICA,590271,977.75,4.0,,False
142,ESTADÍSTICA,596863,899.5,7.0,,False
142,ESTADÍSTICA,526224,673.625,31.0,,False
142,ESTADÍSTICA,579557,811.625,12.0,,False
142,ESTADÍSTICA,560340,723.625,28.0,,False
142,ESTADÍSTICA,579585,595.25,41.0,,False
142,ESTADÍSTICA,584576,755.5,21.0,,False
142,ESTADÍSTICA,548147,646.75,33.0,,False
142,ESTADÍSTICA,524880,982.0,3.0,,False
142,ESTADÍSTICA,545516,859.25,9.0,,False
142,ESTADÍSTICA,535215,887.0,8.0,,False
142,ESTADÍSTICA,570763,929.375,5.0,,False
142,ESTADÍSTICA,520877,745.625,23.0,,False
142,ESTADÍSTICA,578742,788.0,16.0,,False
142,ESTADÍSTICA,560721,622.875,37.0,,False
142,ESTADÍSTICA,571509,775.875,19.0,,False
041,FARMACIA Y BIOQUÍMICA,507957,651.0,85.0,,False
041,FARMACIA Y BIOQUÍMICA,450826,926.25,34.0,,False
041,FARMACIA Y BIOQUÍMICA,505785,1009.375,19.0,,False
041,FARMACIA Y BIOQUÍMICA,502507,869.375,47.0,,False
041,FARMACIA Y BIOQUÍMICA,502003,1082.25,7.0,,False
041,FARMACIA Y BIOQUÍMICA,514349,800.5,60.0,,False
041,FARMACIA Y BIOQUÍMICA,517089,930.125,33.0,,False
041,FARMACIA Y BIOQUÍMICA,506901,745.625,69.0,,False
041,FARMACIA Y BIOQUÍMICA,467871,914.625,37.0,,False
041,FARMACIA Y BIOQUÍMICA,509880,855.25,50.0,,False
041,FARMACIA Y BIOQUÍMICA,493727,1057.75,12.0,,False
041,FARMACIA Y BIOQUÍMICA,504493,477.75,101.0,,False
041,FARMACIA Y BIOQUÍMICA,513970,1004.25,20.0,,False
041,FARMACIA Y BIOQUÍMICA,502304,933.25,31.0,,False
041,FARMACIA Y BIOQUÍMICA,509293,770.75,66.0,,False
041,FARMACIA Y BIOQUÍMICA,438241,957.75,24.0,,False
041,FARMACIA Y BIOQUÍMICA,516373,922.625,36.0,,False
041,FARMACIA Y BIOQUÍMICA,501810,973.75,23.0,,False
041,FARMACIA Y BIOQUÍMICA,518888,629.625,87.0,,False
041,FARMACIA Y BIOQUÍMICA,506768,956.875,25.0,,False
041,FARMACIA Y BIOQUÍMICA,518656,871.375,46.0,,False
041,FARMACIA Y BIOQUÍMICA,510745,734.875,71.0,,False
041,FARMACIA Y BIOQUÍMICA,513227,1078.375,8.0,,False
041,FARMACIA Y BIOQUÍMICA,516069,1085.25,6.0,,False
041,FARMACIA Y BIOQUÍMICA,503982,521.0,98.0,,False
041,FARMACIA Y BIOQUÍMICA,515417,898.625,40.0,,False
041,FARMACIA Y BIOQUÍMICA,510342,1066.5,11.0,,False
041,FARMACIA Y BIOQUÍMICA,513206,807.875,58.0,,False
041,FARMACIA Y BIOQUÍMICA,507255,859.25,49.0,,False
041,FARMACIA Y BIOQUÍMICA,511319,908.625,38.0,,False
041,FARMACIA Y BIOQUÍMICA,511539,701.75,77.0,,False
041,FARMACIA Y BIOQUÍMICA,501455,770.75,67.0,,False
041,FARMACIA Y BIOQUÍMICA,502690,991.125,22.0,,False
041,FARMACIA Y BIOQUÍMICA,516138,722.625,73.0,,False
041,FARMACIA Y BIOQUÍMICA,500970,436.75,103.0,,False
041,FARMACIA Y BIOQUÍMICA,440753,669.25,82.0,,False
041,FARMACIA Y BIOQUÍMICA,506436,625.375,88.0,,False
041,FARMACIA Y BIOQUÍMICA,509179,864.75,48.0,,False
041,FARMACIA Y BIOQUÍMICA,506776,840.0,52.0,,False
041,FARMACIA Y BIOQUÍMICA,519343,874.625,45.0,,False
041,FARMACIA Y BIOQUÍMICA,512814,704.125,76.0,,False
041,FARMACIA Y BIOQUÍMICA,516330,1107.5,5.0,,False
041,FARMACIA Y BIOQUÍMICA,514762,817.0,56.0,,False
041,FARMACIA Y BIOQUÍMICA,510592,607.375,91.0,,False
041,FARMACIA Y BIOQUÍMICA,512629,1070.5,9.0,,False
041,FARMACIA Y BIOQUÍMICA,457228,822.625,53.0,,False
041,FARMACIA Y BIOQUÍMICA,502898,822.125,54.0,,False
041,FARMACIA Y BIOQUÍMICA,511700,483.75,99.0,,False
041,FARMACIA Y BIOQUÍMICA,508873,1045.375,13.0,,False
041,FARMACIA Y BIOQUÍMICA,509393,882.625,42.0,,False
041,FARMACIA Y BIOQUÍMICA,505620,729.625,72.0,,False
041,FARMACIA Y BIOQUÍMICA,479337,788.5,63.0,,False
041,FARMACIA Y BIOQUÍMICA,488405,719.25,74.0,,False
041,FARMACIA Y BIOQUÍMICA,509574,813.25,57.0,,False
041,FARMACIA Y BIOQUÍMICA,509804,1069.875,10.0,,False
041,FARMACIA Y BIOQUÍMICA,503886,704.75,75.0,,False
041,FARMACIA Y BIOQUÍMICA,508359,880.375,43.0,,False
041,FARMACIA Y BIOQUÍMICA,503484,1144.0,4.0,,False
041,FARMACIA Y BIOQUÍMICA,509817,805.0,59.0,,False
041,FARMACIA Y BIOQUÍMICA,508814,902.625,39.0,,False
041,FARMACIA Y BIOQUÍMICA,513229,,,AUSENTE,True
041,FARMACIA Y BIOQUÍMICA,425213,1146.75,3.0,,False
041,FARMACIA Y BIOQUÍMICA,514946,949.375,27.0,,False
041,FARMACIA Y BIOQUÍMICA,509399,606.75,92.0,,False
041,FARMACIA Y BIOQUÍMICA,508305,641.125,86.0,,False
041,FARMACIA Y BIOQUÍMICA,506784,684.25,80.0,,False
041,FARMACIA Y BIOQUÍMICA,516321,681.875,81.0,,False
041,FARMACIA Y BIOQUÍMICA,445930,393.5,105.0,,False
041,FARMACIA Y BIOQUÍMICA,432915,1168.125,1.0,,False
041,FARMACIA Y BIOQUÍMICA,484477,1018.625,17.0,,False
041,FARMACIA Y BIOQUÍMICA,512399,775.875,64.0,,False
041,FARMACIA Y BIOQUÍMICA,514722,791.875,62.0,,False
041,FARMACIA Y BIOQUÍMICA,503919,1163.375,2.0,,False
041,FARMACIA Y BIOQUÍMICA,515286,932.75,32.0,,False
041,FARMACIA Y BIOQUÍMICA,457026,435.375,104.0,,False
041,FARMACIA Y BIOQUÍMICA,436901,536.625,97.0,,False
041,FARMACIA Y BIOQUÍMICA,500359,655.25,84.0,,False
041,FARMACIA Y BIOQUÍMICA,500453,1033.25,14.0,,False
041,FARMACIA Y BIOQUÍMICA,509693,1003.375,21.0,,False
041,FARMACIA Y BIOQUÍMICA,473881,924.625,35.0,,False
041,FARMACIA Y BIOQUÍMICA,513905,880.375,44.0,,False
041,FARMACIA Y BIOQUÍMICA,518583,622.875,89.0,,False
041,FARMACIA Y BIOQUÍMICA,504030,549.25,96.0,,False
041,FARMACIA Y BIOQUÍMICA,503791,656.0,83.0,,False
041,FARMACIA Y BIOQUÍMICA,505657,774.125,65.0,,False
041,FARMACIA Y BIOQUÍMICA,501283,951.875,26.0,,False
041,FARMACIA Y BIOQUÍMICA,471264,701.625,78.0,,False
041,FARMACIA Y BIOQUÍMICA,508985,600.625,93.0,,False
041,FARMACIA Y BIOQUÍMICA,513741,758.0,68.0,,False
041,FARMACIA Y BIOQUÍMICA,508179,794.125,61.0,,False
041,FARMACIA Y BIOQUÍMICA,501014,854.625,51.0,,False
041,FARMACIA Y BIOQUÍMICA,514165,609.375,90.0,,False
041,FARMACIA Y BIOQUÍMICA,516733,736.25,70.0,,False
041,FARMACIA Y BIOQUÍMICA,507943,1028.25,15.0,,False
041,FARMACIA Y BIOQUÍMICA,504088,1024.25,16.0,,False
041,FARMACIA Y BIOQUÍMICA,505969,1017.125,18.0,,False
041,FARMACIA Y BIOQUÍMICA,517754,685.375,79.0,,False
041,FARMACIA Y BIOQUÍMICA,513090,941.125,30.0,,False
041,FARMACIA Y BIOQUÍMICA,504179,946.5,28.0,,False
041,FARMACIA Y BIOQUÍMICA,510099,473.125,102.0,,False
041,FARMACIA Y BIOQUÍMICA,514856,817.5,55.0,,False
041,FARMACIA Y BIOQUÍMICA,490635,479.5,100.0,,False
041,FARMACIA Y BIOQUÍMICA,510925,895.75,41.0,,False
041,FARMACIA Y BIOQUÍMICA,517790,944.875,29.0,,False
041,FARMACIA Y BIOQUÍMICA,505121,563.5,95.0,,False
041,FARMACIA Y BIOQUÍMICA,509651,583.75,94.0,,False
033,FILOSOFÍA,842989,995.0,3.0,,False
033,FILOSOFÍA,838984,1031.875,2.0,,False
033,FILOSOFÍA,874370,906.625,6.0,,False
033,FILOSOFÍA,895624,1155.0,1.0,,False
033,FILOSOFÍA,861772,907.625,5.0,,False
033,FILOSOFÍA,848967,960.875,4.0,,False
033,FILOSOFÍA,896221,711.375,9.0,,False
033,FILOSOFÍA,832423,736.125,8.0,,False
033,FILOSOFÍA,848574,498.0,11.0,,False
033,FILOSOFÍA,846875,737.75,7.0,,False
033,FILOSOFÍA,835821,689.875,10.0,,False
033,FILOSOFÍA,857244,474.375,12.0,,False
131,FÍSICA,598711,671.75,20.0,,False
131,FÍSICA,573683,764.25,14.0,,False
131,FÍSICA,561491,830.125,10.0,,False
131,FÍSICA,542878,620.625,23.0,,False
131,FÍSICA,596276,780.375,11.0,,False
131,FÍSICA,564944,,,AUSENTE,True
131,FÍSICA,532939,617.375,24.0,,False
131,FÍSICA,597518,649.125,21.0,,False
131,FÍSICA,585442,549.75,28.0,,False
131,FÍSICA,577959,1218.375,1.0,,False
131,FÍSICA,583699,463.5,29.0,,False
131,FÍSICA,553985,557.375,27.0,,False
131,FÍSICA,550361,982.0,2.0,,False
131,FÍSICA,578568,762.0,16.0,,False
131,FÍSICA,546518,727.25,17.0,,False
131,FÍSICA,575332,889.5,9.0,,False
131,FÍSICA,537251,641.125,22.0,,False
131,FÍSICA,538382,950.375,4.0,,False
131,FÍSICA,562775,890.375,8.0,,False
131,FÍSICA,539818,767.75,13.0,,False
131,FÍSICA,542815,974.5,3.0,,False
131,FÍSICA,527244,893.5,6.0,,False
131,FÍSICA,587072,570.75,26.0,,False
131,FÍSICA,574495,598.75,25.0,,False
131,FÍSICA,539197,776.875,12.0,,False
131,FÍSICA,536890,718.375,18.0,,False
131,FÍSICA,586937,762.75,15.0,,False
131,FÍSICA,565220,904.25,5.0,,False
131,FÍSICA,570954,893.25,7.0,,False
131,FÍSICA,521724,683.625,19.0,,False
102,GENÉTICA Y BIOTECNOLOGÍA,578266,751.875,39.0,,False
102,GENÉTICA Y BIOTECNOLOGÍA,538844,1230.75,3.0,,False
102,GENÉTICA Y BIOTECNOLOGÍA,597054,680.375,55.0,,False
102,GENÉTICA Y BIOTECNOLOGÍA,583574,458.875,85.0,,False
102,GENÉTICA Y BIOTECNOLOGÍA,559004,515.875,82.0,,False
102,GENÉTICA Y BIOTECNOLOGÍA,557469,732.5,42.0,,False
102,GENÉTICA Y BIOTECNOLOGÍA,544182,1311.75,1.0,,False
102,GENÉTICA Y BIOTECNOLOGÍA,543231,574.875,75.0,,False
102,GENÉTICA Y BIOTECNOLOGÍA,557657,1091.625,5.0,,False
102,GENÉTICA Y BIOTECNOLOGÍA,565966,804.25,35.0,,False
102,GENÉTICA Y BIOTECNOLOGÍA,551361,561.375,76.0,,False
102,GENÉTICA Y BIOTECNOLOGÍA,557927,759.25,37.0,,False
102,GENÉTICA Y BIOTECNOLOGÍA,592965,877.5,21.0,,False
102,GENÉTICA Y BIOTECNOLOGÍA,550631,632.0,65.0,,False
102,GENÉTICA Y BIOTECNOLOGÍA,598583,1244.25,2.0,,False
102,GENÉTICA Y BIOTECNOLOGÍA,539106,696.0,52.0,,False
102,GENÉTICA Y BIOTECNOLOGÍA,533050,901.5,18.0,,False
102,GENÉTICA Y BIOTECNOLOGÍA,581711,604.375,70.0,,False
102,GENÉTICA Y BIOTECNOLOGÍA,588351,685.25,54.0,,False
102,GENÉTICA Y BIOTECNOLOGÍA,589217,670.25,58.0,,False
102,GENÉTICA Y BIOTECNOLOGÍA,550797,820.0,33.0,,False
102,GENÉTICA Y BIOTECNOLOGÍA,531702,706.0,50.0,,False
102,GENÉTICA Y BIOTECNOLOGÍA,529497,627.625,66.0,,False
102,GENÉTICA Y BIOTECNOLOGÍA,573386,665.625,59.0,,False
102,GENÉTICA Y BIOTECNOLOGÍA,564730,731.875,44.0,,False
102,GENÉTICA Y BIOTECNOLOGÍA,599053,928.75,13.0,,False
102,GENÉTICA Y BIOTECNOLOGÍA,527042,651.625,61.0,,False
102,GENÉTICA Y BIOTECNOLOGÍA,563041,648.0,62.0,,False
102,GENÉTICA Y BIOTECNOLOGÍA,540938,1129.875,4.0,,False
102,GENÉTICA Y BIOTECNOLOGÍA,566837,373.125,87.0,,False
102,GENÉTICA Y BIOTECNOLOGÍA,562764,654.375,60.0,,False
102,GENÉTICA Y BIOTECNOLOGÍA,571113,991.625,9.0,,False
102,GENÉTICA Y BIOTECNOLOGÍA,540858,466.5,84.0,,False
102,GENÉTICA Y BIOTECNOLOGÍA,571700,857.25,29.0,,False
102,GENÉTICA Y BIOTECNOLOGÍA,565798,522.875,81.0,,False
102,GENÉTICA Y BIOTECNOLOGÍA,548609,950.75,12.0,,False
102,GENÉTICA Y BIOTECNOLOGÍA,526584,621.375,67.0,,False
102,GENÉTICA Y BIOTECNOLOGÍA,579429,724.5,45.0,,False
102,GENÉTICA Y BIOTECNOLOGÍA,538579,554.375,78.0,,False
102,GENÉTICA Y BIOTECNOLOGÍA,532828,904.875,16.0,,False
102,GENÉTICA Y BIOTECNOLOGÍA,587075,960.875,10.0,,False
102,GENÉTICA Y BIOTECNOLOGÍA,579867,592.875,72.0,,False
102,GENÉTICA Y BIOTECNOLOGÍA,546581,902.875,17.0,,False
102,GENÉTICA Y BIOTECNOLOGÍA,560530,602.0,71.0,,False
102,GENÉTICA Y BIOTECNOLOGÍA,527284,860.625,26.0,,False
102,GENÉTICA Y BIOTECNOLOGÍA,565402,546.125,79.0,,False
102,GENÉTICA Y BIOTECNOLOGÍA,561420,731.875,43.0,,False
102,GENÉTICA Y BIOTECNOLOGÍA,546370,859.75,27.0,,False
102,GENÉTICA Y BIOTECNOLOGÍA,586829,810.875,34.0,,False
102,GENÉTICA Y BIOTECNOLOGÍA,579836,642.875,64.0,,False
102,GENÉTICA Y BIOTECNOLOGÍA,549056,916.625,15.0,,False
102,GENÉTICA Y BIOTECNOLOGÍA,593749,1036.625,7.0,,False
102,GENÉTICA Y BIOTECNOLOGÍA,586972,876.375,22.0,,False
102,GENÉTICA Y BIOTECNOLOGÍA,585354,538.875,80.0,,False
102,GENÉTICA Y BIOTECNOLOGÍA,541952,886.75,20.0,,False
102,GENÉTICA Y BIOTECNOLOGÍA,549352,610.75,69.0,,False
102,GENÉTICA Y BIOTECNOLOGÍA,557383,867.625,25.0,,False
102,GENÉTICA Y BIOTECNOLOGÍA,534953,714.125,47.0,,False
102,GENÉTICA Y BIOTECNOLOGÍA,558121,620.0,68.0,,False
102,GENÉTICA Y BIOTECNOLOGÍA,549891,672.5,57.0,,False
102,GENÉTICA Y BIOTECNOLOGÍA,560585,855.25,30.0,,False
102,GENÉTICA Y BIOTECNOLOGÍA,541168,582.0,73.0,,False
102,GENÉTICA Y BIOTECNOLOGÍA,530144,775.5,36.0,,False
102,GENÉTICA Y BIOTECNOLOGÍA,558305,704.75,51.0,,False
102,GENÉTICA Y BIOTECNOLOGÍA,561055,820.625,32.0,,False
102,GENÉTICA Y BIOTECNOLOGÍA,598477,1058.625,6.0,,False
102,GENÉTICA Y BIOTECNOLOGÍA,588578,851.25,31.0,,False
102,GENÉTICA Y BIOTECNOLOGÍA,567723,957.25,11.0,,False
102,GENÉTICA Y BIOTECNOLOGÍA,562160,1021.875,8.0,,False
102,GENÉTICA Y BIOTECNOLOGÍA,547977,484.75,83.0,,False
102,GENÉTICA Y BIOTECNOLOGÍA,588940,875.5,23.0,,False
102,GENÉTICA Y BIOTECNOLOGÍA,560550,744.5,40.0,,False
102,GENÉTICA Y BIOTECNOLOGÍA,573301,733.5,41.0,,False
102,GENÉTICA Y BIOTECNOLOGÍA,569153,718.625,46.0,,False
102,GENÉTICA Y BIOTECNOLOGÍA,529526,922.625,14.0,,False
102,GENÉTICA Y BIOTECNOLOGÍA,596732,581.125,74.0,,False
102,GENÉTICA Y BIOTECNOLOGÍA,599239,,,AUSENTE,True
102,GENÉTICA Y BIOTECNOLOGÍA,523239,,,AUSENTE,True
102,GENÉTICA Y BIOTECNOLOGÍA,535411,,,AUSENTE,True
102,GENÉTICA Y BIOTECNOLOGÍA,566351,893.5,19.0,,False
102,GENÉTICA Y BIOTECNOLOGÍA,595119,759.25,38.0,,False
102,GENÉTICA Y BIOTECNOLOGÍA,535531,686.25,53.0,,False
102,GENÉTICA Y BIOTECNOLOGÍA,559394,557.375,77.0,,False
102,GENÉTICA Y BIOTECNOLOGÍA,549574,678.75,56.0,,False
102,GENÉTICA Y BIOTECNOLOGÍA,579970,645.375,63.0,,False
102,GENÉTICA Y BIOTECNOLOGÍA,580927,711.375,49.0,,False
102,GENÉTICA Y BIOTECNOLOGÍA,545843,441.625,86.0,,False
102,GENÉTICA Y BIOTECNOLOGÍA,556537,858.375,28.0,,False
102,GENÉTICA Y BIOTECNOLOGÍA,587883,873.25,24.0,,False
102,GENÉTICA Y BIOTECNOLOGÍA,580463,713.25,48.0,,False
13.3,GEOFÍSICA,585251,860.375,1.0,,False
157,GEOGRAFÍA,893970,802.875,15.0,,False
157,GEOGRAFÍA,846545,1016.875,3.0,,False
157,GEOGRAFÍA,869846,986.0,4.0,,False
157,GEOGRAFÍA,840773,717.75,26.0,,False
157,GEOGRAFÍA,853788,816.375,13.0,,False
157,GEOGRAFÍA,879660,743.375,20.0,,False
157,GEOGRAFÍA,862640,591.25,32.0,,False
157,GEOGRAFÍA,850455,737.5,23.0,,False
157,GEOGRAFÍA,841386,556.75,34.0,,False
157,GEOGRAFÍA,830058,819.125,12.0,,False
157,GEOGRAFÍA,887757,601.75,31.0,,False
157,GEOGRAFÍA,839914,971.625,5.0,,False
157,GEOGRAFÍA,851924,943.75,7.0,,False
157,GEOGRAFÍA,838895,728.75,24.0,,False
157,GEOGRAFÍA,855090,502.875,36.0,,False
157,GEOGRAFÍA,851230,836.625,11.0,,False
157,GEOGRAFÍA,827818,925.75,8.0,,False
157,GEOGRAFÍA,831281,691.75,28.0,,False
157,GEOGRAFÍA,879714,542.375,35.0,,False
157,GEOGRAFÍA,859609,1049.875,1.0,,False
157,GEOGRAFÍA,855818,374.375,38.0,,False
157,GEOGRAFÍA,844815,748.75,19.0,,False
157,GEOGRAFÍA,844125,892.125,9.0,,False
157,GEOGRAFÍA,848369,769.25,18.0,,False
157,GEOGRAFÍA,895980,952.125,6.0,,False
157,GEOGRAFÍA,850190,738.875,21.0,,False
157,GEOGRAFÍA,820097,566.25,33.0,,False
157,GEOGRAFÍA,827090,712.125,27.0,,False
157,GEOGRAFÍA,857899,1029.375,2.0,,False
157,GEOGRAFÍA,876509,,,AUSENTE,True
157,GEOGRAFÍA,859823,814.375,14.0,,False
157,GEOGRAFÍA,891887,791.875,16.0,,False
157,GEOGRAFÍA,893954,786.5,17.0,,False
157,GEOGRAFÍA,895443,472.75,37.0,,False
157,GEOGRAFÍA,860262,859.25,10.0,,False
157,GEOGRAFÍA,824693,686.5,29.0,,False
157,GEOGRAFÍA,856018,738.125,22.0,,False
157,GEOGRAFÍA,860896,654.625,30.0,,False
157,GEOGRAFÍA,838410,722.25,25.0,,False
112,GESTIÓN TRIBUTARIA,795909,661.125,24.0,,False
112,GESTIÓN TRIBUTARIA,794304,803.125,13.0,,False
112,GESTIÓN TRIBUTARIA,728675,1024.25,1.0,,False
112,GESTIÓN TRIBUTARIA,735449,915.25,7.0,,False
112,GESTIÓN TRIBUTARIA,738839,939.75,5.0,,False
112,GESTIÓN TRIBUTARIA,754919,960.625,3.0,,False
112,GESTIÓN TRIBUTARIA,741350,566.25,30.0,,False
112,GESTIÓN TRIBUTARIA,725974,724.5,19.0,,False
112,GESTIÓN TRIBUTARIA,777366,749.625,17.0,,False
112,GESTIÓN TRIBUTARIA,756446,717.5,20.0,,False
112,GESTIÓN TRIBUTARIA,737772,616.125,28.0,,False
112,GESTIÓN TRIBUTARIA,760880,625.375,26.0,,False
112,GESTIÓN TRIBUTARIA,795012,695.375,22.0,,False
112,GESTIÓN TRIBUTARIA,770366,589.5,29.0,,False
112,GESTIÓN TRIBUTARIA,778821,711.375,21.0,,False
112,GESTIÓN TRIBUTARIA,772118,896.125,9.0,,False
112,GESTIÓN TRIBUTARIA,725100,633.5,25.0,,False
112,GESTIÓN TRIBUTARIA,771154,558.875,31.0,,False
112,GESTIÓN TRIBUTARIA,766775,947.0,4.0,,False
112,GESTIÓN TRIBUTARIA,728690,783.875,15.0,,False
112,GESTIÓN TRIBUTARIA,759221,805.375,12.0,,False
112,GESTIÓN TRIBUTARIA,772768,973.25,2.0,,False
112,GESTIÓN TRIBUTARIA,749817,672.375,23.0,,False
112,GESTIÓN TRIBUTARIA,768992,817.0,10.0,,False
112,GESTIÓN TRIBUTARIA,777164,897.5,8.0,,False
112,GESTIÓN TRIBUTARIA,748013,737.5,18.0,,False
112,GESTIÓN TRIBUTARIA,729084,800.0,14.0,,False
112,GESTIÓN TRIBUTARIA,792315,775.75,16.0,,False
112,GESTIÓN TRIBUTARIA,745817,812.375,11.0,,False
112,GESTIÓN TRIBUTARIA,768766,617.75,27.0,,False
112,GESTIÓN TRIBUTARIA,779377,929.0,6.0,,False
151,HISTORIA,826981,,,AUSENTE,True
151,HISTORIA,832453,701.75,26.0,,False
151,HISTORIA,844985,593.25,38.0,,False
151,HISTORIA,869961,717.75,25.0,,False
151,HISTORIA,871307,742.125,21.0,,False
151,HISTORIA,888531,777.5,18.0,,False
151,HISTORIA,869437,547.875,39.0,,False
151,HISTORIA,831484,666.25,33.0,,False
151,HISTORIA,887977,625.125,35.0,,False
151,HISTORIA,822250,855.25,12.0,,False
151,HISTORIA,854976,738.875,23.0,,False
151,HISTORIA,829733,692.375,27.0,,False
151,HISTORIA,834127,739.5,22.0,,False
151,HISTORIA,823631,686.25,28.0,,False
151,HISTORIA,890340,900.875,8.0,,False
151,HISTORIA,852170,906.75,7.0,,False
151,HISTORIA,899739,674.625,32.0,,False
151,HISTORIA,824750,970.0,6.0,,False
151,HISTORIA,852594,876.0,11.0,,False
151,HISTORIA,835137,1080.0,2.0,,False
151,HISTORIA,855107,656.625,34.0,,False
151,HISTORIA,834598,750.75,19.0,,False
151,HISTORIA,895352,982.0,5.0,,False
151,HISTORIA,863443,596.0,37.0,,False
151,HISTORIA,860881,487.875,41.0,,False
151,HISTORIA,884009,618.875,36.0,,False
151,HISTORIA,877332,803.25,14.0,,False
151,HISTORIA,832249,679.5,31.0,,False
151,HISTORIA,848104,1062.5,3.0,,False
151,HISTORIA,855556,680.375,30.0,,False
151,HISTORIA,841373,893.25,9.0,,False
151,HISTORIA,893022,883.125,10.0,,False
151,HISTORIA,840886,788.125,17.0,,False
151,HISTORIA,842325,737.625,24.0,,False
151,HISTORIA,864915,797.375,16.0,,False
151,HISTORIA,862535,813.0,13.0,,False
151,HISTORIA,876736,748.75,20.0,,False
151,HISTORIA,827950,527.875,40.0,,False
151,HISTORIA,894659,801.5,15.0,,False
151,HISTORIA,897789,1006.5,4.0,,False
151,HISTORIA,881853,1112.75,1.0,,False
151,HISTORIA,834479,686.25,29.0,,False
073,INGENIERÍA AGROINDUSTRIAL,628000,703.375,33.0,,False
073,INGENIERÍA AGROINDUSTRIAL,692650,690.25,37.0,,False
073,INGENIERÍA AGROINDUSTRIAL,638662,740.0,29.0,,False
073,INGENIERÍA AGROINDUSTRIAL,620301,574.75,50.0,,False
073,INGENIERÍA AGROINDUSTRIAL,648100,529.25,54.0,,False
073,INGENIERÍA AGROINDUSTRIAL,623849,687.375,38.0,,False
073,INGENIERÍA AGROINDUSTRIAL,641489,738.375,31.0,,False
073,INGENIERÍA AGROINDUSTRIAL,631958,1277.75,1.0,,False
073,INGENIERÍA AGROINDUSTRIAL,659772,1107.375,3.0,,False
073,INGENIERÍA AGROINDUSTRIAL,642421,598.875,48.0,,False
073,INGENIERÍA AGROINDUSTRIAL,673452,942.5,13.0,,False
073,INGENIERÍA AGROINDUSTRIAL,435366,524.25,55.0,,False
073,INGENIERÍA AGROINDUSTRIAL,667204,842.625,19.0,,False
073,INGENIERÍA AGROINDUSTRIAL,676389,939.75,14.0,,False
073,INGENIERÍA AGROINDUSTRIAL,681040,901.5,17.0,,False
073,INGENIERÍA AGROINDUSTRIAL,624606,739.875,30.0,,False
073,INGENIERÍA AGROINDUSTRIAL,623733,814.125,22.0,,False
073,INGENIERÍA AGROINDUSTRIAL,642272,618.0,47.0,,False
073,INGENIERÍA AGROINDUSTRIAL,685339,690.75,36.0,,False
073,INGENIERÍA AGROINDUSTRIAL,632946,795.25,24.0,,False
073,INGENIERÍA AGROINDUSTRIAL,667325,766.75,27.0,,False
073,INGENIERÍA AGROINDUSTRIAL,638819,566.75,51.0,,False
073,INGENIERÍA AGROINDUSTRIAL,631964,701.75,35.0,,False
073,INGENIERÍA AGROINDUSTRIAL,668038,1091.625,5.0,,False
073,INGENIERÍA AGROINDUSTRIAL,661064,650.625,41.0,,False
073,INGENIERÍA AGROINDUSTRIAL,667322,623.125,46.0,,False
073,INGENIERÍA AGROINDUSTRIAL,646693,587.5,49.0,,False
073,INGENIERÍA AGROINDUSTRIAL,684254,810.125,23.0,,False
073,INGENIERÍA AGROINDUSTRIAL,625653,673.25,39.0,,False
073,INGENIERÍA AGROINDUSTRIAL,675996,638.875,44.0,,False
073,INGENIERÍA AGROINDUSTRIAL,673411,522.375,56.0,,False
073,INGENIERÍA AGROINDUSTRIAL,689994,787.25,25.0,,False
073,INGENIERÍA AGROINDUSTRIAL,657453,648.0,42.0,,False
073,INGENIERÍA AGROINDUSTRIAL,693615,982.0,10.0,,False
073,INGENIERÍA AGROINDUSTRIAL,657123,960.875,11.0,,False
073,INGENIERÍA AGROINDUSTRIAL,623642,814.375,21.0,,False
073,INGENIERÍA AGROINDUSTRIAL,647241,837.5,20.0,,False
073,INGENIERÍA AGROINDUSTRIAL,669787,623.875,45.0,,False
073,INGENIERÍA AGROINDUSTRIAL,690293,541.25,53.0,,False
073,INGENIERÍA AGROINDUSTRIAL,696570,925.75,16.0,,False
073,INGENIERÍA AGROINDUSTRIAL,668256,1057.25,8.0,,False
073,INGENIERÍA AGROINDUSTRIAL,661627,561.5,52.0,,False
073,INGENIERÍA AGROINDUSTRIAL,620507,1070.5,7.0,,False
073,INGENIERÍA AGROINDUSTRIAL,683898,955.125,12.0,,False
073,INGENIERÍA AGROINDUSTRIAL,641470,733.625,32.0,,False
073,INGENIERÍA AGROINDUSTRIAL,662745,703.375,34.0,,False
073,INGENIERÍA AGROINDUSTRIAL,646353,1236.625,2.0,,False
073,INGENIERÍA AGROINDUSTRIAL,623097,939.75,15.0,,False
073,INGENIERÍA AGROINDUSTRIAL,676458,997.75,9.0,,False
073,INGENIERÍA AGROINDUSTRIAL,648390,1106.625,4.0,,False
073,INGENIERÍA AGROINDUSTRIAL,652770,755.5,28.0,,False
073,INGENIERÍA AGROINDUSTRIAL,681922,767.625,26.0,,False
073,INGENIERÍA AGROINDUSTRIAL,683192,880.375,18.0,,False
073,INGENIERÍA AGROINDUSTRIAL,663026,664.25,40.0,,False
073,INGENIERÍA AGROINDUSTRIAL,681497,644.375,43.0,,False
073,INGENIERÍA AGROINDUSTRIAL,623977,1077.125,6.0,,False
168,INGENIERÍA AMBIENTAL,670496,694.875,50.0,,False
168,INGENIERÍA AMBIENTAL,664345,711.375,46.0,,False
168,INGENIERÍA AMBIENTAL,668548,648.0,58.0,,False
168,INGENIERÍA AMBIENTAL,662779,521.75,79.0,,False
168,INGENIERÍA AMBIENTAL,684773,669.125,53.0,,False
168,INGENIERÍA AMBIENTAL,648252,898.625,15.0,,False
168,INGENIERÍA AMBIENTAL,641304,619.125,63.0,,False
168,INGENIERÍA AMBIENTAL,622352,693.5,51.0,,False
168,INGENIERÍA AMBIENTAL,683965,747.375,38.0,,False
168,INGENIERÍA AMBIENTAL,639435,727.625,44.0,,False
168,INGENIERÍA AMBIENTAL,662481,707.875,47.0,,False
168,INGENIERÍA AMBIENTAL,632182,769.875,35.0,,False
168,INGENIERÍA AMBIENTAL,672904,1129.875,5.0,,False
168,INGENIERÍA AMBIENTAL,667476,564.625,72.0,,False
168,INGENIERÍA AMBIENTAL,664502,605.375,67.0,,False
168,INGENIERÍA AMBIENTAL,648551,610.375,65.0,,False
168,INGENIERÍA AMBIENTAL,673142,534.375,78.0,,False
168,INGENIERÍA AMBIENTAL,696243,746.75,39.0,,False
168,INGENIERÍA AMBIENTAL,697752,664.25,55.0,,False
168,INGENIERÍA AMBIENTAL,683051,890.125,19.0,,False
168,INGENIERÍA AMBIENTAL,687778,463.875,86.0,,False
168,INGENIERÍA AMBIENTAL,690625,497.25,83.0,,False
168,INGENIERÍA AMBIENTAL,664894,562.5,73.0,,False
168,INGENIERÍA AMBIENTAL,697268,878.625,21.0,,False
168,INGENIERÍA AMBIENTAL,688839,498.625,81.0,,False
168,INGENIERÍA AMBIENTAL,623030,897.125,17.0,,False
168,INGENIERÍA AMBIENTAL,668373,897.5,16.0,,False
168,INGENIERÍA AMBIENTAL,692436,740.875,41.0,,False
168,INGENIERÍA AMBIENTAL,679271,676.375,52.0,,False
168,INGENIERÍA AMBIENTAL,649930,601.75,70.0,,False
168,INGENIERÍA AMBIENTAL,686644,766.5,36.0,,False
168,INGENIERÍA AMBIENTAL,648517,385.125,90.0,,False
168,INGENIERÍA AMBIENTAL,655325,793.0,30.0,,False
168,INGENIERÍA AMBIENTAL,650494,753.625,37.0,,False
168,INGENIERÍA AMBIENTAL,699476,1288.0,1.0,,False
168,INGENIERÍA AMBIENTAL,639633,809.0,29.0,,False
168,INGENIERÍA AMBIENTAL,695482,792.125,31.0,,False
168,INGENIERÍA AMBIENTAL,679067,778.25,34.0,,False
168,INGENIERÍA AMBIENTAL,652234,859.75,25.0,,False
168,INGENIERÍA AMBIENTAL,689134,943.375,13.0,,False
168,INGENIERÍA AMBIENTAL,665195,666.0,54.0,,False
168,INGENIERÍA AMBIENTAL,692392,627.375,62.0,,False
168,INGENIERÍA AMBIENTAL,651056,953.25,10.0,,False
168,INGENIERÍA AMBIENTAL,643799,660.875,56.0,,False
168,INGENIERÍA AMBIENTAL,638280,1197.25,3.0,,False
168,INGENIERÍA AMBIENTAL,631346,885.5,20.0,,False
168,INGENIERÍA AMBIENTAL,630567,609.0,66.0,,False
168,INGENIERÍA AMBIENTAL,682804,440.125,89.0,,False
168,INGENIERÍA AMBIENTAL,635446,820.875,28.0,,False
168,INGENIERÍA AMBIENTAL,681934,603.125,68.0,,False
168,INGENIERÍA AMBIENTAL,676974,953.0,11.0,,False
168,INGENIERÍA AMBIENTAL,690437,633.625,60.0,,False
168,INGENIERÍA AMBIENTAL,656262,960.875,8.0,,False
168,INGENIERÍA AMBIENTAL,657530,735.25,42.0,,False
168,INGENIERÍA AMBIENTAL,670422,1193.25,4.0,,False
168,INGENIERÍA AMBIENTAL,629492,951.125,12.0,,False
168,INGENIERÍA AMBIENTAL,699654,553.25,74.0,,False
168,INGENIERÍA AMBIENTAL,673435,893.5,18.0,,False
168,INGENIERÍA AMBIENTAL,622164,860.0,24.0,,False
168,INGENIERÍA AMBIENTAL,629292,1045.375,7.0,,False
168,INGENIERÍA AMBIENTAL,635222,784.25,32.0,,False
168,INGENIERÍA AMBIENTAL,694318,318.25,91.0,,False
168,INGENIERÍA AMBIENTAL,675435,486.375,85.0,,False
168,INGENIERÍA AMBIENTAL,653528,448.25,88.0,,False
168,INGENIERÍA AMBIENTAL,653571,610.75,64.0,,False
168,INGENIERÍA AMBIENTAL,635224,734.125,43.0,,False
168,INGENIERÍA AMBIENTAL,639884,549.0,76.0,,False
168,INGENIERÍA AMBIENTAL,654210,862.875,22.0,,False
168,INGENIERÍA AMBIENTAL,647668,960.875,9.0,,False
168,INGENIERÍA AMBIENTAL,652333,635.25,59.0,,False
168,INGENIERÍA AMBIENTAL,659486,457.75,87.0,,False
168,INGENIERÍA AMBIENTAL,698970,1235.5,2.0,,False
168,INGENIERÍA AMBIENTAL,691578,513.25,80.0,,False
168,INGENIERÍA AMBIENTAL,695481,544.0,77.0,,False
168,INGENIERÍA AMBIENTAL,684217,498.375,82.0,,False
168,INGENIERÍA AMBIENTAL,675890,929.375,14.0,,False
168,INGENIERÍA AMBIENTAL,648298,715.0,45.0,,False
168,INGENIERÍA AMBIENTAL,626962,862.5,23.0,,False
168,INGENIERÍA AMBIENTAL,688260,495.125,84.0,,False
168,INGENIERÍA AMBIENTAL,630359,706.75,48.0,,False
168,INGENIERÍA AMBIENTAL,698461,658.125,57.0,,False
168,INGENIERÍA AMBIENTAL,686322,568.625,71.0,,False
168,INGENIERÍA AMBIENTAL,627990,834.125,27.0,,False
168,INGENIERÍA AMBIENTAL,646515,551.0,75.0,,False
168,INGENIERÍA AMBIENTAL,686021,705.625,49.0,,False
168,INGENIERÍA AMBIENTAL,638811,847.375,26.0,,False
168,INGENIERÍA AMBIENTAL,649331,631.25,61.0,,False
168,INGENIERÍA AMBIENTAL,652237,1083.625,6.0,,False
168,INGENIERÍA AMBIENTAL,622822,778.875,33.0,,False
168,INGENIERÍA AMBIENTAL,673600,601.75,69.0,,False
168,INGENIERÍA AMBIENTAL,636065,741.5,40.0,,False
194,INGENIERÍA BIOMÉDICA,676853,545.125,157.0,,False
194,INGENIERÍA BIOMÉDICA,637839,779.5,105.0,,False
194,INGENIERÍA BIOMÉDICA,699314,1057.75,22.0,,False
194,INGENIERÍA BIOMÉDICA,679572,951.625,49.0,,False
194,INGENIERÍA BIOMÉDICA,625404,752.375,113.0,,False
194,INGENIERÍA BIOMÉDICA,683781,734.125,118.0,,False
194,INGENIERÍA BIOMÉDICA,674906,918.625,55.0,,False
194,INGENIERÍA BIOMÉDICA,661652,1017.375,34.0,,False
194,INGENIERÍA BIOMÉDICA,688613,763.75,108.0,,False
194,INGENIERÍA BIOMÉDICA,638363,1136.625,10.0,,False
194,INGENIERÍA BIOMÉDICA,683867,1059.5,21.0,,False
194,INGENIERÍA BIOMÉDICA,662671,712.125,127.0,,False
194,INGENIERÍA BIOMÉDICA,664254,762.25,110.0,,False
194,INGENIERÍA BIOMÉDICA,682693,613.25,149.0,,False
194,INGENIERÍA BIOMÉDICA,633855,701.125,134.0,,False
194,INGENIERÍA BIOMÉDICA,623587,501.625,166.0,,False
194,INGENIERÍA BIOMÉDICA,666936,976.125,43.0,,False
194,INGENIERÍA BIOMÉDICA,620750,812.75,93.0,,False
194,INGENIERÍA BIOMÉDICA,636368,1029.375,30.0,,False
194,INGENIERÍA BIOMÉDICA,669503,610.125,150.0,,False
194,INGENIERÍA BIOMÉDICA,697825,962.5,47.0,,False
194,INGENIERÍA BIOMÉDICA,639395,492.125,168.0,,False
194,INGENIERÍA BIOMÉDICA,653198,961.375,48.0,,False
194,INGENIERÍA BIOMÉDICA,628435,714.25,126.0,,False
194,INGENIERÍA BIOMÉDICA,683995,1092.75,14.0,,False
194,INGENIERÍA BIOMÉDICA,632276,894.125,64.0,,False
194,INGENIERÍA BIOMÉDICA,661428,1092.125,15.0,,False
194,INGENIERÍA BIOMÉDICA,651814,922.625,54.0,,False
194,INGENIERÍA BIOMÉDICA,630706,837.25,83.0,,False
194,INGENIERÍA BIOMÉDICA,642915,455.25,171.0,,False
194,INGENIERÍA BIOMÉDICA,644990,845.375,81.0,,False
194,INGENIERÍA BIOMÉDICA,639974,,,AUSENTE,True
194,INGENIERÍA BIOMÉDICA,697054,740.0,116.0,,False
194,INGENIERÍA BIOMÉDICA,646648,1151.0,7.0,,False
194,INGENIERÍA BIOMÉDICA,653291,552.375,156.0,,False
194,INGENIERÍA BIOMÉDICA,692095,978.0,42.0,,False
194,INGENIERÍA BIOMÉDICA,647186,757.75,111.0,,False
194,INGENIERÍA BIOMÉDICA,685160,1033.25,28.0,,False
194,INGENIERÍA BIOMÉDICA,677451,711.375,129.0,,False
194,INGENIERÍA BIOMÉDICA,631894,731.5,119.0,,False
194,INGENIERÍA BIOMÉDICA,625633,980.25,41.0,,False
194,INGENIERÍA BIOMÉDICA,641922,1029.375,31.0,,False
194,INGENIERÍA BIOMÉDICA,677928,705.375,133.0,,False
194,INGENIERÍA BIOMÉDICA,628910,729.625,122.0,,False
194,INGENIERÍA BIOMÉDICA,651381,809.5,94.0,,False
194,INGENIERÍA BIOMÉDICA,679870,658.375,143.0,,False
194,INGENIERÍA BIOMÉDICA,659076,1341.125,1.0,,False
194,INGENIERÍA BIOMÉDICA,627236,457.25,170.0,,False
194,INGENIERÍA BIOMÉDICA,653189,872.375,73.0,,False
194,INGENIERÍA BIOMÉDICA,658265,880.25,70.0,,False
194,INGENIERÍA BIOMÉDICA,685723,897.5,61.0,,False
194,INGENIERÍA BIOMÉDICA,664869,915.75,57.0,,False
194,INGENIERÍA BIOMÉDICA,647069,503.125,165.0,,False
194,INGENIERÍA BIOMÉDICA,654674,775.125,107.0,,False
194,INGENIERÍA BIOMÉDICA,673647,792.75,99.0,,False
194,INGENIERÍA BIOMÉDICA,686691,638.875,146.0,,False
194,INGENIERÍA BIOMÉDICA,626473,731.25,120.0,,False
194,INGENIERÍA BIOMÉDICA,670241,1024.25,32.0,,False
194,INGENIERÍA BIOMÉDICA,642721,642.875,145.0,,False
194,INGENIERÍA BIOMÉDICA,650084,851.25,77.0,,False
194,INGENIERÍA BIOMÉDICA,641340,469.75,169.0,,False
194,INGENIERÍA BIOMÉDICA,689574,987.0,39.0,,False
194,INGENIERÍA BIOMÉDICA,642518,895.5,63.0,,False
194,INGENIERÍA BIOMÉDICA,635740,817.375,90.0,,False
194,INGENIERÍA BIOMÉDICA,675047,1064.75,19.0,,False
194,INGENIERÍA BIOMÉDICA,633543,1218.375,3.0,,False
194,INGENIERÍA BIOMÉDICA,671972,342.125,175.0,,False
194,INGENIERÍA BIOMÉDICA,625094,1155.0,6.0,,False
194,INGENIERÍA BIOMÉDICA,653595,816.375,91.0,,False
194,INGENIERÍA BIOMÉDICA,639428,994.375,38.0,,False
194,INGENIERÍA BIOMÉDICA,634203,910.125,59.0,,False
194,INGENIERÍA BIOMÉDICA,680784,,,AUSENTE,True
194,INGENIERÍA BIOMÉDICA,670780,651.625,144.0,,False
194,INGENIERÍA BIOMÉDICA,693000,847.125,79.0,,False
194,INGENIERÍA BIOMÉDICA,660128,714.375,125.0,,False
194,INGENIERÍA BIOMÉDICA,656577,749.375,114.0,,False
194,INGENIERÍA BIOMÉDICA,669744,674.125,139.0,,False
194,INGENIERÍA BIOMÉDICA,683427,786.375,103.0,,False
194,INGENIERÍA BIOMÉDICA,696953,721.375,124.0,,False
194,INGENIERÍA BIOMÉDICA,663204,516.625,163.0,,False
194,INGENIERÍA BIOMÉDICA,671338,692.375,136.0,,False
194,INGENIERÍA BIOMÉDICA,642894,880.375,68.0,,False
194,INGENIERÍA BIOMÉDICA,695339,1131.0,12.0,,False
194,INGENIERÍA BIOMÉDICA,684664,785.625,104.0,,False
194,INGENIERÍA BIOMÉDICA,696648,636.0,148.0,,False
194,INGENIERÍA BIOMÉDICA,697925,685.625,138.0,,False
194,INGENIERÍA BIOMÉDICA,677610,638.25,147.0,,False
194,INGENIERÍA BIOMÉDICA,645714,1151.0,9.0,,False
194,INGENIERÍA BIOMÉDICA,694400,1069.0,18.0,,False
194,INGENIERÍA BIOMÉDICA,681224,819.25,89.0,,False
194,INGENIERÍA BIOMÉDICA,635573,707.375,132.0,,False
194,INGENIERÍA BIOMÉDICA,682119,726.5,123.0,,False
194,INGENIERÍA BIOMÉDICA,678193,695.375,135.0,,False
194,INGENIERÍA BIOMÉDICA,623124,1008.375,36.0,,False
194,INGENIERÍA BIOMÉDICA,666205,1134.375,11.0,,False
194,INGENIERÍA BIOMÉDICA,630279,936.625,52.0,,False
194,INGENIERÍA BIOMÉDICA,678671,898.875,60.0,,False
194,INGENIERÍA BIOMÉDICA,682165,973.25,44.0,,False
194,INGENIERÍA BIOMÉDICA,676882,786.75,102.0,,False
194,INGENIERÍA BIOMÉDICA,654715,1003.125,37.0,,False
194,INGENIERÍA BIOMÉDICA,650680,1039.375,27.0,,False
194,INGENIERÍA BIOMÉDICA,632573,666.5,141.0,,False
194,INGENIERÍA BIOMÉDICA,651559,910.5,58.0,,False
194,INGENIERÍA BIOMÉDICA,644723,1092.75,13.0,,False
194,INGENIERÍA BIOMÉDICA,625426,,,AUSENTE,True
194,INGENIERÍA BIOMÉDICA,621767,441.125,172.0,,False
194,INGENIERÍA BIOMÉDICA,632336,1179.375,5.0,,False
194,INGENIERÍA BIOMÉDICA,649173,1062.875,20.0,,False
194,INGENIERÍA BIOMÉDICA,689311,800.375,96.0,,False
194,INGENIERÍA BIOMÉDICA,669452,1210.375,4.0,,False
194,INGENIERÍA BIOMÉDICA,675036,664.75,142.0,,False
194,INGENIERÍA BIOMÉDICA,683234,813.5,92.0,,False
194,INGENIERÍA BIOMÉDICA,659418,826.75,86.0,,False
194,INGENIERÍA BIOMÉDICA,653719,317.125,177.0,,False
194,INGENIERÍA BIOMÉDICA,683874,828.25,85.0,,False
194,INGENIERÍA BIOMÉDICA,666654,730.125,121.0,,False
194,INGENIERÍA BIOMÉDICA,624629,,,AUSENTE,True
194,INGENIERÍA BIOMÉDICA,631363,503.875,164.0,,False
194,INGENIERÍA BIOMÉDICA,628708,877.5,71.0,,False
194,INGENIERÍA BIOMÉDICA,641925,1277.5,2.0,,False
194,INGENIERÍA BIOMÉDICA,655685,745.125,115.0,,False
194,INGENIERÍA BIOMÉDICA,688507,797.0,97.0,,False
194,INGENIERÍA BIOMÉDICA,673632,820.25,88.0,,False
194,INGENIERÍA BIOMÉDICA,679554,520.25,162.0,,False
194,INGENIERÍA BIOMÉDICA,638873,711.875,128.0,,False
194,INGENIERÍA BIOMÉDICA,657765,755.75,112.0,,False
194,INGENIERÍA BIOMÉDICA,673644,982.0,40.0,,False
194,INGENIERÍA BIOMÉDICA,630185,887.0,66.0,,False
194,INGENIERÍA BIOMÉDICA,626135,1024.25,33.0,,False
194,INGENIERÍA BIOMÉDICA,638489,845.875,80.0,,False
194,INGENIERÍA BIOMÉDICA,692812,775.875,106.0,,False
194,INGENIERÍA BIOMÉDICA,620844,530.0,161.0,,False
194,INGENIERÍA BIOMÉDICA,682298,1151.0,8.0,,False
194,INGENIERÍA BIOMÉDICA,682777,972.375,45.0,,False
194,INGENIERÍA BIOMÉDICA,658690,897.5,62.0,,False
194,INGENIERÍA BIOMÉDICA,680092,576.625,153.0,,False
194,INGENIERÍA BIOMÉDICA,678381,553.25,155.0,,False
194,INGENIERÍA BIOMÉDICA,682412,673.875,140.0,,False
194,INGENIERÍA BIOMÉDICA,698890,838.0,82.0,,False
194,INGENIERÍA BIOMÉDICA,639235,889.875,65.0,,False
194,INGENIERÍA BIOMÉDICA,694116,943.75,51.0,,False
194,INGENIERÍA BIOMÉDICA,652654,533.25,160.0,,False
194,INGENIERÍA BIOMÉDICA,652956,566.25,154.0,,False
194,INGENIERÍA BIOMÉDICA,697460,830.125,84.0,,False
194,INGENIERÍA BIOMÉDICA,649777,918.625,56.0,,False
194,INGENIERÍA BIOMÉDICA,624982,341.5,176.0,,False
194,INGENIERÍA BIOMÉDICA,648883,1046.5,25.0,,False
194,INGENIERÍA BIOMÉDICA,669850,796.25,98.0,,False
194,INGENIERÍA BIOMÉDICA,680359,538.375,158.0,,False
194,INGENIERÍA BIOMÉDICA,641708,1044.5,26.0,,False
194,INGENIERÍA BIOMÉDICA,651781,1011.875,35.0,,False
194,INGENIERÍA BIOMÉDICA,672140,587.375,152.0,,False
194,INGENIERÍA BIOMÉDICA,627277,434.25,173.0,,False
194,INGENIERÍA BIOMÉDICA,638939,855.5,76.0,,False
194,INGENIERÍA BIOMÉDICA,671602,710.75,131.0,,False
194,INGENIERÍA BIOMÉDICA,691460,802.0,95.0,,False
194,INGENIERÍA BIOMÉDICA,697493,872.375,72.0,,False
194,INGENIERÍA BIOMÉDICA,648081,735.5,117.0,,False
194,INGENIERÍA BIOMÉDICA,683492,763.0,109.0,,False
194,INGENIERÍA BIOMÉDICA,656055,849.875,78.0,,False
194,INGENIERÍA BIOMÉDICA,674683,1050.5,23.0,,False
194,INGENIERÍA BIOMÉDICA,620741,431.875,174.0,,False
194,INGENIERÍA BIOMÉDICA,620262,537.75,159.0,,False
194,INGENIERÍA BIOMÉDICA,686818,1075.125,17.0,,False
194,INGENIERÍA BIOMÉDICA,662974,865.0,75.0,,False
194,INGENIERÍA BIOMÉDICA,625733,1030.75,29.0,,False
194,INGENIERÍA BIOMÉDICA,629626,1089.875,16.0,,False
194,INGENIERÍA BIOMÉDICA,636753,932.875,53.0,,False
194,INGENIERÍA BIOMÉDICA,675686,1047.625,24.0,,False
194,INGENIERÍA BIOMÉDICA,676168,710.75,130.0,,False
194,INGENIERÍA BIOMÉDICA,623674,787.875,100.0,,False
194,INGENIERÍA BIOMÉDICA,682614,949.125,50.0,,False
194,INGENIERÍA BIOMÉDICA,684123,880.375,69.0,,False
194,INGENIERÍA BIOMÉDICA,683290,823.0,87.0,,False
194,INGENIERÍA BIOMÉDICA,652170,688.25,137.0,,False
194,INGENIERÍA BIOMÉDICA,666259,869.25,74.0,,False
194,INGENIERÍA BIOMÉDICA,697407,588.75,151.0,,False
194,INGENIERÍA BIOMÉDICA,668722,492.375,167.0,,False
194,INGENIERÍA BIOMÉDICA,651360,787.25,101.0,,False
194,INGENIERÍA BIOMÉDICA,658850,881.375,67.0,,False
194,INGENIERÍA BIOMÉDICA,647445,964.25,46.0,,False
167,INGENIERÍA CIVIL,624073,960.875,90.0,,False
167,INGENIERÍA CIVIL,695641,770.75,226.0,,False
167,INGENIERÍA CIVIL,654774,675.375,309.0,,False
167,INGENIERÍA CIVIL,637718,355.375,497.0,,False
167,INGENIERÍA CIVIL,680861,856.375,147.0,,False
167,INGENIERÍA CIVIL,621271,462.25,476.0,,False
167,INGENIERÍA CIVIL,634147,534.875,428.0,,False
167,INGENIERÍA CIVIL,687210,1193.0,18.0,,False
167,INGENIERÍA CIVIL,678009,555.75,414.0,,False
167,INGENIERÍA CIVIL,678240,962.0,86.0,,False
167,INGENIERÍA CIVIL,682435,926.5,103.0,,False
167,INGENIERÍA CIVIL,691765,639.75,343.0,,False
167,INGENIERÍA CIVIL,676407,698.0,287.0,,False
167,INGENIERÍA CIVIL,620142,508.75,449.0,,False
167,INGENIERÍA CIVIL,622635,592.375,384.0,,False
167,INGENIERÍA CIVIL,634098,663.125,320.0,,False
167,INGENIERÍA CIVIL,650602,1120.0,26.0,,False
167,INGENIERÍA CIVIL,640538,972.75,83.0,,False
167,INGENIERÍA CIVIL,682201,737.625,249.0,,False
167,INGENIERÍA CIVIL,645120,551.625,416.0,,False
167,INGENIERÍA CIVIL,695771,730.75,255.0,,False
167,INGENIERÍA CIVIL,649817,1367.25,1.0,,False
167,INGENIERÍA CIVIL,660917,1150.375,20.0,,False
167,INGENIERÍA CIVIL,665912,1126.25,25.0,,False
167,INGENIERÍA CIVIL,665897,679.375,301.0,,False
167,INGENIERÍA CIVIL,692483,548.375,418.0,,False
167,INGENIERÍA CIVIL,657140,886.375,129.0,,False
167,INGENIERÍA CIVIL,637120,836.375,167.0,,False
167,INGENIERÍA CIVIL,684380,814.125,183.0,,False
167,INGENIERÍA CIVIL,656195,681.875,299.0,,False
167,INGENIERÍA CIVIL,675070,858.625,146.0,,False
167,INGENIERÍA CIVIL,629421,773.0,225.0,,False
167,INGENIERÍA CIVIL,657187,477.125,470.0,,False
167,INGENIERÍA CIVIL,628718,562.25,408.0,,False
167,INGENIERÍA CIVIL,620979,893.0,127.0,,False
167,INGENIERÍA CIVIL,626745,747.0,243.0,,False
167,INGENIERÍA CIVIL,645507,746.375,244.0,,False
167,INGENIERÍA CIVIL,653935,758.875,228.0,,False
167,INGENIERÍA CIVIL,620535,642.0,339.0,,False
167,INGENIERÍA CIVIL,627122,596.125,381.0,,False
167,INGENIERÍA CIVIL,667431,704.25,282.0,,False
167,INGENIERÍA CIVIL,699481,1002.625,59.0,,False
167,INGENIERÍA CIVIL,667526,645.0,337.0,,False
167,INGENIERÍA CIVIL,632941,506.0,452.0,,False
167,INGENIERÍA CIVIL,662963,972.125,84.0,,False
167,INGENIERÍA CIVIL,661065,728.5,258.0,,False
167,INGENIERÍA CIVIL,664639,851.25,153.0,,False
167,INGENIERÍA CIVIL,686619,571.375,401.0,,False
167,INGENIERÍA CIVIL,684869,815.25,181.0,,False
167,INGENIERÍA CIVIL,694171,680.0,300.0,,False
167,INGENIERÍA CIVIL,676158,961.75,88.0,,False
167,INGENIERÍA CIVIL,624090,676.5,305.0,,False
167,INGENIERÍA CIVIL,667068,982.0,79.0,,False
167,INGENIERÍA CIVIL,674184,847.25,158.0,,False
167,INGENIERÍA CIVIL,636720,731.625,254.0,,False
167,INGENIERÍA CIVIL,627129,493.25,460.0,,False
167,INGENIERÍA CIVIL,691116,633.5,347.0,,False
167,INGENIERÍA CIVIL,681494,645.625,335.0,,False
167,INGENIERÍA CIVIL,661495,920.875,106.0,,False
167,INGENIERÍA CIVIL,676300,535.25,427.0,,False
167,INGENIERÍA CIVIL,694867,509.25,447.0,,False
167,INGENIERÍA CIVIL,629991,493.25,461.0,,False
167,INGENIERÍA CIVIL,629602,665.125,315.0,,False
167,INGENIERÍA CIVIL,680608,720.5,264.0,,False
167,INGENIERÍA CIVIL,638400,508.75,448.0,,False
167,INGENIERÍA CIVIL,643264,1017.125,56.0,,False
167,INGENIERÍA CIVIL,661872,606.875,366.0,,False
167,INGENIERÍA CIVIL,660804,486.75,465.0,,False
167,INGENIERÍA CIVIL,644089,889.5,128.0,,False
167,INGENIERÍA CIVIL,646731,1037.75,49.0,,False
167,INGENIERÍA CIVIL,650745,808.625,187.0,,False
167,INGENIERÍA CIVIL,636527,692.5,290.0,,False
167,INGENIERÍA CIVIL,665108,730.75,256.0,,False
167,INGENIERÍA CIVIL,696938,507.25,450.0,,False
167,INGENIERÍA CIVIL,655014,1045.875,43.0,,False
167,INGENIERÍA CIVIL,622986,452.125,479.0,,False
167,INGENIERÍA CIVIL,661342,606.75,368.0,,False
167,INGENIERÍA CIVIL,673016,504.75,453.0,,False
167,INGENIERÍA CIVIL,672143,896.0,125.0,,False
167,INGENIERÍA CIVIL,627877,707.375,280.0,,False
167,INGENIERÍA CIVIL,627424,666.0,311.0,,False
167,INGENIERÍA CIVIL,627448,577.875,396.0,,False
167,INGENIERÍA CIVIL,692357,535.75,426.0,,False
167,INGENIERÍA CIVIL,659645,620.375,360.0,,False
167,INGENIERÍA CIVIL,679360,493.375,459.0,,False
167,INGENIERÍA CIVIL,622689,397.375,491.0,,False
167,INGENIERÍA CIVIL,626686,1185.375,19.0,,False
167,INGENIERÍA CIVIL,629928,714.125,271.0,,False
167,INGENIERÍA CIVIL,654387,566.125,404.0,,False
167,INGENIERÍA CIVIL,657278,920.875,107.0,,False
167,INGENIERÍA CIVIL,668578,678.375,303.0,,False
167,INGENIERÍA CIVIL,637915,753.5,232.0,,False
167,INGENIERÍA CIVIL,655663,678.875,302.0,,False
167,INGENIERÍA CIVIL,660528,642.25,338.0,,False
167,INGENIERÍA CIVIL,634254,517.875,443.0,,False
167,INGENIERÍA CIVIL,690008,452.0,480.0,,False
167,INGENIERÍA CIVIL,692420,621.5,357.0,,False
167,INGENIERÍA CIVIL,633221,579.5,393.0,,False
167,INGENIERÍA CIVIL,675397,534.125,430.0,,False
167,INGENIERÍA CIVIL,633099,525.125,440.0,,False
167,INGENIERÍA CIVIL,640435,709.625,278.0,,False
167,INGENIERÍA CIVIL,678928,1104.0,30.0,,False
167,INGENIERÍA CIVIL,674496,,,AUSENTE,True
167,INGENIERÍA CIVIL,622999,1210.375,13.0,,False
167,INGENIERÍA CIVIL,681706,663.375,319.0,,False
167,INGENIERÍA CIVIL,641838,796.25,195.0,,False
167,INGENIERÍA CIVIL,621795,699.375,286.0,,False
167,INGENIERÍA CIVIL,641062,775.5,223.0,,False
167,INGENIERÍA CIVIL,644003,775.875,221.0,,False
167,INGENIERÍA CIVIL,656380,622.875,354.0,,False
167,INGENIERÍA CIVIL,672788,790.875,199.0,,False
167,INGENIERÍA CIVIL,620402,783.375,212.0,,False
167,INGENIERÍA CIVIL,670188,467.625,474.0,,False
167,INGENIERÍA CIVIL,661222,1070.75,35.0,,False
167,INGENIERÍA CIVIL,690837,572.625,399.0,,False
167,INGENIERÍA CIVIL,685656,737.375,250.0,,False
167,INGENIERÍA CIVIL,683439,598.875,378.0,,False
167,INGENIERÍA CIVIL,646939,775.75,222.0,,False
167,INGENIERÍA CIVIL,652328,859.25,145.0,,False
167,INGENIERÍA CIVIL,642458,751.0,236.0,,False
167,INGENIERÍA CIVIL,686317,855.25,150.0,,False
167,INGENIERÍA CIVIL,634923,603.875,370.0,,False
167,INGENIERÍA CIVIL,658413,956.125,93.0,,False
167,INGENIERÍA CIVIL,664355,317.875,499.0,,False
167,INGENIERÍA CIVIL,662570,665.125,313.0,,False
167,INGENIERÍA CIVIL,689686,795.25,197.0,,False
167,INGENIERÍA CIVIL,663760,621.5,356.0,,False
167,INGENIERÍA CIVIL,631403,833.75,169.0,,False
167,INGENIERÍA CIVIL,652837,601.75,373.0,,False
167,INGENIERÍA CIVIL,656768,1281.75,7.0,,False
167,INGENIERÍA CIVIL,664337,957.75,92.0,,False
167,INGENIERÍA CIVIL,693073,709.375,279.0,,False
167,INGENIERÍA CIVIL,683136,876.375,133.0,,False
167,INGENIERÍA CIVIL,639873,654.25,327.0,,False
167,INGENIERÍA CIVIL,648565,647.0,332.0,,False
167,INGENIERÍA CIVIL,693917,456.625,478.0,,False
167,INGENIERÍA CIVIL,664533,990.5,67.0,,False
167,INGENIERÍA CIVIL,621911,1049.375,42.0,,False
167,INGENIERÍA CIVIL,673247,237.5,503.0,,False
167,INGENIERÍA CIVIL,646878,1066.5,38.0,,False
167,INGENIERÍA CIVIL,631198,558.25,411.0,,False
167,INGENIERÍA CIVIL,661238,,,AUSENTE,True
167,INGENIERÍA CIVIL,633003,826.75,175.0,,False
167,INGENIERÍA CIVIL,679471,690.25,292.0,,False
167,INGENIERÍA CIVIL,648970,695.125,289.0,,False
167,INGENIERÍA CIVIL,625605,855.5,148.0,,False
167,INGENIERÍA CIVIL,632997,876.375,134.0,,False
167,INGENIERÍA CIVIL,640366,406.25,490.0,,False
167,INGENIERÍA CIVIL,686145,710.125,276.0,,False
167,INGENIERÍA CIVIL,661004,909.625,117.0,,False
167,INGENIERÍA CIVIL,669659,830.125,171.0,,False
167,INGENIERÍA CIVIL,629891,1001.375,61.0,,False
167,INGENIERÍA CIVIL,665074,287.625,500.0,,False
167,INGENIERÍA CIVIL,637684,720.0,266.0,,False
167,INGENIERÍA CIVIL,697112,806.875,188.0,,False
167,INGENIERÍA CIVIL,671924,598.375,379.0,,False
167,INGENIERÍA CIVIL,630676,710.75,274.0,,False
167,INGENIERÍA CIVIL,668497,597.75,380.0,,False
167,INGENIERÍA CIVIL,659954,614.0,363.0,,False
167,INGENIERÍA CIVIL,695751,754.875,230.0,,False
167,INGENIERÍA CIVIL,695671,774.75,224.0,,False
167,INGENIERÍA CIVIL,625081,741.75,247.0,,False
167,INGENIERÍA CIVIL,665523,684.75,297.0,,False
167,INGENIERÍA CIVIL,637088,739.5,248.0,,False
167,INGENIERÍA CIVIL,636751,373.625,494.0,,False
167,INGENIERÍA CIVIL,686974,779.375,217.0,,False
167,INGENIERÍA CIVIL,640495,584.625,391.0,,False
167,INGENIERÍA CIVIL,654419,498.375,455.0,,False
167,INGENIERÍA CIVIL,627514,742.25,246.0,,False
167,INGENIERÍA CIVIL,623645,718.125,269.0,,False
167,INGENIERÍA CIVIL,675284,591.5,385.0,,False
167,INGENIERÍA CIVIL,691360,531.625,433.0,,False
167,INGENIERÍA CIVIL,665372,818.125,180.0,,False
167,INGENIERÍA CIVIL,688619,,,AUSENTE,True
167,INGENIERÍA CIVIL,697499,751.0,237.0,,False
167,INGENIERÍA CIVIL,651506,872.375,135.0,,False
167,INGENIERÍA CIVIL,689404,809.375,186.0,,False
167,INGENIERÍA CIVIL,659284,420.75,489.0,,False
167,INGENIERÍA CIVIL,648543,533.25,431.0,,False
167,INGENIERÍA CIVIL,631908,860.375,143.0,,False
167,INGENIERÍA CIVIL,676507,940.875,99.0,,False
167,INGENIERÍA CIVIL,691756,1080.0,33.0,,False
167,INGENIERÍA CIVIL,663374,661.125,321.0,,False
167,INGENIERÍA CIVIL,697131,533.125,432.0,,False
167,INGENIERÍA CIVIL,677002,422.875,488.0,,False
167,INGENIERÍA CIVIL,679988,778.625,219.0,,False
167,INGENIERÍA CIVIL,646378,855.125,151.0,,False
167,INGENIERÍA CIVIL,651886,943.125,97.0,,False
167,INGENIERÍA CIVIL,627368,553.5,415.0,,False
167,INGENIERÍA CIVIL,648854,918.625,112.0,,False
167,INGENIERÍA CIVIL,630047,655.25,325.0,,False
167,INGENIERÍA CIVIL,626781,589.875,386.0,,False
167,INGENIERÍA CIVIL,656891,665.125,314.0,,False
167,INGENIERÍA CIVIL,698223,845.25,159.0,,False
167,INGENIERÍA CIVIL,674348,1278.875,8.0,,False
167,INGENIERÍA CIVIL,673013,1029.375,53.0,,False
167,INGENIERÍA CIVIL,640858,1095.0,31.0,,False
167,INGENIERÍA CIVIL,671245,922.875,105.0,,False
167,INGENIERÍA CIVIL,647117,563.5,406.0,,False
167,INGENIERÍA CIVIL,623453,1075.625,34.0,,False
167,INGENIERÍA CIVIL,623618,529.0,434.0,,False
167,INGENIERÍA CIVIL,681807,517.25,444.0,,False
167,INGENIERÍA CIVIL,625687,593.625,382.0,,False
167,INGENIERÍA CIVIL,637344,717.0,270.0,,False
167,INGENIERÍA CIVIL,640902,538.875,423.0,,False
167,INGENIERÍA CIVIL,635413,834.625,168.0,,False
167,INGENIERÍA CIVIL,671821,776.375,220.0,,False
167,INGENIERÍA CIVIL,627147,584.75,390.0,,False
167,INGENIERÍA CIVIL,638578,634.375,346.0,,False
167,INGENIERÍA CIVIL,659043,648.5,330.0,,False
167,INGENIERÍA CIVIL,646161,631.875,349.0,,False
167,INGENIERÍA CIVIL,644833,814.125,182.0,,False
167,INGENIERÍA CIVIL,637530,982.0,74.0,,False
167,INGENIERÍA CIVIL,664172,913.0,115.0,,False
167,INGENIERÍA CIVIL,659288,574.125,398.0,,False
167,INGENIERÍA CIVIL,681841,720.375,265.0,,False
167,INGENIERÍA CIVIL,661136,991.875,66.0,,False
167,INGENIERÍA CIVIL,664733,996.25,64.0,,False
167,INGENIERÍA CIVIL,696900,637.5,344.0,,False
167,INGENIERÍA CIVIL,630589,386.5,493.0,,False
167,INGENIERÍA CIVIL,634190,703.625,284.0,,False
167,INGENIERÍA CIVIL,687232,493.5,458.0,,False
167,INGENIERÍA CIVIL,646948,426.625,486.0,,False
167,INGENIERÍA CIVIL,694159,749.875,239.0,,False
167,INGENIERÍA CIVIL,667945,1041.375,47.0,,False
167,INGENIERÍA CIVIL,620968,900.0,120.0,,False
167,INGENIERÍA CIVIL,625161,785.375,211.0,,False
167,INGENIERÍA CIVIL,632384,910.25,116.0,,False
167,INGENIERÍA CIVIL,661628,588.875,387.0,,False
167,INGENIERÍA CIVIL,683538,753.625,231.0,,False
167,INGENIERÍA CIVIL,669267,440.5,482.0,,False
167,INGENIERÍA CIVIL,661593,574.25,397.0,,False
167,INGENIERÍA CIVIL,671485,923.75,104.0,,False
167,INGENIERÍA CIVIL,653220,685.625,296.0,,False
167,INGENIERÍA CIVIL,692886,790.125,202.0,,False
167,INGENIERÍA CIVIL,639720,788.375,206.0,,False
167,INGENIERÍA CIVIL,640254,448.75,481.0,,False
167,INGENIERÍA CIVIL,656319,840.0,161.0,,False
167,INGENIERÍA CIVIL,670546,710.75,275.0,,False
167,INGENIERÍA CIVIL,676305,,,AUSENTE,True
167,INGENIERÍA CIVIL,642449,918.625,110.0,,False
167,INGENIERÍA CIVIL,676456,781.125,215.0,,False
167,INGENIERÍA CIVIL,622748,827.25,174.0,,False
167,INGENIERÍA CIVIL,622257,1050.5,41.0,,False
167,INGENIERÍA CIVIL,680836,870.125,137.0,,False
167,INGENIERÍA CIVIL,694806,869.25,138.0,,False
167,INGENIERÍA CIVIL,660277,682.25,298.0,,False
167,INGENIERÍA CIVIL,694468,432.75,485.0,,False
167,INGENIERÍA CIVIL,656049,691.625,291.0,,False
167,INGENIERÍA CIVIL,643562,557.25,413.0,,False
167,INGENIERÍA CIVIL,698466,547.75,420.0,,False
167,INGENIERÍA CIVIL,623572,1214.375,12.0,,False
167,INGENIERÍA CIVIL,640428,836.375,166.0,,False
167,INGENIERÍA CIVIL,693977,826.5,176.0,,False
167,INGENIERÍA CIVIL,636640,1020.25,55.0,,False
167,INGENIERÍA CIVIL,634484,534.375,429.0,,False
167,INGENIERÍA CIVIL,623175,365.0,495.0,,False
167,INGENIERÍA CIVIL,623787,1052.125,40.0,,False
167,INGENIERÍA CIVIL,667734,578.875,395.0,,False
167,INGENIERÍA CIVIL,680322,727.25,260.0,,False
167,INGENIERÍA CIVIL,675956,1038.375,48.0,,False
167,INGENIERÍA CIVIL,687266,1256.625,9.0,,False
167,INGENIERÍA CIVIL,672946,795.875,196.0,,False
167,INGENIERÍA CIVIL,672450,640.0,341.0,,False
167,INGENIERÍA CIVIL,699895,837.125,164.0,,False
167,INGENIERÍA CIVIL,620477,803.875,189.0,,False
167,INGENIERÍA CIVIL,677784,1129.875,22.0,,False
167,INGENIERÍA CIVIL,680088,354.0,498.0,,False
167,INGENIERÍA CIVIL,666760,434.625,484.0,,False
167,INGENIERÍA CIVIL,648130,810.375,185.0,,False
167,INGENIERÍA CIVIL,660400,749.625,240.0,,False
167,INGENIERÍA CIVIL,683931,626.0,351.0,,False
167,INGENIERÍA CIVIL,698026,676.125,306.0,,False
167,INGENIERÍA CIVIL,692037,686.25,294.0,,False
167,INGENIERÍA CIVIL,698444,632.0,348.0,,False
167,INGENIERÍA CIVIL,684842,780.625,216.0,,False
167,INGENIERÍA CIVIL,644138,1026.5,54.0,,False
167,INGENIERÍA CIVIL,649420,905.375,118.0,,False
167,INGENIERÍA CIVIL,643664,787.75,208.0,,False
167,INGENIERÍA CIVIL,635146,1112.75,27.0,,False
167,INGENIERÍA CIVIL,674799,969.25,85.0,,False
167,INGENIERÍA CIVIL,676244,527.25,437.0,,False
167,INGENIERÍA CIVIL,682787,625.0,352.0,,False
167,INGENIERÍA CIVIL,628696,485.875,466.0,,False
167,INGENIERÍA CIVIL,640673,1344.5,3.0,,False
167,INGENIERÍA CIVIL,669246,960.875,89.0,,False
167,INGENIERÍA CIVIL,681593,898.625,121.0,,False
167,INGENIERÍA CIVIL,628602,1281.75,6.0,,False
167,INGENIERÍA CIVIL,645773,425.125,487.0,,False
167,INGENIERÍA CIVIL,696362,978.0,80.0,,False
167,INGENIERÍA CIVIL,638844,587.25,389.0,,False
167,INGENIERÍA CIVIL,696335,791.875,198.0,,False
167,INGENIERÍA CIVIL,654297,719.5,267.0,,False
167,INGENIERÍA CIVIL,667014,984.25,71.0,,False
167,INGENIERÍA CIVIL,679634,,,AUSENTE,True
167,INGENIERÍA CIVIL,631638,646.25,334.0,,False
167,INGENIERÍA CIVIL,684876,475.375,471.0,,False
167,INGENIERÍA CIVIL,659127,629.625,350.0,,False
167,INGENIERÍA CIVIL,626339,932.25,101.0,,False
167,INGENIERÍA CIVIL,631367,958.875,91.0,,False
167,INGENIERÍA CIVIL,633729,497.25,456.0,,False
167,INGENIERÍA CIVIL,675380,656.75,324.0,,False
167,INGENIERÍA CIVIL,679691,751.875,234.0,,False
167,INGENIERÍA CIVIL,640599,992.75,65.0,,False
167,INGENIERÍA CIVIL,671784,863.75,140.0,,False
167,INGENIERÍA CIVIL,678946,1129.875,23.0,,False
167,INGENIERÍA CIVIL,663525,495.375,457.0,,False
167,INGENIERÍA CIVIL,635123,1035.5,50.0,,False
167,INGENIERÍA CIVIL,673005,702.0,285.0,,False
167,INGENIERÍA CIVIL,691580,493.25,462.0,,False
167,INGENIERÍA CIVIL,691693,1110.375,28.0,,False
167,INGENIERÍA CIVIL,640294,614.25,362.0,,False
167,INGENIERÍA CIVIL,678026,1045.375,44.0,,False
167,INGENIERÍA CIVIL,662587,675.5,308.0,,False
167,INGENIERÍA CIVIL,661841,678.125,304.0,,False
167,INGENIERÍA CIVIL,643863,,,AUSENTE,True
167,INGENIERÍA CIVIL,661093,606.75,367.0,,False
167,INGENIERÍA CIVIL,622256,855.25,149.0,,False
167,INGENIERÍA CIVIL,668422,883.125,131.0,,False
167,INGENIERÍA CIVIL,657921,664.5,317.0,,False
167,INGENIERÍA CIVIL,669928,540.0,422.0,,False
167,INGENIERÍA CIVIL,689634,,,AUSENTE,True
167,INGENIERÍA CIVIL,664705,1001.75,60.0,,False
167,INGENIERÍA CIVIL,695601,654.0,328.0,,False
167,INGENIERÍA CIVIL,638863,1228.625,11.0,,False
167,INGENIERÍA CIVIL,636000,478.125,468.0,,False
167,INGENIERÍA CIVIL,660607,390.375,492.0,,False
167,INGENIERÍA CIVIL,696219,1206.375,14.0,,False
167,INGENIERÍA CIVIL,651569,810.75,184.0,,False
167,INGENIERÍA CIVIL,692803,675.75,307.0,,False
167,INGENIERÍA CIVIL,661070,787.625,209.0,,False
167,INGENIERÍA CIVIL,638652,492.125,463.0,,False
167,INGENIERÍA CIVIL,676288,713.875,273.0,,False
167,INGENIERÍA CIVIL,629296,600.0,377.0,,False
167,INGENIERÍA CIVIL,686108,480.25,467.0,,False
167,INGENIERÍA CIVIL,689591,522.25,441.0,,False
167,INGENIERÍA CIVIL,645054,1087.625,32.0,,False
167,INGENIERÍA CIVIL,654319,860.875,142.0,,False
167,INGENIERÍA CIVIL,673349,620.5,359.0,,False
167,INGENIERÍA CIVIL,673198,790.625,200.0,,False
167,INGENIERÍA CIVIL,633800,665.25,312.0,,False
167,INGENIERÍA CIVIL,672662,749.0,242.0,,False
167,INGENIERÍA CIVIL,647992,623.375,353.0,,False
167,INGENIERÍA CIVIL,645009,789.0,204.0,,False
167,INGENIERÍA CIVIL,622799,982.0,75.0,,False
167,INGENIERÍA CIVIL,674016,607.875,364.0,,False
167,INGENIERÍA CIVIL,651154,572.625,400.0,,False
167,INGENIERÍA CIVIL,693138,1341.125,4.0,,False
167,INGENIERÍA CIVIL,660626,750.5,238.0,,False
167,INGENIERÍA CIVIL,641805,778.875,218.0,,False
167,INGENIERÍA CIVIL,669144,529.0,435.0,,False
167,INGENIERÍA CIVIL,644407,914.0,114.0,,False
167,INGENIERÍA CIVIL,667504,478.0,469.0,,False
167,INGENIERÍA CIVIL,676620,880.875,132.0,,False
167,INGENIERÍA CIVIL,689725,640.0,342.0,,False
167,INGENIERÍA CIVIL,680583,755.25,229.0,,False
167,INGENIERÍA CIVIL,677712,797.0,193.0,,False
167,INGENIERÍA CIVIL,691967,787.875,207.0,,False
167,INGENIERÍA CIVIL,648712,606.875,365.0,,False
167,INGENIERÍA CIVIL,664384,982.0,78.0,,False
167,INGENIERÍA CIVIL,667116,675.375,310.0,,False
167,INGENIERÍA CIVIL,632990,474.75,472.0,,False
167,INGENIERÍA CIVIL,647437,,,AUSENTE,True
167,INGENIERÍA CIVIL,670421,790.375,201.0,,False
167,INGENIERÍA CIVIL,674472,601.75,372.0,,False
167,INGENIERÍA CIVIL,670043,437.0,483.0,,False
167,INGENIERÍA CIVIL,662372,686.75,293.0,,False
167,INGENIERÍA CIVIL,652931,686.25,295.0,,False
167,INGENIERÍA CIVIL,643199,914.375,113.0,,False
167,INGENIERÍA CIVIL,684932,547.875,419.0,,False
167,INGENIERÍA CIVIL,648050,802.625,190.0,,False
167,INGENIERÍA CIVIL,653461,562.25,409.0,,False
167,INGENIERÍA CIVIL,692767,526.625,438.0,,False
167,INGENIERÍA CIVIL,651182,986.25,70.0,,False
167,INGENIERÍA CIVIL,628963,949.625,95.0,,False
167,INGENIERÍA CIVIL,696638,1237.75,10.0,,False
167,INGENIERÍA CIVIL,662724,830.125,172.0,,False
167,INGENIERÍA CIVIL,631509,714.0,272.0,,False
167,INGENIERÍA CIVIL,682819,510.0,446.0,,False
167,INGENIERÍA CIVIL,695212,663.5,318.0,,False
167,INGENIERÍA CIVIL,642478,822.375,178.0,,False
167,INGENIERÍA CIVIL,651951,823.125,177.0,,False
167,INGENIERÍA CIVIL,643782,253.0,501.0,,False
167,INGENIERÍA CIVIL,672985,844.25,160.0,,False
167,INGENIERÍA CIVIL,648624,500.25,454.0,,False
167,INGENIERÍA CIVIL,691478,521.875,442.0,,False
167,INGENIERÍA CIVIL,680785,744.0,245.0,,False
167,INGENIERÍA CIVIL,684912,1003.125,58.0,,False
167,INGENIERÍA CIVIL,674958,600.0,376.0,,False
167,INGENIERÍA CIVIL,679298,852.375,152.0,,False
167,INGENIERÍA CIVIL,631233,839.75,162.0,,False
167,INGENIERÍA CIVIL,630491,538.375,424.0,,False
167,INGENIERÍA CIVIL,649385,832.75,170.0,,False
167,INGENIERÍA CIVIL,653004,849.875,155.0,,False
167,INGENIERÍA CIVIL,658133,719.5,268.0,,False
167,INGENIERÍA CIVIL,674520,1109.5,29.0,,False
167,INGENIERÍA CIVIL,629094,942.25,98.0,,False
167,INGENIERÍA CIVIL,677308,734.75,252.0,,False
167,INGENIERÍA CIVIL,671062,526.375,439.0,,False
167,INGENIERÍA CIVIL,668792,798.625,192.0,,False
167,INGENIERÍA CIVIL,631409,1034.375,51.0,,False
167,INGENIERÍA CIVIL,634939,696.875,288.0,,False
167,INGENIERÍA CIVIL,675177,703.875,283.0,,False
167,INGENIERÍA CIVIL,643638,557.5,412.0,,False
167,INGENIERÍA CIVIL,652495,861.375,141.0,,False
167,INGENIERÍA CIVIL,625551,749.375,241.0,,False
167,INGENIERÍA CIVIL,692425,473.5,473.0,,False
167,INGENIERÍA CIVIL,653861,838.625,163.0,,False
167,INGENIERÍA CIVIL,653265,653.25,329.0,,False
167,INGENIERÍA CIVIL,684102,988.25,68.0,,False
167,INGENIERÍA CIVIL,632375,859.375,144.0,,False
167,INGENIERÍA CIVIL,661046,872.125,136.0,,False
167,INGENIERÍA CIVIL,661727,893.5,126.0,,False
167,INGENIERÍA CIVIL,699581,646.75,333.0,,False
167,INGENIERÍA CIVIL,654698,721.0,262.0,,False
167,INGENIERÍA CIVIL,663977,604.75,369.0,,False
167,INGENIERÍA CIVIL,632789,1193.25,17.0,,False
167,INGENIERÍA CIVIL,633815,918.625,109.0,,False
167,INGENIERÍA CIVIL,674899,547.375,421.0,,False
167,INGENIERÍA CIVIL,691558,709.875,277.0,,False
167,INGENIERÍA CIVIL,678815,1199.5,15.0,,False
167,INGENIERÍA CIVIL,621361,665.125,316.0,,False
167,INGENIERÍA CIVIL,639095,848.75,156.0,,False
167,INGENIERÍA CIVIL,650625,936.625,100.0,,False
167,INGENIERÍA CIVIL,646051,982.0,76.0,,False
167,INGENIERÍA CIVIL,640284,849.875,154.0,,False
167,INGENIERÍA CIVIL,638346,729.625,257.0,,False
167,INGENIERÍA CIVIL,675497,732.75,253.0,,False
167,INGENIERÍA CIVIL,693761,1129.875,24.0,,False
167,INGENIERÍA CIVIL,664031,796.875,194.0,,False
167,INGENIERÍA CIVIL,695692,975.75,82.0,,False
167,INGENIERÍA CIVIL,621614,759.25,227.0,,False
167,INGENIERÍA CIVIL,637527,1065.625,39.0,,False
167,INGENIERÍA CIVIL,677560,559.5,410.0,,False
167,INGENIERÍA CIVIL,676311,943.5,96.0,,False
167,INGENIERÍA CIVIL,632584,507.0,451.0,,False
167,INGENIERÍA CIVIL,682137,1033.25,52.0,,False
167,INGENIERÍA CIVIL,674644,984.0,72.0,,False
167,INGENIERÍA CIVIL,642293,250.0,502.0,,False
167,INGENIERÍA CIVIL,674839,918.625,111.0,,False
167,INGENIERÍA CIVIL,648000,866.5,139.0,,False
167,INGENIERÍA CIVIL,684435,579.375,394.0,,False
167,INGENIERÍA CIVIL,639040,728.5,259.0,,False
167,INGENIERÍA CIVIL,655336,800.875,191.0,,False
167,INGENIERÍA CIVIL,668150,898.0,122.0,,False
167,INGENIERÍA CIVIL,679063,782.25,214.0,,False
167,INGENIERÍA CIVIL,668751,789.875,203.0,,False
167,INGENIERÍA CIVIL,666931,593.0,383.0,,False
167,INGENIERÍA CIVIL,674961,583.375,392.0,,False
167,INGENIERÍA CIVIL,632962,929.0,102.0,,False
167,INGENIERÍA CIVIL,688894,550.75,417.0,,False
167,INGENIERÍA CIVIL,629222,905.25,119.0,,False
167,INGENIERÍA CIVIL,632688,751.625,235.0,,False
167,INGENIERÍA CIVIL,624801,884.375,130.0,,False
167,INGENIERÍA CIVIL,643111,987.625,69.0,,False
167,INGENIERÍA CIVIL,680684,1195.5,16.0,,False
167,INGENIERÍA CIVIL,621406,847.625,157.0,,False
167,INGENIERÍA CIVIL,661148,640.0,340.0,,False
167,INGENIERÍA CIVIL,644750,1133.875,21.0,,False
167,INGENIERÍA CIVIL,624781,563.125,407.0,,False
167,INGENIERÍA CIVIL,661182,1070.5,36.0,,False
167,INGENIERÍA CIVIL,659217,564.625,405.0,,False
167,INGENIERÍA CIVIL,657851,218.125,504.0,,False
167,INGENIERÍA CIVIL,658389,752.375,233.0,,False
167,INGENIERÍA CIVIL,624535,660.5,322.0,,False
167,INGENIERÍA CIVIL,692465,952.875,94.0,,False
167,INGENIERÍA CIVIL,691351,660.375,323.0,,False
167,INGENIERÍA CIVIL,666787,600.0,375.0,,False
167,INGENIERÍA CIVIL,699133,983.125,73.0,,False
167,INGENIERÍA CIVIL,686588,782.75,213.0,,False
167,INGENIERÍA CIVIL,694368,1348.375,2.0,,False
167,INGENIERÍA CIVIL,688822,982.0,77.0,,False
167,INGENIERÍA CIVIL,678136,602.5,371.0,,False
167,INGENIERÍA CIVIL,661827,919.75,108.0,,False
167,INGENIERÍA CIVIL,681238,720.5,263.0,,False
167,INGENIERÍA CIVIL,646215,600.25,374.0,,False
167,INGENIERÍA CIVIL,690961,491.5,464.0,,False
167,INGENIERÍA CIVIL,640632,616.75,361.0,,False
167,INGENIERÍA CIVIL,692473,1066.75,37.0,,False
167,INGENIERÍA CIVIL,649607,736.375,251.0,,False
167,INGENIERÍA CIVIL,677898,467.0,475.0,,False
167,INGENIERÍA CIVIL,665447,788.75,205.0,,False
167,INGENIERÍA CIVIL,663839,363.625,496.0,,False
167,INGENIERÍA CIVIL,639924,567.625,403.0,,False
167,INGENIERÍA CIVIL,694172,725.625,261.0,,False
167,INGENIERÍA CIVIL,676098,655.25,326.0,,False
167,INGENIERÍA CIVIL,669985,621.875,355.0,,False
167,INGENIERÍA CIVIL,651669,827.625,173.0,,False
167,INGENIERÍA CIVIL,684062,999.125,62.0,,False
167,INGENIERÍA CIVIL,676242,621.125,358.0,,False
167,INGENIERÍA CIVIL,635829,962.0,87.0,,False
167,INGENIERÍA CIVIL,622542,897.5,123.0,,False
167,INGENIERÍA CIVIL,639568,897.5,124.0,,False
167,INGENIERÍA CIVIL,674753,645.0,336.0,,False
167,INGENIERÍA CIVIL,641078,510.375,445.0,,False
167,INGENIERÍA CIVIL,623877,1041.375,46.0,,False
167,INGENIERÍA CIVIL,670748,820.25,179.0,,False
167,INGENIERÍA CIVIL,677674,786.75,210.0,,False
167,INGENIERÍA CIVIL,661683,1340.5,5.0,,False
167,INGENIERÍA CIVIL,627144,648.0,331.0,,False
167,INGENIERÍA CIVIL,694463,206.625,505.0,,False
167,INGENIERÍA CIVIL,661701,536.875,425.0,,False
167,INGENIERÍA CIVIL,654011,587.25,388.0,,False
167,INGENIERÍA CIVIL,692289,567.875,402.0,,False
167,INGENIERÍA CIVIL,697162,836.625,165.0,,False
167,INGENIERÍA CIVIL,661072,528.375,436.0,,False
167,INGENIERÍA CIVIL,685572,1004.25,57.0,,False
167,INGENIERÍA CIVIL,653411,707.375,281.0,,False
167,INGENIERÍA CIVIL,620381,637.125,345.0,,False
167,INGENIERÍA CIVIL,659146,1044.5,45.0,,False
167,INGENIERÍA CIVIL,669250,996.625,63.0,,False
167,INGENIERÍA CIVIL,629470,978.0,81.0,,False
167,INGENIERÍA CIVIL,670522,460.625,477.0,,False
204,INGENIERÍA DE INTELIGENCIA ARTIFICIAL,693502,943.75,34.0,,False
204,INGENIERÍA DE INTELIGENCIA ARTIFICIAL,646350,652.375,101.0,,False
204,INGENIERÍA DE INTELIGENCIA ARTIFICIAL,639540,644.0,105.0,,False
204,INGENIERÍA DE INTELIGENCIA ARTIFICIAL,694003,1088.75,12.0,,False
204,INGENIERÍA DE INTELIGENCIA ARTIFICIAL,621165,787.875,71.0,,False
204,INGENIERÍA DE INTELIGENCIA ARTIFICIAL,680705,693.5,92.0,,False
204,INGENIERÍA DE INTELIGENCIA ARTIFICIAL,664418,936.875,38.0,,False
204,INGENIERÍA DE INTELIGENCIA ARTIFICIAL,622804,1049.375,19.0,,False
204,INGENIERÍA DE INTELIGENCIA ARTIFICIAL,662484,638.25,109.0,,False
204,INGENIERÍA DE INTELIGENCIA ARTIFICIAL,668606,642.0,107.0,,False
204,INGENIERÍA DE INTELIGENCIA ARTIFICIAL,636909,876.375,54.0,,False
204,INGENIERÍA DE INTELIGENCIA ARTIFICIAL,656585,953.125,32.0,,False
204,INGENIERÍA DE INTELIGENCIA ARTIFICIAL,628709,753.625,76.0,,False
204,INGENIERÍA DE INTELIGENCIA ARTIFICIAL,649383,599.375,114.0,,False
204,INGENIERÍA DE INTELIGENCIA ARTIFICIAL,640338,879.75,51.0,,False
204,INGENIERÍA DE INTELIGENCIA ARTIFICIAL,643334,616.0,111.0,,False
204,INGENIERÍA DE INTELIGENCIA ARTIFICIAL,676320,704.5,86.0,,False
204,INGENIERÍA DE INTELIGENCIA ARTIFICIAL,653117,1045.375,20.0,,False
204,INGENIERÍA DE INTELIGENCIA ARTIFICIAL,625498,1182.375,4.0,,False
204,INGENIERÍA DE INTELIGENCIA ARTIFICIAL,628774,1083.625,13.0,,False
204,INGENIERÍA DE INTELIGENCIA ARTIFICIAL,630181,927.0,41.0,,False
204,INGENIERÍA DE INTELIGENCIA ARTIFICIAL,647170,1067.625,14.0,,False
204,INGENIERÍA DE INTELIGENCIA ARTIFICIAL,626721,931.25,39.0,,False
204,INGENIERÍA DE INTELIGENCIA ARTIFICIAL,691654,573.75,118.0,,False
204,INGENIERÍA DE INTELIGENCIA ARTIFICIAL,659185,1058.875,16.0,,False
204,INGENIERÍA DE INTELIGENCIA ARTIFICIAL,647600,813.0,66.0,,False
204,INGENIERÍA DE INTELIGENCIA ARTIFICIAL,635232,593.75,116.0,,False
204,INGENIERÍA DE INTELIGENCIA ARTIFICIAL,674858,699.375,90.0,,False
204,INGENIERÍA DE INTELIGENCIA ARTIFICIAL,692330,814.625,65.0,,False
204,INGENIERÍA DE INTELIGENCIA ARTIFICIAL,659840,484.0,130.0,,False
204,INGENIERÍA DE INTELIGENCIA ARTIFICIAL,690700,749.625,79.0,,False
204,INGENIERÍA DE INTELIGENCIA ARTIFICIAL,631371,597.75,115.0,,False
204,INGENIERÍA DE INTELIGENCIA ARTIFICIAL,671981,800.375,68.0,,False
204,INGENIERÍA DE INTELIGENCIA ARTIFICIAL,621611,406.0,132.0,,False
204,INGENIERÍA DE INTELIGENCIA ARTIFICIAL,695385,543.375,123.0,,False
204,INGENIERÍA DE INTELIGENCIA ARTIFICIAL,683109,529.5,125.0,,False
204,INGENIERÍA DE INTELIGENCIA ARTIFICIAL,680560,640.0,108.0,,False
204,INGENIERÍA DE INTELIGENCIA ARTIFICIAL,673879,510.75,129.0,,False
204,INGENIERÍA DE INTELIGENCIA ARTIFICIAL,682644,704.5,87.0,,False
204,INGENIERÍA DE INTELIGENCIA ARTIFICIAL,653236,548.875,121.0,,False
204,INGENIERÍA DE INTELIGENCIA ARTIFICIAL,688418,838.625,63.0,,False
204,INGENIERÍA DE INTELIGENCIA ARTIFICIAL,653259,1003.125,26.0,,False
204,INGENIERÍA DE INTELIGENCIA ARTIFICIAL,641827,759.875,75.0,,False
204,INGENIERÍA DE INTELIGENCIA ARTIFICIAL,647317,728.5,82.0,,False
204,INGENIERÍA DE INTELIGENCIA ARTIFICIAL,679948,700.0,89.0,,False
204,INGENIERÍA DE INTELIGENCIA ARTIFICIAL,671687,1056.125,17.0,,False
204,INGENIERÍA DE INTELIGENCIA ARTIFICIAL,644670,751.25,78.0,,False
204,INGENIERÍA DE INTELIGENCIA ARTIFICIAL,684094,537.75,124.0,,False
204,INGENIERÍA DE INTELIGENCIA ARTIFICIAL,689852,517.75,127.0,,False
204,INGENIERÍA DE INTELIGENCIA ARTIFICIAL,637040,1172.125,5.0,,False
204,INGENIERÍA DE INTELIGENCIA ARTIFICIAL,653280,880.875,49.0,,False
204,INGENIERÍA DE INTELIGENCIA ARTIFICIAL,631945,1103.375,10.0,,False
204,INGENIERÍA DE INTELIGENCIA ARTIFICIAL,674240,881.375,48.0,,False
204,INGENIERÍA DE INTELIGENCIA ARTIFICIAL,695733,964.875,31.0,,False
204,INGENIERÍA DE INTELIGENCIA ARTIFICIAL,669334,939.75,37.0,,False
204,INGENIERÍA DE INTELIGENCIA ARTIFICIAL,663901,751.625,77.0,,False
204,INGENIERÍA DE INTELIGENCIA ARTIFICIAL,671099,678.375,97.0,,False
204,INGENIERÍA DE INTELIGENCIA ARTIFICIAL,654463,1031.0,21.0,,False
204,INGENIERÍA DE INTELIGENCIA ARTIFICIAL,670969,858.0,58.0,,False
204,INGENIERÍA DE INTELIGENCIA ARTIFICIAL,631611,880.875,50.0,,False
204,INGENIERÍA DE INTELIGENCIA ARTIFICIAL,673729,666.25,98.0,,False
204,INGENIERÍA DE INTELIGENCIA ARTIFICIAL,672634,876.25,56.0,,False
204,INGENIERÍA DE INTELIGENCIA ARTIFICIAL,636001,687.375,95.0,,False
204,INGENIERÍA DE INTELIGENCIA ARTIFICIAL,667164,522.375,126.0,,False
204,INGENIERÍA DE INTELIGENCIA ARTIFICIAL,679148,799.75,69.0,,False
204,INGENIERÍA DE INTELIGENCIA ARTIFICIAL,634715,663.875,100.0,,False
204,INGENIERÍA DE INTELIGENCIA ARTIFICIAL,658815,681.125,96.0,,False
204,INGENIERÍA DE INTELIGENCIA ARTIFICIAL,675415,893.5,47.0,,False
204,INGENIERÍA DE INTELIGENCIA ARTIFICIAL,692292,515.375,128.0,,False
204,INGENIERÍA DE INTELIGENCIA ARTIFICIAL,697282,1281.125,1.0,,False
204,INGENIERÍA DE INTELIGENCIA ARTIFICIAL,678506,1024.25,23.0,,False
204,INGENIERÍA DE INTELIGENCIA ARTIFICIAL,665691,,,AUSENTE,True
204,INGENIERÍA DE INTELIGENCIA ARTIFICIAL,626182,717.625,83.0,,False
204,INGENIERÍA DE INTELIGENCIA ARTIFICIAL,674885,749.25,80.0,,False
204,INGENIERÍA DE INTELIGENCIA ARTIFICIAL,638990,614.875,112.0,,False
204,INGENIERÍA DE INTELIGENCIA ARTIFICIAL,662765,379.25,133.0,,False
204,INGENIERÍA DE INTELIGENCIA ARTIFICIAL,654414,1055.5,18.0,,False
204,INGENIERÍA DE INTELIGENCIA ARTIFICIAL,699582,839.25,62.0,,False
204,INGENIERÍA DE INTELIGENCIA ARTIFICIAL,647518,1234.875,2.0,,False
204,INGENIERÍA DE INTELIGENCIA ARTIFICIAL,652254,896.0,46.0,,False
204,INGENIERÍA DE INTELIGENCIA ARTIFICIAL,650565,1025.375,22.0,,False
204,INGENIERÍA DE INTELIGENCIA ARTIFICIAL,690728,844.875,61.0,,False
204,INGENIERÍA DE INTELIGENCIA ARTIFICIAL,690576,580.0,117.0,,False
204,INGENIERÍA DE INTELIGENCIA ARTIFICIAL,659835,448.75,131.0,,False
204,INGENIERÍA DE INTELIGENCIA ARTIFICIAL,638947,734.875,81.0,,False
204,INGENIERÍA DE INTELIGENCIA ARTIFICIAL,694530,809.875,67.0,,False
204,INGENIERÍA DE INTELIGENCIA ARTIFICIAL,648881,701.875,88.0,,False
204,INGENIERÍA DE INTELIGENCIA ARTIFICIAL,681127,910.625,43.0,,False
204,INGENIERÍA DE INTELIGENCIA ARTIFICIAL,637900,708.5,84.0,,False
204,INGENIERÍA DE INTELIGENCIA ARTIFICIAL,676065,1121.125,8.0,,False
204,INGENIERÍA DE INTELIGENCIA ARTIFICIAL,682774,1198.375,3.0,,False
204,INGENIERÍA DE INTELIGENCIA ARTIFICIAL,696647,942.25,35.0,,False
204,INGENIERÍA DE INTELIGENCIA ARTIFICIAL,673468,966.0,29.0,,False
204,INGENIERÍA DE INTELIGENCIA ARTIFICIAL,690056,969.375,27.0,,False
204,INGENIERÍA DE INTELIGENCIA ARTIFICIAL,659665,951.25,33.0,,False
204,INGENIERÍA DE INTELIGENCIA ARTIFICIAL,693331,762.625,74.0,,False
204,INGENIERÍA DE INTELIGENCIA ARTIFICIAL,637170,964.875,30.0,,False
204,INGENIERÍA DE INTELIGENCIA ARTIFICIAL,625252,1094.375,11.0,,False
204,INGENIERÍA DE INTELIGENCIA ARTIFICIAL,687714,876.375,53.0,,False
204,INGENIERÍA DE INTELIGENCIA ARTIFICIAL,675666,773.5,72.0,,False
204,INGENIERÍA DE INTELIGENCIA ARTIFICIAL,631710,931.0,40.0,,False
204,INGENIERÍA DE INTELIGENCIA ARTIFICIAL,623492,969.375,28.0,,False
204,INGENIERÍA DE INTELIGENCIA ARTIFICIAL,698776,651.875,102.0,,False
204,INGENIERÍA DE INTELIGENCIA ARTIFICIAL,626436,1007.125,24.0,,False
204,INGENIERÍA DE INTELIGENCIA ARTIFICIAL,644324,625.125,110.0,,False
204,INGENIERÍA DE INTELIGENCIA ARTIFICIAL,660742,869.875,57.0,,False
204,INGENIERÍA DE INTELIGENCIA ARTIFICIAL,699672,611.375,113.0,,False
204,INGENIERÍA DE INTELIGENCIA ARTIFICIAL,680605,689.375,93.0,,False
204,INGENIERÍA DE INTELIGENCIA ARTIFICIAL,688536,845.375,60.0,,False
204,INGENIERÍA DE INTELIGENCIA ARTIFICIAL,661274,666.25,99.0,,False
204,INGENIERÍA DE INTELIGENCIA ARTIFICIAL,688937,,,AUSENTE,True
204,INGENIERÍA DE INTELIGENCIA ARTIFICIAL,688386,688.25,94.0,,False
204,INGENIERÍA DE INTELIGENCIA ARTIFICIAL,631807,906.0,44.0,,False
204,INGENIERÍA DE INTELIGENCIA ARTIFICIAL,646227,915.375,42.0,,False
204,INGENIERÍA DE INTELIGENCIA ARTIFICIAL,626353,846.5,59.0,,False
204,INGENIERÍA DE INTELIGENCIA ARTIFICIAL,623789,646.25,104.0,,False
204,INGENIERÍA DE INTELIGENCIA ARTIFICIAL,638851,939.75,36.0,,False
204,INGENIERÍA DE INTELIGENCIA ARTIFICIAL,622886,646.25,103.0,,False
204,INGENIERÍA DE INTELIGENCIA ARTIFICIAL,636706,816.375,64.0,,False
204,INGENIERÍA DE INTELIGENCIA ARTIFICIAL,629335,571.875,119.0,,False
204,INGENIERÍA DE INTELIGENCIA ARTIFICIAL,669509,1129.875,7.0,,False
204,INGENIERÍA DE INTELIGENCIA ARTIFICIAL,693245,877.5,52.0,,False
204,INGENIERÍA DE INTELIGENCIA ARTIFICIAL,649364,897.5,45.0,,False
204,INGENIERÍA DE INTELIGENCIA ARTIFICIAL,694070,554.375,120.0,,False
204,INGENIERÍA DE INTELIGENCIA ARTIFICIAL,627008,644.0,106.0,,False
204,INGENIERÍA DE INTELIGENCIA ARTIFICIAL,622382,1066.5,15.0,,False
204,INGENIERÍA DE INTELIGENCIA ARTIFICIAL,698708,876.375,55.0,,False
204,INGENIERÍA DE INTELIGENCIA ARTIFICIAL,636345,707.375,85.0,,False
204,INGENIERÍA DE INTELIGENCIA ARTIFICIAL,682507,699.25,91.0,,False
204,INGENIERÍA DE INTELIGENCIA ARTIFICIAL,664352,1157.75,6.0,,False
204,INGENIERÍA DE INTELIGENCIA ARTIFICIAL,627286,791.875,70.0,,False
204,INGENIERÍA DE INTELIGENCIA ARTIFICIAL,660164,1007.125,25.0,,False
204,INGENIERÍA DE INTELIGENCIA ARTIFICIAL,677720,1108.125,9.0,,False
204,INGENIERÍA DE INTELIGENCIA ARTIFICIAL,664920,543.5,122.0,,False
204,INGENIERÍA DE INTELIGENCIA ARTIFICIAL,635711,768.125,73.0,,False
165,INGENIERÍA DE MINAS,630947,660.25,174.0,,False
165,INGENIERÍA DE MINAS,642477,510.875,243.0,,False
165,INGENIERÍA DE MINAS,699052,766.625,105.0,,False
165,INGENIERÍA DE MINAS,685592,727.625,129.0,,False
165,INGENIERÍA DE MINAS,671281,627.625,191.0,,False
165,INGENIERÍA DE MINAS,671119,736.875,117.0,,False
165,INGENIERÍA DE MINAS,686344,349.5,273.0,,False
165,INGENIERÍA DE MINAS,627474,696.625,151.0,,False
165,INGENIERÍA DE MINAS,640652,781.125,96.0,,False
165,INGENIERÍA DE MINAS,625463,776.125,99.0,,False
165,INGENIERÍA DE MINAS,690068,627.0,192.0,,False
165,INGENIERÍA DE MINAS,639969,589.0,206.0,,False
165,INGENIERÍA DE MINAS,663132,851.25,67.0,,False
165,INGENIERÍA DE MINAS,661646,882.625,51.0,,False
165,INGENIERÍA DE MINAS,650433,,,AUSENTE,True
165,INGENIERÍA DE MINAS,638368,726.75,131.0,,False
165,INGENIERÍA DE MINAS,623725,793.375,86.0,,False
165,INGENIERÍA DE MINAS,624276,1030.5,12.0,,False
165,INGENIERÍA DE MINAS,695068,572.875,214.0,,False
165,INGENIERÍA DE MINAS,668630,449.125,263.0,,False
165,INGENIERÍA DE MINAS,631856,735.25,118.0,,False
165,INGENIERÍA DE MINAS,631999,572.125,215.0,,False
165,INGENIERÍA DE MINAS,699771,504.375,246.0,,False
165,INGENIERÍA DE MINAS,644362,516.375,240.0,,False
165,INGENIERÍA DE MINAS,668203,559.5,218.0,,False
165,INGENIERÍA DE MINAS,637717,730.75,124.0,,False
165,INGENIERÍA DE MINAS,692959,1080.125,9.0,,False
165,INGENIERÍA DE MINAS,685946,711.25,144.0,,False
165,INGENIERÍA DE MINAS,625641,827.125,77.0,,False
165,INGENIERÍA DE MINAS,636459,707.5,147.0,,False
165,INGENIERÍA DE MINAS,628137,670.625,169.0,,False
165,INGENIERÍA DE MINAS,633114,914.625,41.0,,False
165,INGENIERÍA DE MINAS,631376,528.5,234.0,,False
165,INGENIERÍA DE MINAS,634452,886.0,50.0,,False
165,INGENIERÍA DE MINAS,674581,962.0,25.0,,False
165,INGENIERÍA DE MINAS,627176,506.5,245.0,,False
165,INGENIERÍA DE MINAS,640040,935.75,31.0,,False
165,INGENIERÍA DE MINAS,648210,761.625,107.0,,False
165,INGENIERÍA DE MINAS,630451,694.125,154.0,,False
165,INGENIERÍA DE MINAS,683058,692.5,155.0,,False
165,INGENIERÍA DE MINAS,634377,289.875,276.0,,False
165,INGENIERÍA DE MINAS,630780,650.625,178.0,,False
165,INGENIERÍA DE MINAS,623929,587.0,207.0,,False
165,INGENIERÍA DE MINAS,620924,708.5,146.0,,False
165,INGENIERÍA DE MINAS,653614,493.5,247.0,,False
165,INGENIERÍA DE MINAS,658602,674.25,168.0,,False
165,INGENIERÍA DE MINAS,629983,405.875,267.0,,False
165,INGENIERÍA DE MINAS,627879,659.625,175.0,,False
165,INGENIERÍA DE MINAS,688042,551.125,228.0,,False
165,INGENIERÍA DE MINAS,673761,905.375,43.0,,False
165,INGENIERÍA DE MINAS,663083,487.875,250.0,,False
165,INGENIERÍA DE MINAS,642389,667.875,171.0,,False
165,INGENIERÍA DE MINAS,661128,534.375,232.0,,False
165,INGENIERÍA DE MINAS,636598,361.0,272.0,,False
165,INGENIERÍA DE MINAS,631577,859.25,62.0,,False
165,INGENIERÍA DE MINAS,693379,723.125,132.0,,False
165,INGENIERÍA DE MINAS,644284,538.625,230.0,,False
165,INGENIERÍA DE MINAS,657073,484.125,252.0,,False
165,INGENIERÍA DE MINAS,631730,566.125,216.0,,False
165,INGENIERÍA DE MINAS,672388,378.5,270.0,,False
165,INGENIERÍA DE MINAS,661911,663.875,173.0,,False
165,INGENIERÍA DE MINAS,653425,722.75,133.0,,False
165,INGENIERÍA DE MINAS,678882,510.75,244.0,,False
165,INGENIERÍA DE MINAS,657491,648.0,181.0,,False
165,INGENIERÍA DE MINAS,682764,709.375,145.0,,False
165,INGENIERÍA DE MINAS,631288,832.375,73.0,,False
165,INGENIERÍA DE MINAS,668035,521.25,236.0,,False
165,INGENIERÍA DE MINAS,650034,939.75,30.0,,False
165,INGENIERÍA DE MINAS,699744,589.125,205.0,,False
165,INGENIERÍA DE MINAS,633725,801.875,83.0,,False
165,INGENIERÍA DE MINAS,653200,419.0,266.0,,False
165,INGENIERÍA DE MINAS,671934,402.625,268.0,,False
165,INGENIERÍA DE MINAS,634426,609.0,199.0,,False
165,INGENIERÍA DE MINAS,662083,991.375,18.0,,False
165,INGENIERÍA DE MINAS,677310,775.875,100.0,,False
165,INGENIERÍA DE MINAS,688114,855.25,65.0,,False
165,INGENIERÍA DE MINAS,665228,918.625,38.0,,False
165,INGENIERÍA DE MINAS,670816,843.5,69.0,,False
165,INGENIERÍA DE MINAS,668862,767.875,104.0,,False
165,INGENIERÍA DE MINAS,670808,,,AUSENTE,True
165,INGENIERÍA DE MINAS,693682,703.625,149.0,,False
165,INGENIERÍA DE MINAS,634468,575.375,212.0,,False
165,INGENIERÍA DE MINAS,635332,852.375,66.0,,False
165,INGENIERÍA DE MINAS,641155,557.125,222.0,,False
165,INGENIERÍA DE MINAS,623675,580.0,210.0,,False
165,INGENIERÍA DE MINAS,640787,872.75,54.0,,False
165,INGENIERÍA DE MINAS,669913,828.25,75.0,,False
165,INGENIERÍA DE MINAS,679575,735.25,120.0,,False
165,INGENIERÍA DE MINAS,653096,516.5,239.0,,False
165,INGENIERÍA DE MINAS,685623,713.25,138.0,,False
165,INGENIERÍA DE MINAS,684501,512.375,242.0,,False
165,INGENIERÍA DE MINAS,682516,781.125,97.0,,False
165,INGENIERÍA DE MINAS,622496,791.875,89.0,,False
165,INGENIERÍA DE MINAS,650071,465.375,259.0,,False
165,INGENIERÍA DE MINAS,623375,711.875,142.0,,False
165,INGENIERÍA DE MINAS,683682,685.0,159.0,,False
165,INGENIERÍA DE MINAS,642551,648.5,180.0,,False
165,INGENIERÍA DE MINAS,629635,1087.625,8.0,,False
165,INGENIERÍA DE MINAS,638938,622.875,194.0,,False
165,INGENIERÍA DE MINAS,620067,729.625,126.0,,False
165,INGENIERÍA DE MINAS,683187,1109.875,6.0,,False
165,INGENIERÍA DE MINAS,632602,713.5,137.0,,False
165,INGENIERÍA DE MINAS,679746,774.125,101.0,,False
165,INGENIERÍA DE MINAS,631088,581.625,208.0,,False
165,INGENIERÍA DE MINAS,681975,1091.625,7.0,,False
165,INGENIERÍA DE MINAS,624499,894.625,47.0,,False
165,INGENIERÍA DE MINAS,663020,463.5,261.0,,False
165,INGENIERÍA DE MINAS,623082,876.375,53.0,,False
165,INGENIERÍA DE MINAS,683822,394.375,269.0,,False
165,INGENIERÍA DE MINAS,633593,1214.375,1.0,,False
165,INGENIERÍA DE MINAS,631697,712.0,141.0,,False
165,INGENIERÍA DE MINAS,695420,956.875,26.0,,False
165,INGENIERÍA DE MINAS,688827,811.0,81.0,,False
165,INGENIERÍA DE MINAS,636567,770.75,103.0,,False
165,INGENIERÍA DE MINAS,625062,865.375,58.0,,False
165,INGENIERÍA DE MINAS,680069,1024.0,14.0,,False
165,INGENIERÍA DE MINAS,670174,778.75,98.0,,False
165,INGENIERÍA DE MINAS,658420,613.75,196.0,,False
165,INGENIERÍA DE MINAS,621216,528.75,233.0,,False
165,INGENIERÍA DE MINAS,650590,558.25,220.0,,False
165,INGENIERÍA DE MINAS,671138,858.625,63.0,,False
165,INGENIERÍA DE MINAS,689627,730.5,125.0,,False
165,INGENIERÍA DE MINAS,666250,712.125,140.0,,False
165,INGENIERÍA DE MINAS,646665,872.375,56.0,,False
165,INGENIERÍA DE MINAS,694028,734.375,121.0,,False
165,INGENIERÍA DE MINAS,684792,787.875,91.0,,False
165,INGENIERÍA DE MINAS,623204,1158.25,2.0,,False
165,INGENIERÍA DE MINAS,621173,554.625,225.0,,False
165,INGENIERÍA DE MINAS,667802,642.875,183.0,,False
165,INGENIERÍA DE MINAS,644100,986.0,20.0,,False
165,INGENIERÍA DE MINAS,695342,753.625,108.0,,False
165,INGENIERÍA DE MINAS,640764,898.625,44.0,,False
165,INGENIERÍA DE MINAS,656520,764.25,106.0,,False
165,INGENIERÍA DE MINAS,639092,622.875,193.0,,False
165,INGENIERÍA DE MINAS,690757,599.125,203.0,,False
165,INGENIERÍA DE MINAS,638845,717.5,135.0,,False
165,INGENIERÍA DE MINAS,645776,687.875,157.0,,False
165,INGENIERÍA DE MINAS,645851,619.625,195.0,,False
165,INGENIERÍA DE MINAS,686606,864.25,59.0,,False
165,INGENIERÍA DE MINAS,621877,1028.75,13.0,,False
165,INGENIERÍA DE MINAS,673511,657.125,177.0,,False
165,INGENIERÍA DE MINAS,635958,949.25,27.0,,False
165,INGENIERÍA DE MINAS,634979,814.375,79.0,,False
165,INGENIERÍA DE MINAS,685331,988.25,19.0,,False
165,INGENIERÍA DE MINAS,650126,737.75,115.0,,False
165,INGENIERÍA DE MINAS,676667,851.0,68.0,,False
165,INGENIERÍA DE MINAS,646838,905.625,42.0,,False
165,INGENIERÍA DE MINAS,687331,855.25,64.0,,False
165,INGENIERÍA DE MINAS,638010,814.0,80.0,,False
165,INGENIERÍA DE MINAS,689950,575.25,213.0,,False
165,INGENIERÍA DE MINAS,665945,465.375,260.0,,False
165,INGENIERÍA DE MINAS,642297,337.75,274.0,,False
165,INGENIERÍA DE MINAS,646724,783.75,94.0,,False
165,INGENIERÍA DE MINAS,632078,916.625,39.0,,False
165,INGENIERÍA DE MINAS,645045,601.75,201.0,,False
165,INGENIERÍA DE MINAS,684339,639.25,188.0,,False
165,INGENIERÍA DE MINAS,673437,926.0,35.0,,False
165,INGENIERÍA DE MINAS,631315,484.875,251.0,,False
165,INGENIERÍA DE MINAS,664288,716.375,136.0,,False
165,INGENIERÍA DE MINAS,696140,,,AUSENTE,True
165,INGENIERÍA DE MINAS,690194,728.25,128.0,,False
165,INGENIERÍA DE MINAS,682048,,,AUSENTE,True
165,INGENIERÍA DE MINAS,634497,865.375,57.0,,False
165,INGENIERÍA DE MINAS,691178,630.625,189.0,,False
165,INGENIERÍA DE MINAS,698901,836.875,72.0,,False
165,INGENIERÍA DE MINAS,677875,931.625,33.0,,False
165,INGENIERÍA DE MINAS,685810,787.875,92.0,,False
165,INGENIERÍA DE MINAS,636752,920.5,37.0,,False
165,INGENIERÍA DE MINAS,646276,521.625,235.0,,False
165,INGENIERÍA DE MINAS,620157,790.75,90.0,,False
165,INGENIERÍA DE MINAS,643195,915.125,40.0,,False
165,INGENIERÍA DE MINAS,630395,488.125,249.0,,False
165,INGENIERÍA DE MINAS,652906,1131.875,4.0,,False
165,INGENIERÍA DE MINAS,687015,888.75,49.0,,False
165,INGENIERÍA DE MINAS,674474,649.125,179.0,,False
165,INGENIERÍA DE MINAS,672677,828.75,74.0,,False
165,INGENIERÍA DE MINAS,651671,750.125,110.0,,False
165,INGENIERÍA DE MINAS,660745,576.625,211.0,,False
165,INGENIERÍA DE MINAS,698734,926.5,34.0,,False
165,INGENIERÍA DE MINAS,628169,792.75,87.0,,False
165,INGENIERÍA DE MINAS,669129,678.875,164.0,,False
165,INGENIERÍA DE MINAS,628991,896.5,45.0,,False
165,INGENIERÍA DE MINAS,630336,601.125,202.0,,False
165,INGENIERÍA DE MINAS,624999,300.875,275.0,,False
165,INGENIERÍA DE MINAS,643351,477.625,253.0,,False
165,INGENIERÍA DE MINAS,663614,967.625,22.0,,False
165,INGENIERÍA DE MINAS,680369,944.875,28.0,,False
165,INGENIERÍA DE MINAS,673307,667.875,170.0,,False
165,INGENIERÍA DE MINAS,645693,896.125,46.0,,False
165,INGENIERÍA DE MINAS,653642,476.0,254.0,,False
165,INGENIERÍA DE MINAS,657420,581.125,209.0,,False
165,INGENIERÍA DE MINAS,634578,711.375,143.0,,False
165,INGENIERÍA DE MINAS,682861,467.0,258.0,,False
165,INGENIERÍA DE MINAS,680262,963.125,24.0,,False
165,INGENIERÍA DE MINAS,662462,628.75,190.0,,False
165,INGENIERÍA DE MINAS,696485,803.25,82.0,,False
165,INGENIERÍA DE MINAS,664025,467.625,257.0,,False
165,INGENIERÍA DE MINAS,637061,560.0,217.0,,False
165,INGENIERÍA DE MINAS,667306,738.625,114.0,,False
165,INGENIERÍA DE MINAS,672182,1045.375,11.0,,False
165,INGENIERÍA DE MINAS,631115,922.0,36.0,,False
165,INGENIERÍA DE MINAS,650187,640.5,186.0,,False
165,INGENIERÍA DE MINAS,651446,712.75,139.0,,False
165,INGENIERÍA DE MINAS,658512,603.375,200.0,,False
165,INGENIERÍA DE MINAS,624060,840.25,71.0,,False
165,INGENIERÍA DE MINAS,651313,559.0,219.0,,False
165,INGENIERÍA DE MINAS,667074,1003.125,16.0,,False
165,INGENIERÍA DE MINAS,681919,791.875,88.0,,False
165,INGENIERÍA DE MINAS,655636,548.625,229.0,,False
165,INGENIERÍA DE MINAS,668453,840.375,70.0,,False
165,INGENIERÍA DE MINAS,647844,978.0,21.0,,False
165,INGENIERÍA DE MINAS,676328,783.0,95.0,,False
165,INGENIERÍA DE MINAS,669871,880.875,52.0,,False
165,INGENIERÍA DE MINAS,657718,740.375,113.0,,False
165,INGENIERÍA DE MINAS,644771,677.0,165.0,,False
165,INGENIERÍA DE MINAS,652996,695.125,152.0,,False
165,INGENIERÍA DE MINAS,684622,610.125,197.0,,False
165,INGENIERÍA DE MINAS,657125,517.25,238.0,,False
165,INGENIERÍA DE MINAS,655163,827.25,76.0,,False
165,INGENIERÍA DE MINAS,684147,,,AUSENTE,True
165,INGENIERÍA DE MINAS,685003,520.0,237.0,,False
165,INGENIERÍA DE MINAS,642648,679.625,162.0,,False
165,INGENIERÍA DE MINAS,631212,1002.75,17.0,,False
165,INGENIERÍA DE MINAS,678675,589.75,204.0,,False
165,INGENIERÍA DE MINAS,655782,1012.75,15.0,,False
165,INGENIERÍA DE MINAS,638522,1131.0,5.0,,False
165,INGENIERÍA DE MINAS,666811,609.125,198.0,,False
165,INGENIERÍA DE MINAS,669519,557.875,221.0,,False
165,INGENIERÍA DE MINAS,678233,459.125,262.0,,False
165,INGENIERÍA DE MINAS,653012,675.0,167.0,,False
165,INGENIERÍA DE MINAS,638076,935.5,32.0,,False
165,INGENIERÍA DE MINAS,648491,512.75,241.0,,False
165,INGENIERÍA DE MINAS,696524,731.25,123.0,,False
165,INGENIERÍA DE MINAS,629447,784.875,93.0,,False
165,INGENIERÍA DE MINAS,665304,798.625,84.0,,False
165,INGENIERÍA DE MINAS,687551,372.375,271.0,,False
165,INGENIERÍA DE MINAS,664992,640.5,185.0,,False
165,INGENIERÍA DE MINAS,633895,728.5,127.0,,False
165,INGENIERÍA DE MINAS,694857,746.375,112.0,,False
165,INGENIERÍA DE MINAS,646840,555.5,223.0,,False
165,INGENIERÍA DE MINAS,688413,943.75,29.0,,False
165,INGENIERÍA DE MINAS,634199,554.0,227.0,,False
165,INGENIERÍA DE MINAS,650426,749.625,111.0,,False
165,INGENIERÍA DE MINAS,623323,863.125,61.0,,False
165,INGENIERÍA DE MINAS,621731,694.75,153.0,,False
165,INGENIERÍA DE MINAS,632126,488.75,248.0,,False
165,INGENIERÍA DE MINAS,623578,665.125,172.0,,False
165,INGENIERÍA DE MINAS,660690,682.75,161.0,,False
165,INGENIERÍA DE MINAS,621785,647.375,182.0,,False
165,INGENIERÍA DE MINAS,690192,675.875,166.0,,False
165,INGENIERÍA DE MINAS,697686,770.875,102.0,,False
165,INGENIERÍA DE MINAS,693758,690.25,156.0,,False
165,INGENIERÍA DE MINAS,622376,894.25,48.0,,False
165,INGENIERÍA DE MINAS,626195,537.125,231.0,,False
165,INGENIERÍA DE MINAS,645763,737.0,116.0,,False
165,INGENIERÍA DE MINAS,626667,639.5,187.0,,False
165,INGENIERÍA DE MINAS,658240,683.375,160.0,,False
165,INGENIERÍA DE MINAS,698902,475.0,255.0,,False
165,INGENIERÍA DE MINAS,626038,685.375,158.0,,False
165,INGENIERÍA DE MINAS,639555,554.5,226.0,,False
165,INGENIERÍA DE MINAS,658159,820.0,78.0,,False
165,INGENIERÍA DE MINAS,699278,448.5,264.0,,False
165,INGENIERÍA DE MINAS,679800,658.125,176.0,,False
165,INGENIERÍA DE MINAS,695257,1062.0,10.0,,False
165,INGENIERÍA DE MINAS,689904,435.5,265.0,,False
165,INGENIERÍA DE MINAS,672439,,,AUSENTE,True
165,INGENIERÍA DE MINAS,657036,751.75,109.0,,False
165,INGENIERÍA DE MINAS,667788,555.125,224.0,,False
165,INGENIERÍA DE MINAS,624549,721.125,134.0,,False
165,INGENIERÍA DE MINAS,679001,470.625,256.0,,False
165,INGENIERÍA DE MINAS,647624,1155.0,3.0,,False
165,INGENIERÍA DE MINAS,668537,732.875,122.0,,False
165,INGENIERÍA DE MINAS,624055,735.25,119.0,,False
165,INGENIERÍA DE MINAS,649851,727.625,130.0,,False
165,INGENIERÍA DE MINAS,677179,698.875,150.0,,False
165,INGENIERÍA DE MINAS,640465,872.625,55.0,,False
165,INGENIERÍA DE MINAS,692756,679.25,163.0,,False
165,INGENIERÍA DE MINAS,699593,964.875,23.0,,False
165,INGENIERÍA DE MINAS,682477,795.875,85.0,,False
165,INGENIERÍA DE MINAS,629076,642.625,184.0,,False
165,INGENIERÍA DE MINAS,626071,704.5,148.0,,False
165,INGENIERÍA DE MINAS,632164,864.0,60.0,,False
173,INGENIERÍA DE SEGURIDAD Y SALUD EN EL TRABAJO,696693,645.125,22.0,,False
173,INGENIERÍA DE SEGURIDAD Y SALUD EN EL TRABAJO,666818,745.875,15.0,,False
173,INGENIERÍA DE SEGURIDAD Y SALUD EN EL TRABAJO,697880,718.625,17.0,,False
173,INGENIERÍA DE SEGURIDAD Y SALUD EN EL TRABAJO,644031,802.0,13.0,,False
173,INGENIERÍA DE SEGURIDAD Y SALUD EN EL TRABAJO,696299,845.5,7.0,,False
173,INGENIERÍA DE SEGURIDAD Y SALUD EN EL TRABAJO,677011,439.125,26.0,,False
173,INGENIERÍA DE SEGURIDAD Y SALUD EN EL TRABAJO,695372,529.125,23.0,,False
173,INGENIERÍA DE SEGURIDAD Y SALUD EN EL TRABAJO,622347,885.375,4.0,,False
173,INGENIERÍA DE SEGURIDAD Y SALUD EN EL TRABAJO,666694,712.125,18.0,,False
173,INGENIERÍA DE SEGURIDAD Y SALUD EN EL TRABAJO,687205,813.0,12.0,,False
173,INGENIERÍA DE SEGURIDAD Y SALUD EN EL TRABAJO,662470,986.5,1.0,,False
173,INGENIERÍA DE SEGURIDAD Y SALUD EN EL TRABAJO,685740,813.0,11.0,,False
173,INGENIERÍA DE SEGURIDAD Y SALUD EN EL TRABAJO,634991,859.75,5.0,,False
173,INGENIERÍA DE SEGURIDAD Y SALUD EN EL TRABAJO,658524,407.125,27.0,,False
173,INGENIERÍA DE SEGURIDAD Y SALUD EN EL TRABAJO,624020,855.25,6.0,,False
173,INGENIERÍA DE SEGURIDAD Y SALUD EN EL TRABAJO,626747,673.25,19.0,,False
173,INGENIERÍA DE SEGURIDAD Y SALUD EN EL TRABAJO,699918,670.125,20.0,,False
173,INGENIERÍA DE SEGURIDAD Y SALUD EN EL TRABAJO,670406,837.5,8.0,,False
173,INGENIERÍA DE SEGURIDAD Y SALUD EN EL TRABAJO,663593,799.75,14.0,,False
173,INGENIERÍA DE SEGURIDAD Y SALUD EN EL TRABAJO,681536,822.875,10.0,,False
173,INGENIERÍA DE SEGURIDAD Y SALUD EN EL TRABAJO,635439,513.875,24.0,,False
173,INGENIERÍA DE SEGURIDAD Y SALUD EN EL TRABAJO,662657,912.625,3.0,,False
173,INGENIERÍA DE SEGURIDAD Y SALUD EN EL TRABAJO,633484,305.875,28.0,,False
173,INGENIERÍA DE SEGURIDAD Y SALUD EN EL TRABAJO,636278,,,AUSENTE,True
173,INGENIERÍA DE SEGURIDAD Y SALUD EN EL TRABAJO,633494,720.875,16.0,,False
173,INGENIERÍA DE SEGURIDAD Y SALUD EN EL TRABAJO,699239,824.5,9.0,,False
173,INGENIERÍA DE SEGURIDAD Y SALUD EN EL TRABAJO,631390,937.25,2.0,,False
173,INGENIERÍA DE SEGURIDAD Y SALUD EN EL TRABAJO,643581,662.0,21.0,,False
173,INGENIERÍA DE SEGURIDAD Y SALUD EN EL TRABAJO,653625,512.625,25.0,,False
201,INGENIERÍA DE SISTEMAS,628420,755.5,408.0,,False
201,INGENIERÍA DE SISTEMAS,645830,859.75,216.0,,False
201,INGENIERÍA DE SISTEMAS,661212,919.125,150.0,,False
201,INGENIERÍA DE SISTEMAS,659652,472.5,869.0,,False
201,INGENIERÍA DE SISTEMAS,629750,838.0,254.0,,False
201,INGENIERÍA DE SISTEMAS,667683,893.5,183.0,,False
201,INGENIERÍA DE SISTEMAS,647812,804.875,313.0,,False
201,INGENIERÍA DE SISTEMAS,638214,664.875,613.0,,False
201,INGENIERÍA DE SISTEMAS,644055,617.125,716.0,,False
201,INGENIERÍA DE SISTEMAS,667488,574.875,768.0,,False
201,INGENIERÍA DE SISTEMAS,665598,689.625,553.0,,False
201,INGENIERÍA DE SISTEMAS,632791,719.25,490.0,,False
201,INGENIERÍA DE SISTEMAS,635170,665.25,610.0,,False
201,INGENIERÍA DE SISTEMAS,683120,659.0,621.0,,False
201,INGENIERÍA DE SISTEMAS,674022,807.625,304.0,,False
201,INGENIERÍA DE SISTEMAS,690518,646.5,647.0,,False
201,INGENIERÍA DE SISTEMAS,673202,805.0,312.0,,False
201,INGENIERÍA DE SISTEMAS,693112,645.125,651.0,,False
201,INGENIERÍA DE SISTEMAS,631701,729.625,467.0,,False
201,INGENIERÍA DE SISTEMAS,659277,749.625,422.0,,False
201,INGENIERÍA DE SISTEMAS,668346,931.75,142.0,,False
201,INGENIERÍA DE SISTEMAS,659210,424.5,894.0,,False
201,INGENIERÍA DE SISTEMAS,624961,455.0,877.0,,False
201,INGENIERÍA DE SISTEMAS,662811,821.625,277.0,,False
201,INGENIERÍA DE SISTEMAS,633965,732.375,458.0,,False
201,INGENIERÍA DE SISTEMAS,622041,755.875,405.0,,False
201,INGENIERÍA DE SISTEMAS,687879,544.625,796.0,,False
201,INGENIERÍA DE SISTEMAS,681076,806.125,309.0,,False
201,INGENIERÍA DE SISTEMAS,668919,766.75,386.0,,False
201,INGENIERÍA DE SISTEMAS,653399,1168.125,22.0,,False
201,INGENIERÍA DE SISTEMAS,694452,649.125,642.0,,False
201,INGENIERÍA DE SISTEMAS,625433,833.375,262.0,,False
201,INGENIERÍA DE SISTEMAS,639844,1007.125,89.0,,False
201,INGENIERÍA DE SISTEMAS,671125,1132.125,30.0,,False
201,INGENIERÍA DE SISTEMAS,687306,1026.5,71.0,,False
201,INGENIERÍA DE SISTEMAS,663695,758.375,403.0,,False
201,INGENIERÍA DE SISTEMAS,654347,620.75,711.0,,False
201,INGENIERÍA DE SISTEMAS,660070,,,AUSENTE,True
201,INGENIERÍA DE SISTEMAS,684240,323.75,924.0,,False
201,INGENIERÍA DE SISTEMAS,692208,1003.375,91.0,,False
201,INGENIERÍA DE SISTEMAS,667490,461.375,874.0,,False
201,INGENIERÍA DE SISTEMAS,641749,521.25,823.0,,False
201,INGENIERÍA DE SISTEMAS,652421,452.625,879.0,,False
201,INGENIERÍA DE SISTEMAS,689339,1058.5,52.0,,False
201,INGENIERÍA DE SISTEMAS,660797,,,AUSENTE,True
201,INGENIERÍA DE SISTEMAS,684013,396.25,908.0,,False
201,INGENIERÍA DE SISTEMAS,680807,884.5,190.0,,False
201,INGENIERÍA DE SISTEMAS,646391,496.25,845.0,,False
201,INGENIERÍA DE SISTEMAS,695340,624.0,701.0,,False
201,INGENIERÍA DE SISTEMAS,658026,1049.375,58.0,,False
201,INGENIERÍA DE SISTEMAS,649888,895.5,181.0,,False
201,INGENIERÍA DE SISTEMAS,632542,692.5,541.0,,False
201,INGENIERÍA DE SISTEMAS,684003,1351.875,1.0,,False
201,INGENIERÍA DE SISTEMAS,636595,641.0,664.0,,False
201,INGENIERÍA DE SISTEMAS,674152,725.625,471.0,,False
201,INGENIERÍA DE SISTEMAS,649260,843.125,242.0,,False
201,INGENIERÍA DE SISTEMAS,645494,663.375,614.0,,False
201,INGENIERÍA DE SISTEMAS,659063,730.75,463.0,,False
201,INGENIERÍA DE SISTEMAS,638531,450.25,880.0,,False
201,INGENIERÍA DE SISTEMAS,698840,687.375,562.0,,False
201,INGENIERÍA DE SISTEMAS,664883,847.875,235.0,,False
201,INGENIERÍA DE SISTEMAS,645155,860.375,215.0,,False
201,INGENIERÍA DE SISTEMAS,667892,564.25,774.0,,False
201,INGENIERÍA DE SISTEMAS,675157,747.875,432.0,,False
201,INGENIERÍA DE SISTEMAS,664776,865.25,210.0,,False
201,INGENIERÍA DE SISTEMAS,661578,510.0,834.0,,False
201,INGENIERÍA DE SISTEMAS,638050,1062.5,50.0,,False
201,INGENIERÍA DE SISTEMAS,696397,751.875,411.0,,False
201,INGENIERÍA DE SISTEMAS,698721,724.25,481.0,,False
201,INGENIERÍA DE SISTEMAS,692379,813.25,293.0,,False
201,INGENIERÍA DE SISTEMAS,686407,805.375,311.0,,False
201,INGENIERÍA DE SISTEMAS,686120,963.125,122.0,,False
201,INGENIERÍA DE SISTEMAS,669628,770.75,376.0,,False
201,INGENIERÍA DE SISTEMAS,699705,1151.0,23.0,,False
201,INGENIERÍA DE SISTEMAS,694755,513.25,829.0,,False
201,INGENIERÍA DE SISTEMAS,635330,869.875,203.0,,False
201,INGENIERÍA DE SISTEMAS,687731,939.75,138.0,,False
201,INGENIERÍA DE SISTEMAS,671674,968.75,114.0,,False
201,INGENIERÍA DE SISTEMAS,649083,439.0,887.0,,False
201,INGENIERÍA DE SISTEMAS,644429,701.0,525.0,,False
201,INGENIERÍA DE SISTEMAS,638501,643.125,658.0,,False
201,INGENIERÍA DE SISTEMAS,628398,1205.125,8.0,,False
201,INGENIERÍA DE SISTEMAS,690981,636.375,677.0,,False
201,INGENIERÍA DE SISTEMAS,650017,814.125,290.0,,False
201,INGENIERÍA DE SISTEMAS,654277,591.0,749.0,,False
201,INGENIERÍA DE SISTEMAS,621574,567.625,773.0,,False
201,INGENIERÍA DE SISTEMAS,697466,495.625,847.0,,False
201,INGENIERÍA DE SISTEMAS,656906,1150.375,24.0,,False
201,INGENIERÍA DE SISTEMAS,689254,640.875,665.0,,False
201,INGENIERÍA DE SISTEMAS,687739,778.875,365.0,,False
201,INGENIERÍA DE SISTEMAS,645869,649.0,643.0,,False
201,INGENIERÍA DE SISTEMAS,655911,882.25,191.0,,False
201,INGENIERÍA DE SISTEMAS,631919,806.625,307.0,,False
201,INGENIERÍA DE SISTEMAS,657512,817.0,285.0,,False
201,INGENIERÍA DE SISTEMAS,698950,633.625,686.0,,False
201,INGENIERÍA DE SISTEMAS,641580,643.125,657.0,,False
201,INGENIERÍA DE SISTEMAS,636165,538.375,802.0,,False
201,INGENIERÍA DE SISTEMAS,641158,1129.875,31.0,,False
201,INGENIERÍA DE SISTEMAS,694170,841.125,245.0,,False
201,INGENIERÍA DE SISTEMAS,699867,783.875,361.0,,False
201,INGENIERÍA DE SISTEMAS,625162,749.625,419.0,,False
201,INGENIERÍA DE SISTEMAS,650385,377.5,916.0,,False
201,INGENIERÍA DE SISTEMAS,658995,860.5,214.0,,False
201,INGENIERÍA DE SISTEMAS,648539,803.25,316.0,,False
201,INGENIERÍA DE SISTEMAS,642612,636.375,676.0,,False
201,INGENIERÍA DE SISTEMAS,663060,474.375,866.0,,False
201,INGENIERÍA DE SISTEMAS,691016,410.75,901.0,,False
201,INGENIERÍA DE SISTEMAS,653442,636.625,675.0,,False
201,INGENIERÍA DE SISTEMAS,684051,505.25,840.0,,False
201,INGENIERÍA DE SISTEMAS,649824,812.125,297.0,,False
201,INGENIERÍA DE SISTEMAS,636350,855.25,227.0,,False
201,INGENIERÍA DE SISTEMAS,681406,555.75,783.0,,False
201,INGENIERÍA DE SISTEMAS,653453,713.25,501.0,,False
201,INGENIERÍA DE SISTEMAS,653440,504.75,841.0,,False
201,INGENIERÍA DE SISTEMAS,682586,648.0,644.0,,False
201,INGENIERÍA DE SISTEMAS,622498,856.375,223.0,,False
201,INGENIERÍA DE SISTEMAS,675856,628.0,691.0,,False
201,INGENIERÍA DE SISTEMAS,698485,1088.75,43.0,,False
201,INGENIERÍA DE SISTEMAS,634417,540.0,799.0,,False
201,INGENIERÍA DE SISTEMAS,659147,894.625,182.0,,False
201,INGENIERÍA DE SISTEMAS,675874,532.125,808.0,,False
201,INGENIERÍA DE SISTEMAS,637010,725.375,474.0,,False
201,INGENIERÍA DE SISTEMAS,677670,1150.125,25.0,,False
201,INGENIERÍA DE SISTEMAS,633489,464.625,872.0,,False
201,INGENIERÍA DE SISTEMAS,649307,791.875,343.0,,False
201,INGENIERÍA DE SISTEMAS,633488,815.25,288.0,,False
201,INGENIERÍA DE SISTEMAS,671086,680.5,579.0,,False
201,INGENIERÍA DE SISTEMAS,620146,660.875,618.0,,False
201,INGENIERÍA DE SISTEMAS,694177,564.0,776.0,,False
201,INGENIERÍA DE SISTEMAS,652852,786.0,357.0,,False
201,INGENIERÍA DE SISTEMAS,622130,777.75,367.0,,False
201,INGENIERÍA DE SISTEMAS,685679,869.5,204.0,,False
201,INGENIERÍA DE SISTEMAS,668056,660.375,619.0,,False
201,INGENIERÍA DE SISTEMAS,693986,838.125,252.0,,False
201,INGENIERÍA DE SISTEMAS,696339,901.5,170.0,,False
201,INGENIERÍA DE SISTEMAS,638207,598.625,737.0,,False
201,INGENIERÍA DE SISTEMAS,646150,725.375,473.0,,False
201,INGENIERÍA DE SISTEMAS,633129,770.75,377.0,,False
201,INGENIERÍA DE SISTEMAS,655762,903.75,166.0,,False
201,INGENIERÍA DE SISTEMAS,671456,1181.75,15.0,,False
201,INGENIERÍA DE SISTEMAS,646881,774.75,371.0,,False
201,INGENIERÍA DE SISTEMAS,627597,711.375,505.0,,False
201,INGENIERÍA DE SISTEMAS,669093,1076.375,45.0,,False
201,INGENIERÍA DE SISTEMAS,628334,1091.625,42.0,,False
201,INGENIERÍA DE SISTEMAS,676968,751.875,412.0,,False
201,INGENIERÍA DE SISTEMAS,637450,651.25,635.0,,False
201,INGENIERÍA DE SISTEMAS,639156,621.125,710.0,,False
201,INGENIERÍA DE SISTEMAS,630924,684.5,570.0,,False
201,INGENIERÍA DE SISTEMAS,686208,814.125,291.0,,False
201,INGENIERÍA DE SISTEMAS,691517,653.25,630.0,,False
201,INGENIERÍA DE SISTEMAS,627898,517.25,825.0,,False
201,INGENIERÍA DE SISTEMAS,683272,809.0,301.0,,False
201,INGENIERÍA DE SISTEMAS,689927,915.0,153.0,,False
201,INGENIERÍA DE SISTEMAS,634861,922.0,147.0,,False
201,INGENIERÍA DE SISTEMAS,687885,1003.125,92.0,,False
201,INGENIERÍA DE SISTEMAS,627838,456.625,876.0,,False
201,INGENIERÍA DE SISTEMAS,695651,979.5,108.0,,False
201,INGENIERÍA DE SISTEMAS,626933,572.5,769.0,,False
201,INGENIERÍA DE SISTEMAS,687048,838.125,250.0,,False
201,INGENIERÍA DE SISTEMAS,681881,749.625,424.0,,False
201,INGENIERÍA DE SISTEMAS,622656,804.5,314.0,,False
201,INGENIERÍA DE SISTEMAS,687165,534.125,805.0,,False
201,INGENIERÍA DE SISTEMAS,665493,905.375,165.0,,False
201,INGENIERÍA DE SISTEMAS,684751,851.25,233.0,,False
201,INGENIERÍA DE SISTEMAS,644602,859.25,217.0,,False
201,INGENIERÍA DE SISTEMAS,638410,575.375,767.0,,False
201,INGENIERÍA DE SISTEMAS,657479,795.875,333.0,,False
201,INGENIERÍA DE SISTEMAS,625834,762.75,393.0,,False
201,INGENIERÍA DE SISTEMAS,639507,855.25,225.0,,False
201,INGENIERÍA DE SISTEMAS,678048,666.75,604.0,,False
201,INGENIERÍA DE SISTEMAS,652309,700.875,526.0,,False
201,INGENIERÍA DE SISTEMAS,675901,688.75,554.0,,False
201,INGENIERÍA DE SISTEMAS,646336,657.25,623.0,,False
201,INGENIERÍA DE SISTEMAS,684468,644.5,654.0,,False
201,INGENIERÍA DE SISTEMAS,627341,626.25,694.0,,False
201,INGENIERÍA DE SISTEMAS,687682,418.125,898.0,,False
201,INGENIERÍA DE SISTEMAS,642267,909.375,162.0,,False
201,INGENIERÍA DE SISTEMAS,680415,391.875,909.0,,False
201,INGENIERÍA DE SISTEMAS,664624,740.625,443.0,,False
201,INGENIERÍA DE SISTEMAS,623248,805.375,310.0,,False
201,INGENIERÍA DE SISTEMAS,654271,652.0,634.0,,False
201,INGENIERÍA DE SISTEMAS,693317,1003.125,94.0,,False
201,INGENIERÍA DE SISTEMAS,656427,585.125,756.0,,False
201,INGENIERÍA DE SISTEMAS,655175,646.75,645.0,,False
201,INGENIERÍA DE SISTEMAS,686425,670.5,597.0,,False
201,INGENIERÍA DE SISTEMAS,642067,963.125,121.0,,False
201,INGENIERÍA DE SISTEMAS,668223,877.5,197.0,,False
201,INGENIERÍA DE SISTEMAS,676270,774.75,372.0,,False
201,INGENIERÍA DE SISTEMAS,698988,135.75,929.0,,False
201,INGENIERÍA DE SISTEMAS,685865,723.75,482.0,,False
201,INGENIERÍA DE SISTEMAS,684367,740.875,442.0,,False
201,INGENIERÍA DE SISTEMAS,663921,580.5,763.0,,False
201,INGENIERÍA DE SISTEMAS,623958,633.875,685.0,,False
201,INGENIERÍA DE SISTEMAS,662494,766.0,388.0,,False
201,INGENIERÍA DE SISTEMAS,687804,368.75,917.0,,False
201,INGENIERÍA DE SISTEMAS,642202,350.75,919.0,,False
201,INGENIERÍA DE SISTEMAS,688206,1193.0,12.0,,False
201,INGENIERÍA DE SISTEMAS,676771,911.0,160.0,,False
201,INGENIERÍA DE SISTEMAS,696764,659.5,620.0,,False
201,INGENIERÍA DE SISTEMAS,697501,730.75,464.0,,False
201,INGENIERÍA DE SISTEMAS,635723,732.625,453.0,,False
201,INGENIERÍA DE SISTEMAS,696406,1024.25,74.0,,False
201,INGENIERÍA DE SISTEMAS,633786,1171.875,21.0,,False
201,INGENIERÍA DE SISTEMAS,622554,721.0,487.0,,False
201,INGENIERÍA DE SISTEMAS,694714,914.375,157.0,,False
201,INGENIERÍA DE SISTEMAS,669984,523.75,820.0,,False
201,INGENIERÍA DE SISTEMAS,654768,745.375,434.0,,False
201,INGENIERÍA DE SISTEMAS,633503,514.25,828.0,,False
201,INGENIERÍA DE SISTEMAS,643871,880.625,193.0,,False
201,INGENIERÍA DE SISTEMAS,671035,641.125,661.0,,False
201,INGENIERÍA DE SISTEMAS,685394,671.125,595.0,,False
201,INGENIERÍA DE SISTEMAS,677379,774.625,373.0,,False
201,INGENIERÍA DE SISTEMAS,620420,806.5,308.0,,False
201,INGENIERÍA DE SISTEMAS,656382,699.25,534.0,,False
201,INGENIERÍA DE SISTEMAS,645748,657.0,624.0,,False
201,INGENIERÍA DE SISTEMAS,679810,792.375,341.0,,False
201,INGENIERÍA DE SISTEMAS,688781,333.625,922.0,,False
201,INGENIERÍA DE SISTEMAS,684754,813.0,294.0,,False
201,INGENIERÍA DE SISTEMAS,628944,724.5,479.0,,False
201,INGENIERÍA DE SISTEMAS,649555,569.875,772.0,,False
201,INGENIERÍA DE SISTEMAS,655986,646.25,648.0,,False
201,INGENIERÍA DE SISTEMAS,678862,590.25,751.0,,False
201,INGENIERÍA DE SISTEMAS,639648,699.75,531.0,,False
201,INGENIERÍA DE SISTEMAS,650769,621.375,709.0,,False
201,INGENIERÍA DE SISTEMAS,699855,749.625,420.0,,False
201,INGENIERÍA DE SISTEMAS,641768,,,AUSENTE,True
201,INGENIERÍA DE SISTEMAS,662153,1087.625,44.0,,False
201,INGENIERÍA DE SISTEMAS,653878,662.25,616.0,,False
201,INGENIERÍA DE SISTEMAS,676041,402.0,903.0,,False
201,INGENIERÍA DE SISTEMAS,678437,787.75,355.0,,False
201,INGENIERÍA DE SISTEMAS,697336,586.5,754.0,,False
201,INGENIERÍA DE SISTEMAS,624742,939.75,139.0,,False
201,INGENIERÍA DE SISTEMAS,638052,914.625,154.0,,False
201,INGENIERÍA DE SISTEMAS,686697,678.0,584.0,,False
201,INGENIERÍA DE SISTEMAS,676940,708.5,513.0,,False
201,INGENIERÍA DE SISTEMAS,624166,511.25,833.0,,False
201,INGENIERÍA DE SISTEMAS,694114,813.0,296.0,,False
201,INGENIERÍA DE SISTEMAS,689669,897.5,176.0,,False
201,INGENIERÍA DE SISTEMAS,645067,1024.25,73.0,,False
201,INGENIERÍA DE SISTEMAS,683657,763.875,392.0,,False
201,INGENIERÍA DE SISTEMAS,662726,855.25,224.0,,False
201,INGENIERÍA DE SISTEMAS,699609,710.125,511.0,,False
201,INGENIERÍA DE SISTEMAS,698492,564.0,775.0,,False
201,INGENIERÍA DE SISTEMAS,663592,1129.875,32.0,,False
201,INGENIERÍA DE SISTEMAS,673531,580.875,761.0,,False
201,INGENIERÍA DE SISTEMAS,682824,655.25,626.0,,False
201,INGENIERÍA DE SISTEMAS,640312,807.0,305.0,,False
201,INGENIERÍA DE SISTEMAS,676943,552.75,787.0,,False
201,INGENIERÍA DE SISTEMAS,655013,525.5,818.0,,False
201,INGENIERÍA DE SISTEMAS,676079,870.625,201.0,,False
201,INGENIERÍA DE SISTEMAS,636935,640.0,666.0,,False
201,INGENIERÍA DE SISTEMAS,636853,732.5,454.0,,False
201,INGENIERÍA DE SISTEMAS,632725,1012.75,85.0,,False
201,INGENIERÍA DE SISTEMAS,687447,684.25,572.0,,False
201,INGENIERÍA DE SISTEMAS,622727,665.125,612.0,,False
201,INGENIERÍA DE SISTEMAS,668257,766.75,387.0,,False
201,INGENIERÍA DE SISTEMAS,673131,769.875,380.0,,False
201,INGENIERÍA DE SISTEMAS,693065,943.125,132.0,,False
201,INGENIERÍA DE SISTEMAS,656545,538.875,800.0,,False
201,INGENIERÍA DE SISTEMAS,669716,851.75,232.0,,False
201,INGENIERÍA DE SISTEMAS,661912,636.0,678.0,,False
201,INGENIERÍA DE SISTEMAS,662177,529.0,814.0,,False
201,INGENIERÍA DE SISTEMAS,634110,711.375,504.0,,False
201,INGENIERÍA DE SISTEMAS,648333,1101.125,38.0,,False
201,INGENIERÍA DE SISTEMAS,678505,728.5,469.0,,False
201,INGENIERÍA DE SISTEMAS,664427,801.0,321.0,,False
201,INGENIERÍA DE SISTEMAS,679567,837.5,255.0,,False
201,INGENIERÍA DE SISTEMAS,639170,580.625,762.0,,False
201,INGENIERÍA DE SISTEMAS,666621,1008.25,88.0,,False
201,INGENIERÍA DE SISTEMAS,628495,644.0,655.0,,False
201,INGENIERÍA DE SISTEMAS,674013,546.0,795.0,,False
201,INGENIERÍA DE SISTEMAS,666241,723.0,483.0,,False
201,INGENIERÍA DE SISTEMAS,687132,798.125,328.0,,False
201,INGENIERÍA DE SISTEMAS,643793,725.125,477.0,,False
201,INGENIERÍA DE SISTEMAS,654184,865.375,208.0,,False
201,INGENIERÍA DE SISTEMAS,696763,758.75,401.0,,False
201,INGENIERÍA DE SISTEMAS,663528,859.25,218.0,,False
201,INGENIERÍA DE SISTEMAS,689319,1021.375,81.0,,False
201,INGENIERÍA DE SISTEMAS,675090,719.75,489.0,,False
201,INGENIERÍA DE SISTEMAS,620453,764.5,391.0,,False
201,INGENIERÍA DE SISTEMAS,655493,585.375,755.0,,False
201,INGENIERÍA DE SISTEMAS,680033,734.0,449.0,,False
201,INGENIERÍA DE SISTEMAS,654100,898.625,172.0,,False
201,INGENIERÍA DE SISTEMAS,631265,649.25,641.0,,False
201,INGENIERÍA DE SISTEMAS,662200,744.875,437.0,,False
201,INGENIERÍA DE SISTEMAS,641358,420.625,896.0,,False
201,INGENIERÍA DE SISTEMAS,620766,789.0,351.0,,False
201,INGENIERÍA DE SISTEMAS,631592,821.125,278.0,,False
201,INGENIERÍA DE SISTEMAS,631648,287.25,927.0,,False
201,INGENIERÍA DE SISTEMAS,628062,622.875,705.0,,False
201,INGENIERÍA DE SISTEMAS,675154,803.625,315.0,,False
201,INGENIERÍA DE SISTEMAS,650817,722.75,485.0,,False
201,INGENIERÍA DE SISTEMAS,689921,540.5,798.0,,False
201,INGENIERÍA DE SISTEMAS,653363,718.625,492.0,,False
201,INGENIERÍA DE SISTEMAS,620579,530.375,812.0,,False
201,INGENIERÍA DE SISTEMAS,659984,,,AUSENTE,True
201,INGENIERÍA DE SISTEMAS,668772,734.125,448.0,,False
201,INGENIERÍA DE SISTEMAS,660328,637.0,674.0,,False
201,INGENIERÍA DE SISTEMAS,688182,535.5,804.0,,False
201,INGENIERÍA DE SISTEMAS,652947,674.125,591.0,,False
201,INGENIERÍA DE SISTEMAS,657989,1000.25,96.0,,False
201,INGENIERÍA DE SISTEMAS,656214,498.125,844.0,,False
201,INGENIERÍA DE SISTEMAS,651854,690.75,548.0,,False
201,INGENIERÍA DE SISTEMAS,650358,835.25,259.0,,False
201,INGENIERÍA DE SISTEMAS,681635,1113.875,34.0,,False
201,INGENIERÍA DE SISTEMAS,695622,725.25,476.0,,False
201,INGENIERÍA DE SISTEMAS,666858,726.125,470.0,,False
201,INGENIERÍA DE SISTEMAS,699262,589.625,753.0,,False
201,INGENIERÍA DE SISTEMAS,665748,558.75,780.0,,False
201,INGENIERÍA DE SISTEMAS,673449,885.5,188.0,,False
201,INGENIERÍA DE SISTEMAS,649215,474.0,867.0,,False
201,INGENIERÍA DE SISTEMAS,698314,639.125,670.0,,False
201,INGENIERÍA DE SISTEMAS,657811,940.875,134.0,,False
201,INGENIERÍA DE SISTEMAS,650085,704.25,522.0,,False
201,INGENIERÍA DE SISTEMAS,639695,669.125,601.0,,False
201,INGENIERÍA DE SISTEMAS,678772,484.875,858.0,,False
201,INGENIERÍA DE SISTEMAS,699554,831.25,266.0,,False
201,INGENIERÍA DE SISTEMAS,675653,1044.0,63.0,,False
201,INGENIERÍA DE SISTEMAS,651587,661.125,617.0,,False
201,INGENIERÍA DE SISTEMAS,642664,666.25,607.0,,False
201,INGENIERÍA DE SISTEMAS,632359,973.875,113.0,,False
201,INGENIERÍA DE SISTEMAS,683232,675.5,588.0,,False
201,INGENIERÍA DE SISTEMAS,627671,1050.5,56.0,,False
201,INGENIERÍA DE SISTEMAS,677452,840.375,247.0,,False
201,INGENIERÍA DE SISTEMAS,653160,495.25,849.0,,False
201,INGENIERÍA DE SISTEMAS,674323,398.375,905.0,,False
201,INGENIERÍA DE SISTEMAS,690761,716.375,498.0,,False
201,INGENIERÍA DE SISTEMAS,628691,753.625,410.0,,False
201,INGENIERÍA DE SISTEMAS,654631,809.0,302.0,,False
201,INGENIERÍA DE SISTEMAS,656970,978.5,110.0,,False
201,INGENIERÍA DE SISTEMAS,697159,798.5,327.0,,False
201,INGENIERÍA DE SISTEMAS,686988,1050.5,57.0,,False
201,INGENIERÍA DE SISTEMAS,687743,720.5,488.0,,False
201,INGENIERÍA DE SISTEMAS,664017,1172.125,20.0,,False
201,INGENIERÍA DE SISTEMAS,633493,827.625,270.0,,False
201,INGENIERÍA DE SISTEMAS,674535,774.75,370.0,,False
201,INGENIERÍA DE SISTEMAS,621896,999.125,97.0,,False
201,INGENIERÍA DE SISTEMAS,676225,817.5,283.0,,False
201,INGENIERÍA DE SISTEMAS,639399,665.125,611.0,,False
201,INGENIERÍA DE SISTEMAS,684466,794.625,338.0,,False
201,INGENIERÍA DE SISTEMAS,631457,686.5,568.0,,False
201,INGENIERÍA DE SISTEMAS,658805,940.875,136.0,,False
201,INGENIERÍA DE SISTEMAS,690649,897.5,177.0,,False
201,INGENIERÍA DE SISTEMAS,646233,732.5,455.0,,False
201,INGENIERÍA DE SISTEMAS,678894,682.25,576.0,,False
201,INGENIERÍA DE SISTEMAS,657024,658.0,622.0,,False
201,INGENIERÍA DE SISTEMAS,670767,940.875,137.0,,False
201,INGENIERÍA DE SISTEMAS,687900,428.75,893.0,,False
201,INGENIERÍA DE SISTEMAS,658701,644.5,653.0,,False
201,INGENIERÍA DE SISTEMAS,653487,785.125,359.0,,False
201,INGENIERÍA DE SISTEMAS,656410,594.125,745.0,,False
201,INGENIERÍA DE SISTEMAS,694567,655.375,625.0,,False
201,INGENIERÍA DE SISTEMAS,683360,677.0,586.0,,False
201,INGENIERÍA DE SISTEMAS,690931,765.125,390.0,,False
201,INGENIERÍA DE SISTEMAS,624141,639.125,669.0,,False
201,INGENIERÍA DE SISTEMAS,670811,458.75,875.0,,False
201,INGENIERÍA DE SISTEMAS,666405,1022.25,78.0,,False
201,INGENIERÍA DE SISTEMAS,661985,596.625,741.0,,False
201,INGENIERÍA DE SISTEMAS,656186,523.0,821.0,,False
201,INGENIERÍA DE SISTEMAS,639700,613.625,723.0,,False
201,INGENIERÍA DE SISTEMAS,673574,477.75,863.0,,False
201,INGENIERÍA DE SISTEMAS,651895,766.75,385.0,,False
201,INGENIERÍA DE SISTEMAS,672460,914.625,155.0,,False
201,INGENIERÍA DE SISTEMAS,697616,823.125,274.0,,False
201,INGENIERÍA DE SISTEMAS,621792,481.75,859.0,,False
201,INGENIERÍA DE SISTEMAS,632872,816.125,287.0,,False
201,INGENIERÍA DE SISTEMAS,695089,922.625,146.0,,False
201,INGENIERÍA DE SISTEMAS,692268,421.875,895.0,,False
201,INGENIERÍA DE SISTEMAS,622317,834.125,260.0,,False
201,INGENIERÍA DE SISTEMAS,687052,582.5,759.0,,False
201,INGENIERÍA DE SISTEMAS,697176,893.25,184.0,,False
201,INGENIERÍA DE SISTEMAS,644058,762.0,396.0,,False
201,INGENIERÍA DE SISTEMAS,636340,1037.375,66.0,,False
201,INGENIERÍA DE SISTEMAS,652428,784.25,360.0,,False
201,INGENIERÍA DE SISTEMAS,634591,525.5,819.0,,False
201,INGENIERÍA DE SISTEMAS,634647,383.125,913.0,,False
201,INGENIERÍA DE SISTEMAS,667708,947.375,129.0,,False
201,INGENIERÍA DE SISTEMAS,661092,1003.125,95.0,,False
201,INGENIERÍA DE SISTEMAS,636297,707.375,517.0,,False
201,INGENIERÍA DE SISTEMAS,678845,490.125,853.0,,False
201,INGENIERÍA DE SISTEMAS,647696,653.125,632.0,,False
201,INGENIERÍA DE SISTEMAS,641640,691.875,543.0,,False
201,INGENIERÍA DE SISTEMAS,690132,1095.5,41.0,,False
201,INGENIERÍA DE SISTEMAS,679922,846.5,236.0,,False
201,INGENIERÍA DE SISTEMAS,655401,749.625,421.0,,False
201,INGENIERÍA DE SISTEMAS,630841,631.875,687.0,,False
201,INGENIERÍA DE SISTEMAS,637421,854.375,228.0,,False
201,INGENIERÍA DE SISTEMAS,671496,655.25,627.0,,False
201,INGENIERÍA DE SISTEMAS,661487,768.75,383.0,,False
201,INGENIERÍA DE SISTEMAS,637286,911.125,159.0,,False
201,INGENIERÍA DE SISTEMAS,669885,693.5,539.0,,False
201,INGENIERÍA DE SISTEMAS,692459,684.5,571.0,,False
201,INGENIERÍA DE SISTEMAS,659746,391.0,910.0,,False
201,INGENIERÍA DE SISTEMAS,646483,835.25,257.0,,False
201,INGENIERÍA DE SISTEMAS,648940,822.25,276.0,,False
201,INGENIERÍA DE SISTEMAS,676874,631.5,689.0,,False
201,INGENIERÍA DE SISTEMAS,690003,998.875,98.0,,False
201,INGENIERÍA DE SISTEMAS,682164,418.25,897.0,,False
201,INGENIERÍA DE SISTEMAS,679747,474.875,864.0,,False
201,INGENIERÍA DE SISTEMAS,668634,817.0,284.0,,False
201,INGENIERÍA DE SISTEMAS,646982,1026.5,72.0,,False
201,INGENIERÍA DE SISTEMAS,680454,624.5,699.0,,False
201,INGENIERÍA DE SISTEMAS,697788,790.125,347.0,,False
201,INGENIERÍA DE SISTEMAS,627980,867.25,205.0,,False
201,INGENIERÍA DE SISTEMAS,694470,1028.75,70.0,,False
201,INGENIERÍA DE SISTEMAS,644490,596.5,743.0,,False
201,INGENIERÍA DE SISTEMAS,626952,833.5,261.0,,False
201,INGENIERÍA DE SISTEMAS,689974,791.875,344.0,,False
201,INGENIERÍA DE SISTEMAS,689215,695.25,537.0,,False
201,INGENIERÍA DE SISTEMAS,666249,506.625,839.0,,False
201,INGENIERÍA DE SISTEMAS,659731,602.25,733.0,,False
201,INGENIERÍA DE SISTEMAS,695204,842.625,243.0,,False
201,INGENIERÍA DE SISTEMAS,654056,707.375,516.0,,False
201,INGENIERÍA DE SISTEMAS,639310,842.0,244.0,,False
201,INGENIERÍA DE SISTEMAS,622370,707.25,518.0,,False
201,INGENIERÍA DE SISTEMAS,633628,683.375,573.0,,False
201,INGENIERÍA DE SISTEMAS,635957,861.5,212.0,,False
201,INGENIERÍA DE SISTEMAS,628374,795.875,336.0,,False
201,INGENIERÍA DE SISTEMAS,699384,967.125,116.0,,False
201,INGENIERÍA DE SISTEMAS,650629,928.75,144.0,,False
201,INGENIERÍA DE SISTEMAS,659166,479.375,861.0,,False
201,INGENIERÍA DE SISTEMAS,635102,723.0,484.0,,False
201,INGENIERÍA DE SISTEMAS,650130,623.375,702.0,,False
201,INGENIERÍA DE SISTEMAS,645785,599.5,736.0,,False
201,INGENIERÍA DE SISTEMAS,624755,649.25,640.0,,False
201,INGENIERÍA DE SISTEMAS,629948,1112.125,36.0,,False
201,INGENIERÍA DE SISTEMAS,636654,605.25,730.0,,False
201,INGENIERÍA DE SISTEMAS,697463,686.25,569.0,,False
201,INGENIERÍA DE SISTEMAS,681134,1045.375,62.0,,False
201,INGENIERÍA DE SISTEMAS,651904,759.75,399.0,,False
201,INGENIERÍA DE SISTEMAS,624190,1227.375,5.0,,False
201,INGENIERÍA DE SISTEMAS,678988,495.5,848.0,,False
201,INGENIERÍA DE SISTEMAS,685639,1053.25,55.0,,False
201,INGENIERÍA DE SISTEMAS,693409,678.0,583.0,,False
201,INGENIERÍA DE SISTEMAS,665386,820.25,279.0,,False
201,INGENIERÍA DE SISTEMAS,625299,679.125,581.0,,False
201,INGENIERÍA DE SISTEMAS,674388,570.125,771.0,,False
201,INGENIERÍA DE SISTEMAS,670481,761.5,397.0,,False
201,INGENIERÍA DE SISTEMAS,630113,507.5,837.0,,False
201,INGENIERÍA DE SISTEMAS,629294,631.875,688.0,,False
201,INGENIERÍA DE SISTEMAS,635118,741.5,440.0,,False
201,INGENIERÍA DE SISTEMAS,643192,517.5,824.0,,False
201,INGENIERÍA DE SISTEMAS,644917,711.375,503.0,,False
201,INGENIERÍA DE SISTEMAS,662892,1022.125,79.0,,False
201,INGENIERÍA DE SISTEMAS,657761,838.125,253.0,,False
201,INGENIERÍA DE SISTEMAS,676314,474.625,865.0,,False
201,INGENIERÍA DE SISTEMAS,641299,1216.625,6.0,,False
201,INGENIERÍA DE SISTEMAS,670258,818.125,282.0,,False
201,INGENIERÍA DE SISTEMAS,627592,686.875,567.0,,False
201,INGENIERÍA DE SISTEMAS,667579,931.875,141.0,,False
201,INGENIERÍA DE SISTEMAS,625773,724.5,480.0,,False
201,INGENIERÍA DE SISTEMAS,652642,772.125,375.0,,False
201,INGENIERÍA DE SISTEMAS,630878,884.875,189.0,,False
201,INGENIERÍA DE SISTEMAS,622636,640.0,667.0,,False
201,INGENIERÍA DE SISTEMAS,630362,746.375,433.0,,False
201,INGENIERÍA DE SISTEMAS,676075,865.375,209.0,,False
201,INGENIERÍA DE SISTEMAS,689967,1070.875,46.0,,False
201,INGENIERÍA DE SISTEMAS,693111,555.5,784.0,,False
201,INGENIERÍA DE SISTEMAS,681503,792.375,342.0,,False
201,INGENIERÍA DE SISTEMAS,652552,795.875,334.0,,False
201,INGENIERÍA DE SISTEMAS,675868,718.875,491.0,,False
201,INGENIERÍA DE SISTEMAS,680822,613.0,724.0,,False
201,INGENIERÍA DE SISTEMAS,696663,795.875,335.0,,False
201,INGENIERÍA DE SISTEMAS,681294,730.75,465.0,,False
201,INGENIERÍA DE SISTEMAS,621268,896.0,180.0,,False
201,INGENIERÍA DE SISTEMAS,621849,691.625,545.0,,False
201,INGENIERÍA DE SISTEMAS,653103,778.875,364.0,,False
201,INGENIERÍA DE SISTEMAS,692144,769.25,381.0,,False
201,INGENIERÍA DE SISTEMAS,626565,397.0,906.0,,False
201,INGENIERÍA DE SISTEMAS,647611,1321.125,2.0,,False
201,INGENIERÍA DE SISTEMAS,662024,830.125,268.0,,False
201,INGENIERÍA DE SISTEMAS,674174,785.75,358.0,,False
201,INGENIERÍA DE SISTEMAS,664495,734.125,447.0,,False
201,INGENIERÍA DE SISTEMAS,622228,947.375,128.0,,False
201,INGENIERÍA DE SISTEMAS,698597,666.25,608.0,,False
201,INGENIERÍA DE SISTEMAS,680897,858.875,221.0,,False
201,INGENIERÍA DE SISTEMAS,674749,436.5,888.0,,False
201,INGENIERÍA DE SISTEMAS,684899,638.75,671.0,,False
201,INGENIERÍA DE SISTEMAS,626847,824.0,272.0,,False
201,INGENIERÍA DE SISTEMAS,675419,840.875,246.0,,False
201,INGENIERÍA DE SISTEMAS,620021,1214.375,7.0,,False
201,INGENIERÍA DE SISTEMAS,681559,914.0,158.0,,False
201,INGENIERÍA DE SISTEMAS,676634,515.5,827.0,,False
201,INGENIERÍA DE SISTEMAS,660907,688.5,556.0,,False
201,INGENIERÍA DE SISTEMAS,633980,595.5,744.0,,False
201,INGENIERÍA DE SISTEMAS,649684,710.75,506.0,,False
201,INGENIERÍA DE SISTEMAS,640552,1148.0,26.0,,False
201,INGENIERÍA DE SISTEMAS,657506,634.0,683.0,,False
201,INGENIERÍA DE SISTEMAS,661163,530.5,811.0,,False
201,INGENIERÍA DE SISTEMAS,676699,1054.375,54.0,,False
201,INGENIERÍA DE SISTEMAS,627198,777.5,368.0,,False
201,INGENIERÍA DE SISTEMAS,630797,833.25,263.0,,False
201,INGENIERÍA DE SISTEMAS,697194,750.5,417.0,,False
201,INGENIERÍA DE SISTEMAS,639854,558.875,779.0,,False
201,INGENIERÍA DE SISTEMAS,693157,887.375,186.0,,False
201,INGENIERÍA DE SISTEMAS,681024,,,AUSENTE,True
201,INGENIERÍA DE SISTEMAS,646991,1104.75,37.0,,False
201,INGENIERÍA DE SISTEMAS,621486,618.875,714.0,,False
201,INGENIERÍA DE SISTEMAS,674784,654.625,629.0,,False
201,INGENIERÍA DE SISTEMAS,694819,688.25,558.0,,False
201,INGENIERÍA DE SISTEMAS,639323,626.375,693.0,,False
201,INGENIERÍA DE SISTEMAS,643823,820.0,280.0,,False
201,INGENIERÍA DE SISTEMAS,691476,1060.0,51.0,,False
201,INGENIERÍA DE SISTEMAS,654638,986.0,104.0,,False
201,INGENIERÍA DE SISTEMAS,692329,710.75,508.0,,False
201,INGENIERÍA DE SISTEMAS,688379,478.25,862.0,,False
201,INGENIERÍA DE SISTEMAS,644345,811.875,298.0,,False
201,INGENIERÍA DE SISTEMAS,643112,832.375,265.0,,False
201,INGENIERÍA DE SISTEMAS,684623,749.875,418.0,,False
201,INGENIERÍA DE SISTEMAS,698213,700.25,528.0,,False
201,INGENIERÍA DE SISTEMAS,634825,,,AUSENTE,True
201,INGENIERÍA DE SISTEMAS,670345,699.5,532.0,,False
201,INGENIERÍA DE SISTEMAS,645257,675.5,589.0,,False
201,INGENIERÍA DE SISTEMAS,668790,627.875,692.0,,False
201,INGENIERÍA DE SISTEMAS,624277,604.75,731.0,,False
201,INGENIERÍA DE SISTEMAS,680292,859.125,220.0,,False
201,INGENIERÍA DE SISTEMAS,675924,979.125,109.0,,False
201,INGENIERÍA DE SISTEMAS,635865,598.25,738.0,,False
201,INGENIERÍA DE SISTEMAS,682497,778.625,366.0,,False
201,INGENIERÍA DE SISTEMAS,662464,748.25,430.0,,False
201,INGENIERÍA DE SISTEMAS,634746,794.875,337.0,,False
201,INGENIERÍA DE SISTEMAS,652128,787.875,354.0,,False
201,INGENIERÍA DE SISTEMAS,635256,354.125,918.0,,False
201,INGENIERÍA DE SISTEMAS,650652,650.375,638.0,,False
201,INGENIERÍA DE SISTEMAS,684059,993.5,100.0,,False
201,INGENIERÍA DE SISTEMAS,649880,755.625,407.0,,False
201,INGENIERÍA DE SISTEMAS,682110,712.5,502.0,,False
201,INGENIERÍA DE SISTEMAS,657541,742.25,439.0,,False
201,INGENIERÍA DE SISTEMAS,683778,797.375,330.0,,False
201,INGENIERÍA DE SISTEMAS,658169,795.875,332.0,,False
201,INGENIERÍA DE SISTEMAS,636229,1200.625,9.0,,False
201,INGENIERÍA DE SISTEMAS,661673,620.0,713.0,,False
201,INGENIERÍA DE SISTEMAS,659806,560.875,778.0,,False
201,INGENIERÍA DE SISTEMAS,691029,779.5,363.0,,False
201,INGENIERÍA DE SISTEMAS,647815,492.375,852.0,,False
201,INGENIERÍA DE SISTEMAS,677383,535.625,803.0,,False
201,INGENIERÍA DE SISTEMAS,629385,1005.125,90.0,,False
201,INGENIERÍA DE SISTEMAS,658073,513.0,831.0,,False
201,INGENIERÍA DE SISTEMAS,646439,486.375,856.0,,False
201,INGENIERÍA DE SISTEMAS,656846,793.875,339.0,,False
201,INGENIERÍA DE SISTEMAS,626918,750.75,415.0,,False
201,INGENIERÍA DE SISTEMAS,635935,614.875,721.0,,False
201,INGENIERÍA DE SISTEMAS,686555,531.75,809.0,,False
201,INGENIERÍA DE SISTEMAS,691681,716.5,494.0,,False
201,INGENIERÍA DE SISTEMAS,631266,756.625,404.0,,False
201,INGENIERÍA DE SISTEMAS,648125,898.375,174.0,,False
201,INGENIERÍA DE SISTEMAS,629907,666.5,606.0,,False
201,INGENIERÍA DE SISTEMAS,667447,740.0,444.0,,False
201,INGENIERÍA DE SISTEMAS,640089,691.25,547.0,,False
201,INGENIERÍA DE SISTEMAS,691636,469.25,870.0,,False
201,INGENIERÍA DE SISTEMAS,649187,822.625,275.0,,False
201,INGENIERÍA DE SISTEMAS,669308,653.25,631.0,,False
201,INGENIERÍA DE SISTEMAS,674425,624.5,698.0,,False
201,INGENIERÍA DE SISTEMAS,651416,877.5,196.0,,False
201,INGENIERÍA DE SISTEMAS,693351,676.375,587.0,,False
201,INGENIERÍA DE SISTEMAS,695636,634.0,684.0,,False
201,INGENIERÍA DE SISTEMAS,686414,620.0,712.0,,False
201,INGENIERÍA DE SISTEMAS,626913,503.75,842.0,,False
201,INGENIERÍA DE SISTEMAS,646118,1144.5,27.0,,False
201,INGENIERÍA DE SISTEMAS,692054,964.875,119.0,,False
201,INGENIERÍA DE SISTEMAS,641102,831.0,267.0,,False
201,INGENIERÍA DE SISTEMAS,678876,1041.125,64.0,,False
201,INGENIERÍA DE SISTEMAS,671381,733.25,451.0,,False
201,INGENIERÍA DE SISTEMAS,634685,680.375,580.0,,False
201,INGENIERÍA DE SISTEMAS,677607,765.375,389.0,,False
201,INGENIERÍA DE SISTEMAS,673121,1008.75,87.0,,False
201,INGENIERÍA DE SISTEMAS,634681,803.0,318.0,,False
201,INGENIERÍA DE SISTEMAS,635794,670.875,596.0,,False
201,INGENIERÍA DE SISTEMAS,655098,638.625,672.0,,False
201,INGENIERÍA DE SISTEMAS,678491,768.75,384.0,,False
201,INGENIERÍA DE SISTEMAS,663973,492.375,851.0,,False
201,INGENIERÍA DE SISTEMAS,680689,747.875,431.0,,False
201,INGENIERÍA DE SISTEMAS,688086,706.75,519.0,,False
201,INGENIERÍA DE SISTEMAS,637809,556.75,782.0,,False
201,INGENIERÍA DE SISTEMAS,669965,521.375,822.0,,False
201,INGENIERÍA DE SISTEMAS,636808,936.875,140.0,,False
201,INGENIERÍA DE SISTEMAS,621520,1118.875,33.0,,False
201,INGENIERÍA DE SISTEMAS,666899,343.625,921.0,,False
201,INGENIERÍA DE SISTEMAS,647003,665.375,609.0,,False
201,INGENIERÍA DE SISTEMAS,651168,396.75,907.0,,False
201,INGENIERÍA DE SISTEMAS,630102,644.0,656.0,,False
201,INGENIERÍA DE SISTEMAS,682426,818.5,281.0,,False
201,INGENIERÍA DE SISTEMAS,651571,487.875,854.0,,False
201,INGENIERÍA DE SISTEMAS,666854,677.5,585.0,,False
201,INGENIERÍA DE SISTEMAS,674941,549.125,790.0,,False
201,INGENIERÍA DE SISTEMAS,631114,641.125,663.0,,False
201,INGENIERÍA DE SISTEMAS,633058,597.75,739.0,,False
201,INGENIERÍA DE SISTEMAS,698673,691.375,546.0,,False
201,INGENIERÍA DE SISTEMAS,677809,328.25,923.0,,False
201,INGENIERÍA DE SISTEMAS,669066,961.625,123.0,,False
201,INGENIERÍA DE SISTEMAS,657814,1014.375,84.0,,False
201,INGENIERÍA DE SISTEMAS,665827,928.25,145.0,,False
201,INGENIERÍA DE SISTEMAS,678938,493.25,850.0,,False
201,INGENIERÍA DE SISTEMAS,681767,584.625,757.0,,False
201,INGENIERÍA DE SISTEMAS,677992,1047.625,60.0,,False
201,INGENIERÍA DE SISTEMAS,694344,597.625,740.0,,False
201,INGENIERÍA DE SISTEMAS,685251,440.5,886.0,,False
201,INGENIERÍA DE SISTEMAS,657047,903.75,167.0,,False
201,INGENIERÍA DE SISTEMAS,686603,653.125,633.0,,False
201,INGENIERÍA DE SISTEMAS,657726,876.375,200.0,,False
201,INGENIERÍA DE SISTEMAS,623029,1054.875,53.0,,False
201,INGENIERÍA DE SISTEMAS,646198,1173.25,19.0,,False
201,INGENIERÍA DE SISTEMAS,623826,987.125,103.0,,False
201,INGENIERÍA DE SISTEMAS,638233,876.375,199.0,,False
201,INGENIERÍA DE SISTEMAS,643842,811.625,299.0,,False
201,INGENIERÍA DE SISTEMAS,628170,389.875,911.0,,False
201,INGENIERÍA DE SISTEMAS,676149,692.375,542.0,,False
201,INGENIERÍA DE SISTEMAS,691671,787.625,356.0,,False
201,INGENIERÍA DE SISTEMAS,649128,761.5,398.0,,False
201,INGENIERÍA DE SISTEMAS,634707,705.125,520.0,,False
201,INGENIERÍA DE SISTEMAS,679013,512.375,832.0,,False
201,INGENIERÍA DE SISTEMAS,680200,799.125,325.0,,False
201,INGENIERÍA DE SISTEMAS,622976,690.25,550.0,,False
201,INGENIERÍA DE SISTEMAS,684582,579.25,764.0,,False
201,INGENIERÍA DE SISTEMAS,668505,590.125,752.0,,False
201,INGENIERÍA DE SISTEMAS,661573,517.125,826.0,,False
201,INGENIERÍA DE SISTEMAS,628775,921.75,148.0,,False
201,INGENIERÍA DE SISTEMAS,699750,639.5,668.0,,False
201,INGENIERÍA DE SISTEMAS,629599,725.625,472.0,,False
201,INGENIERÍA DE SISTEMAS,643874,780.0,362.0,,False
201,INGENIERÍA DE SISTEMAS,647253,840.0,248.0,,False
201,INGENIERÍA DE SISTEMAS,699383,486.875,855.0,,False
201,INGENIERÍA DE SISTEMAS,625243,635.5,679.0,,False
201,INGENIERÍA DE SISTEMAS,667599,432.0,890.0,,False
201,INGENIERÍA DE SISTEMAS,674501,641.125,662.0,,False
201,INGENIERÍA DE SISTEMAS,699015,889.375,185.0,,False
201,INGENIERÍA DE SISTEMAS,682249,1185.125,14.0,,False
201,INGENIERÍA DE SISTEMAS,645306,429.625,892.0,,False
201,INGENIERÍA DE SISTEMAS,627021,448.125,883.0,,False
201,INGENIERÍA DE SISTEMAS,636488,290.5,926.0,,False
201,INGENIERÍA DE SISTEMAS,682460,919.75,149.0,,False
201,INGENIERÍA DE SISTEMAS,645884,716.5,496.0,,False
201,INGENIERÍA DE SISTEMAS,623832,960.625,125.0,,False
201,INGENIERÍA DE SISTEMAS,690663,749.625,426.0,,False
201,INGENIERÍA DE SISTEMAS,648407,725.125,478.0,,False
201,INGENIERÍA DE SISTEMAS,687798,592.0,748.0,,False
201,INGENIERÍA DE SISTEMAS,692734,1066.5,49.0,,False
201,INGENIERÍA DE SISTEMAS,653687,880.375,194.0,,False
201,INGENIERÍA DE SISTEMAS,631297,797.0,331.0,,False
201,INGENIERÍA DE SISTEMAS,675691,1070.5,47.0,,False
201,INGENIERÍA DE SISTEMAS,684517,502.375,843.0,,False
201,INGENIERÍA DE SISTEMAS,699574,678.25,582.0,,False
201,INGENIERÍA DE SISTEMAS,660281,650.125,639.0,,False
201,INGENIERÍA DE SISTEMAS,685758,897.75,175.0,,False
201,INGENIERÍA DE SISTEMAS,662057,769.0,382.0,,False
201,INGENIERÍA DE SISTEMAS,638474,445.25,885.0,,False
201,INGENIERÍA DE SISTEMAS,668090,710.75,509.0,,False
201,INGENIERÍA DE SISTEMAS,696422,616.0,717.0,,False
201,INGENIERÍA DE SISTEMAS,685566,707.375,515.0,,False
201,INGENIERÍA DE SISTEMAS,673025,507.875,836.0,,False
201,INGENIERÍA DE SISTEMAS,654371,667.125,603.0,,False
201,INGENIERÍA DE SISTEMAS,654164,762.5,395.0,,False
201,INGENIERÍA DE SISTEMAS,663076,,,AUSENTE,True
201,INGENIERÍA DE SISTEMAS,635582,901.5,169.0,,False
201,INGENIERÍA DE SISTEMAS,628447,813.0,295.0,,False
201,INGENIERÍA DE SISTEMAS,631852,675.375,590.0,,False
201,INGENIERÍA DE SISTEMAS,655180,528.875,815.0,,False
201,INGENIERÍA DE SISTEMAS,657139,554.875,786.0,,False
201,INGENIERÍA DE SISTEMAS,689260,673.5,592.0,,False
201,INGENIERÍA DE SISTEMAS,673396,637.75,673.0,,False
201,INGENIERÍA DE SISTEMAS,693099,810.375,300.0,,False
201,INGENIERÍA DE SISTEMAS,679866,1029.0,69.0,,False
201,INGENIERÍA DE SISTEMAS,655838,966.0,118.0,,False
201,INGENIERÍA DE SISTEMAS,636089,593.75,746.0,,False
201,INGENIERÍA DE SISTEMAS,626763,1193.25,11.0,,False
201,INGENIERÍA DE SISTEMAS,696789,1185.125,13.0,,False
201,INGENIERÍA DE SISTEMAS,642138,734.25,446.0,,False
201,INGENIERÍA DE SISTEMAS,676761,530.375,813.0,,False
201,INGENIERÍA DE SISTEMAS,684398,866.25,206.0,,False
201,INGENIERÍA DE SISTEMAS,695181,755.75,406.0,,False
201,INGENIERÍA DE SISTEMAS,628862,876.375,198.0,,False
201,INGENIERÍA DE SISTEMAS,679722,806.875,306.0,,False
201,INGENIERÍA DE SISTEMAS,676779,800.875,322.0,,False
201,INGENIERÍA DE SISTEMAS,651208,770.375,379.0,,False
201,INGENIERÍA DE SISTEMAS,632702,855.25,226.0,,False
201,INGENIERÍA DE SISTEMAS,669975,102.0,930.0,,False
201,INGENIERÍA DE SISTEMAS,678629,670.5,598.0,,False
201,INGENIERÍA DE SISTEMAS,681448,853.875,231.0,,False
201,INGENIERÍA DE SISTEMAS,647494,622.875,704.0,,False
201,INGENIERÍA DE SISTEMAS,636743,857.125,222.0,,False
201,INGENIERÍA DE SISTEMAS,625624,323.625,925.0,,False
201,INGENIERÍA DE SISTEMAS,627566,349.75,920.0,,False
201,INGENIERÍA DE SISTEMAS,695938,673.25,593.0,,False
201,INGENIERÍA DE SISTEMAS,690110,690.25,549.0,,False
201,INGENIERÍA DE SISTEMAS,634782,449.5,881.0,,False
201,INGENIERÍA DE SISTEMAS,636183,468.125,871.0,,False
201,INGENIERÍA DE SISTEMAS,624408,614.875,720.0,,False
201,INGENIERÍA DE SISTEMAS,691710,748.75,428.0,,False
201,INGENIERÍA DE SISTEMAS,682212,687.25,563.0,,False
201,INGENIERÍA DE SISTEMAS,671520,1011.5,86.0,,False
201,INGENIERÍA DE SISTEMAS,648926,646.5,646.0,,False
201,INGENIERÍA DE SISTEMAS,659040,687.125,564.0,,False
201,INGENIERÍA DE SISTEMAS,633789,990.5,102.0,,False
201,INGENIERÍA DE SISTEMAS,656889,859.25,219.0,,False
201,INGENIERÍA DE SISTEMAS,622299,645.375,650.0,,False
201,INGENIERÍA DE SISTEMAS,666099,590.875,750.0,,False
201,INGENIERÍA DE SISTEMAS,636382,689.75,552.0,,False
201,INGENIERÍA DE SISTEMAS,636667,666.5,605.0,,False
201,INGENIERÍA DE SISTEMAS,683219,870.5,202.0,,False
201,INGENIERÍA DE SISTEMAS,662363,615.25,719.0,,False
201,INGENIERÍA DE SISTEMAS,636242,672.25,594.0,,False
201,INGENIERÍA DE SISTEMAS,654576,866.0,207.0,,False
201,INGENIERÍA DE SISTEMAS,655117,993.25,101.0,,False
201,INGENIERÍA DE SISTEMAS,665471,750.75,414.0,,False
201,INGENIERÍA DE SISTEMAS,642099,789.875,348.0,,False
201,INGENIERÍA DE SISTEMAS,636774,531.25,810.0,,False
201,INGENIERÍA DE SISTEMAS,663015,952.875,126.0,,False
201,INGENIERÍA DE SISTEMAS,649369,835.5,256.0,,False
201,INGENIERÍA DE SISTEMAS,646231,670.25,599.0,,False
201,INGENIERÍA DE SISTEMAS,657340,732.5,456.0,,False
201,INGENIERÍA DE SISTEMAS,654904,798.625,326.0,,False
201,INGENIERÍA DE SISTEMAS,651461,741.375,441.0,,False
201,INGENIERÍA DE SISTEMAS,631571,1047.625,61.0,,False
201,INGENIERÍA DE SISTEMAS,680285,547.125,793.0,,False
201,INGENIERÍA DE SISTEMAS,625049,506.75,838.0,,False
201,INGENIERÍA DE SISTEMAS,626031,725.375,475.0,,False
201,INGENIERÍA DE SISTEMAS,649773,622.5,708.0,,False
201,INGENIERÍA DE SISTEMAS,656856,898.375,173.0,,False
201,INGENIERÍA DE SISTEMAS,676463,743.75,438.0,,False
201,INGENIERÍA DE SISTEMAS,627902,789.0,352.0,,False
201,INGENIERÍA DE SISTEMAS,689467,688.125,560.0,,False
201,INGENIERÍA DE SISTEMAS,678045,555.5,785.0,,False
201,INGENIERÍA DE SISTEMAS,622588,617.625,715.0,,False
201,INGENIERÍA DE SISTEMAS,665091,728.5,468.0,,False
201,INGENIERÍA DE SISTEMAS,626894,731.875,459.0,,False
201,INGENIERÍA DE SISTEMAS,637038,552.625,788.0,,False
201,INGENIERÍA DE SISTEMAS,645396,641.75,659.0,,False
201,INGENIERÍA DE SISTEMAS,651262,943.75,131.0,,False
201,INGENIERÍA DE SISTEMAS,690113,798.0,329.0,,False
201,INGENIERÍA DE SISTEMAS,622672,668.5,602.0,,False
201,INGENIERÍA DE SISTEMAS,686740,801.125,320.0,,False
201,INGENIERÍA DE SISTEMAS,698065,758.75,402.0,,False
201,INGENIERÍA DE SISTEMAS,641439,799.25,323.0,,False
201,INGENIERÍA DE SISTEMAS,699284,700.625,527.0,,False
201,INGENIERÍA DE SISTEMAS,647728,562.25,777.0,,False
201,INGENIERÍA DE SISTEMAS,654074,1096.375,40.0,,False
201,INGENIERÍA DE SISTEMAS,691825,745.0,436.0,,False
201,INGENIERÍA DE SISTEMAS,663991,526.625,816.0,,False
201,INGENIERÍA DE SISTEMAS,621537,694.0,538.0,,False
201,INGENIERÍA DE SISTEMAS,640038,479.5,860.0,,False
201,INGENIERÍA DE SISTEMAS,681023,583.375,758.0,,False
201,INGENIERÍA DE SISTEMAS,672751,691.75,544.0,,False
201,INGENIERÍA DE SISTEMAS,680150,749.625,423.0,,False
201,INGENIERÍA DE SISTEMAS,650425,1016.25,82.0,,False
201,INGENIERÍA DE SISTEMAS,620683,844.375,239.0,,False
201,INGENIERÍA DE SISTEMAS,628378,448.375,882.0,,False
201,INGENIERÍA DE SISTEMAS,685858,,,AUSENTE,True
201,INGENIERÍA DE SISTEMAS,690947,704.5,521.0,,False
201,INGENIERÍA DE SISTEMAS,629044,669.25,600.0,,False
201,INGENIERÍA DE SISTEMAS,620121,549.625,789.0,,False
201,INGENIERÍA DE SISTEMAS,631031,978.0,111.0,,False
201,INGENIERÍA DE SISTEMAS,651760,609.0,725.0,,False
201,INGENIERÍA DE SISTEMAS,686439,1068.75,48.0,,False
201,INGENIERÍA DE SISTEMAS,663484,1176.125,17.0,,False
201,INGENIERÍA DE SISTEMAS,677211,432.75,889.0,,False
201,INGENIERÍA DE SISTEMAS,696194,582.125,760.0,,False
201,INGENIERÍA DE SISTEMAS,636019,1032.125,68.0,,False
201,INGENIERÍA DE SISTEMAS,693255,634.375,681.0,,False
201,INGENIERÍA DE SISTEMAS,644120,994.875,99.0,,False
201,INGENIERÍA DE SISTEMAS,623708,447.0,884.0,,False
201,INGENIERÍA DE SISTEMAS,644110,575.5,766.0,,False
201,INGENIERÍA DE SISTEMAS,635326,915.75,152.0,,False
201,INGENIERÍA DE SISTEMAS,688288,1135.0,28.0,,False
201,INGENIERÍA DE SISTEMAS,695595,791.875,345.0,,False
201,INGENIERÍA DE SISTEMAS,645486,1024.25,75.0,,False
201,INGENIERÍA DE SISTEMAS,687511,1003.125,93.0,,False
201,INGENIERÍA DE SISTEMAS,637672,901.5,168.0,,False
201,INGENIERÍA DE SISTEMAS,625706,614.875,722.0,,False
201,INGENIERÍA DE SISTEMAS,643293,879.75,195.0,,False
201,INGENIERÍA DE SISTEMAS,642774,960.875,124.0,,False
201,INGENIERÍA DE SISTEMAS,652855,916.625,151.0,,False
201,INGENIERÍA DE SISTEMAS,628462,548.5,791.0,,False
201,INGENIERÍA DE SISTEMAS,690124,624.875,697.0,,False
201,INGENIERÍA DE SISTEMAS,695715,716.5,497.0,,False
201,INGENIERÍA DE SISTEMAS,636851,615.5,718.0,,False
201,INGENIERÍA DE SISTEMAS,656040,377.5,915.0,,False
201,INGENIERÍA DE SISTEMAS,628361,952.875,127.0,,False
201,INGENIERÍA DE SISTEMAS,636266,1015.0,83.0,,False
201,INGENIERÍA DE SISTEMAS,650713,791.0,346.0,,False
201,INGENIERÍA DE SISTEMAS,693548,854.125,229.0,,False
201,INGENIERÍA DE SISTEMAS,689770,622.875,703.0,,False
201,INGENIERÍA DE SISTEMAS,696057,732.5,457.0,,False
201,INGENIERÍA DE SISTEMAS,630242,,,AUSENTE,True
201,INGENIERÍA DE SISTEMAS,696065,557.75,781.0,,False
201,INGENIERÍA DE SISTEMAS,693461,722.75,486.0,,False
201,INGENIERÍA DE SISTEMAS,627886,896.875,179.0,,False
201,INGENIERÍA DE SISTEMAS,647935,682.25,575.0,,False
201,INGENIERÍA DE SISTEMAS,646065,909.625,161.0,,False
201,INGENIERÍA DE SISTEMAS,658048,985.375,105.0,,False
201,INGENIERÍA DE SISTEMAS,696697,862.625,211.0,,False
201,INGENIERÍA DE SISTEMAS,663550,624.25,700.0,,False
201,INGENIERÍA DE SISTEMAS,639368,838.625,249.0,,False
201,INGENIERÍA DE SISTEMAS,695137,508.875,835.0,,False
201,INGENIERÍA DE SISTEMAS,645951,687.0,566.0,,False
201,INGENIERÍA DE SISTEMAS,678753,697.375,536.0,,False
201,INGENIERÍA DE SISTEMAS,625951,662.25,615.0,,False
201,INGENIERÍA DE SISTEMAS,694873,547.625,792.0,,False
201,INGENIERÍA DE SISTEMAS,658698,,,AUSENTE,True
201,INGENIERÍA DE SISTEMAS,669233,,,AUSENTE,True
201,INGENIERÍA DE SISTEMAS,644494,748.375,429.0,,False
201,INGENIERÍA DE SISTEMAS,644302,751.25,413.0,,False
201,INGENIERÍA DE SISTEMAS,686134,750.75,416.0,,False
201,INGENIERÍA DE SISTEMAS,636343,576.625,765.0,,False
201,INGENIERÍA DE SISTEMAS,698246,1304.25,3.0,,False
201,INGENIERÍA DE SISTEMAS,656632,793.0,340.0,,False
201,INGENIERÍA DE SISTEMAS,651124,816.375,286.0,,False
201,INGENIERÍA DE SISTEMAS,665706,758.75,400.0,,False
201,INGENIERÍA DE SISTEMAS,674920,709.375,512.0,,False
201,INGENIERÍA DE SISTEMAS,629567,1040.0,65.0,,False
201,INGENIERÍA DE SISTEMAS,623064,599.625,735.0,,False
201,INGENIERÍA DE SISTEMAS,634167,945.375,130.0,,False
201,INGENIERÍA DE SISTEMAS,630931,606.25,729.0,,False
201,INGENIERÍA DE SISTEMAS,699661,710.375,510.0,,False
201,INGENIERÍA DE SISTEMAS,645340,495.75,846.0,,False
201,INGENIERÍA DE SISTEMAS,676205,628.5,690.0,,False
201,INGENIERÍA DE SISTEMAS,678707,942.0,133.0,,False
201,INGENIERÍA DE SISTEMAS,678442,753.875,409.0,,False
201,INGENIERÍA DE SISTEMAS,681641,730.5,466.0,,False
201,INGENIERÍA DE SISTEMAS,685078,602.875,732.0,,False
201,INGENIERÍA DE SISTEMAS,628072,472.875,868.0,,False
201,INGENIERÍA DE SISTEMAS,637411,546.5,794.0,,False
201,INGENIERÍA DE SISTEMAS,671697,688.75,555.0,,False
201,INGENIERÍA DE SISTEMAS,657537,749.625,425.0,,False
201,INGENIERÍA DE SISTEMAS,678196,845.875,237.0,,False
201,INGENIERÍA DE SISTEMAS,636433,716.375,500.0,,False
201,INGENIERÍA DE SISTEMAS,682632,1024.25,76.0,,False
201,INGENIERÍA DE SISTEMAS,687334,655.0,628.0,,False
201,INGENIERÍA DE SISTEMAS,697081,975.875,112.0,,False
201,INGENIERÍA DE SISTEMAS,638103,813.5,292.0,,False
201,INGENIERÍA DE SISTEMAS,627991,716.5,495.0,,False
201,INGENIERÍA DE SISTEMAS,665714,700.25,530.0,,False
201,INGENIERÍA DE SISTEMAS,655788,803.0,317.0,,False
201,INGENIERÍA DE SISTEMAS,652616,699.375,533.0,,False
201,INGENIERÍA DE SISTEMAS,674195,625.625,695.0,,False
201,INGENIERÍA DE SISTEMAS,657837,838.125,251.0,,False
201,INGENIERÍA DE SISTEMAS,659838,532.5,807.0,,False
201,INGENIERÍA DE SISTEMAS,698949,733.125,452.0,,False
201,INGENIERÍA DE SISTEMAS,667724,823.625,273.0,,False
201,INGENIERÍA DE SISTEMAS,627534,900.875,171.0,,False
201,INGENIERÍA DE SISTEMAS,652391,930.0,143.0,,False
201,INGENIERÍA DE SISTEMAS,677691,606.625,728.0,,False
201,INGENIERÍA DE SISTEMAS,630696,693.0,540.0,,False
201,INGENIERÍA DE SISTEMAS,657474,571.125,770.0,,False
201,INGENIERÍA DE SISTEMAS,629970,688.125,559.0,,False
201,INGENIERÍA DE SISTEMAS,657642,525.875,817.0,,False
201,INGENIERÍA DE SISTEMAS,631504,681.625,577.0,,False
201,INGENIERÍA DE SISTEMAS,699649,380.375,914.0,,False
201,INGENIERÍA DE SISTEMAS,681425,745.375,435.0,,False
201,INGENIERÍA DE SISTEMAS,644714,731.625,460.0,,False
201,INGENIERÍA DE SISTEMAS,678708,716.375,499.0,,False
201,INGENIERÍA DE SISTEMAS,661740,1048.75,59.0,,False
201,INGENIERÍA DE SISTEMAS,664515,814.875,289.0,,False
201,INGENIERÍA DE SISTEMAS,673764,880.875,192.0,,False
201,INGENIERÍA DE SISTEMAS,686482,1035.5,67.0,,False
201,INGENIERÍA DE SISTEMAS,625074,606.875,727.0,,False
201,INGENIERÍA DE SISTEMAS,641376,1174.375,18.0,,False
201,INGENIERÍA DE SISTEMAS,627365,749.0,427.0,,False
201,INGENIERÍA DE SISTEMAS,629353,1236.875,4.0,,False
201,INGENIERÍA DE SISTEMAS,636141,968.75,115.0,,False
201,INGENIERÍA DE SISTEMAS,692942,651.0,636.0,,False
201,INGENIERÍA DE SISTEMAS,654444,832.375,264.0,,False
201,INGENIERÍA DE SISTEMAS,687295,687.125,565.0,,False
201,INGENIERÍA DE SISTEMAS,671767,789.875,349.0,,False
201,INGENIERÍA DE SISTEMAS,623909,908.25,163.0,,False
201,INGENIERÍA DE SISTEMAS,644119,774.75,369.0,,False
201,INGENIERÍA DE SISTEMAS,687075,701.5,524.0,,False
201,INGENIERÍA DE SISTEMAS,684136,716.875,493.0,,False
201,INGENIERÍA DE SISTEMAS,665512,688.25,557.0,,False
201,INGENIERÍA DE SISTEMAS,661359,411.125,900.0,,False
201,INGENIERÍA DE SISTEMAS,625483,854.0,230.0,,False
201,INGENIERÍA DE SISTEMAS,673703,1112.875,35.0,,False
201,INGENIERÍA DE SISTEMAS,696102,983.25,106.0,,False
201,INGENIERÍA DE SISTEMAS,682102,538.375,801.0,,False
201,INGENIERÍA DE SISTEMAS,633846,454.875,878.0,,False
201,INGENIERÍA DE SISTEMAS,638908,384.875,912.0,,False
201,INGENIERÍA DE SISTEMAS,644357,733.625,450.0,,False
201,INGENIERÍA DE SISTEMAS,679036,687.875,561.0,,False
201,INGENIERÍA DE SISTEMAS,692544,730.75,462.0,,False
201,INGENIERÍA DE SISTEMAS,620897,967.125,117.0,,False
201,INGENIERÍA DE SISTEMAS,620768,634.625,680.0,,False
201,INGENIERÍA DE SISTEMAS,643683,646.0,649.0,,False
201,INGENIERÍA DE SISTEMAS,622793,710.75,507.0,,False
201,INGENIERÍA DE SISTEMAS,674772,1197.25,10.0,,False
201,INGENIERÍA DE SISTEMAS,654028,827.25,271.0,,False
201,INGENIERÍA DE SISTEMAS,647776,269.875,928.0,,False
201,INGENIERÍA DE SISTEMAS,659602,788.75,353.0,,False
201,INGENIERÍA DE SISTEMAS,646131,808.375,303.0,,False
201,INGENIERÍA DE SISTEMAS,636668,772.75,374.0,,False
201,INGENIERÍA DE SISTEMAS,659227,843.75,241.0,,False
201,INGENIERÍA DE SISTEMAS,672466,799.125,324.0,,False
201,INGENIERÍA DE SISTEMAS,624382,600.0,734.0,,False
201,INGENIERÍA DE SISTEMAS,686546,860.875,213.0,,False
201,INGENIERÍA DE SISTEMAS,696371,513.25,830.0,,False
201,INGENIERÍA DE SISTEMAS,622534,762.625,394.0,,False
201,INGENIERÍA DE SISTEMAS,641411,406.0,902.0,,False
201,INGENIERÍA DE SISTEMAS,626175,789.625,350.0,,False
201,INGENIERÍA DE SISTEMAS,661390,1024.25,77.0,,False
201,INGENIERÍA DE SISTEMAS,647190,844.75,238.0,,False
201,INGENIERÍA DE SISTEMAS,676964,844.25,240.0,,False
201,INGENIERÍA DE SISTEMAS,645896,,,AUSENTE,True
201,INGENIERÍA DE SISTEMAS,677204,542.125,797.0,,False
201,INGENIERÍA DE SISTEMAS,621008,914.375,156.0,,False
201,INGENIERÍA DE SISTEMAS,677057,399.75,904.0,,False
201,INGENIERÍA DE SISTEMAS,686255,940.875,135.0,,False
201,INGENIERÍA DE SISTEMAS,649074,1135.0,29.0,,False
201,INGENIERÍA DE SISTEMAS,639289,596.625,742.0,,False
201,INGENIERÍA DE SISTEMAS,662851,644.75,652.0,,False
201,INGENIERÍA DE SISTEMAS,681928,700.25,529.0,,False
201,INGENIERÍA DE SISTEMAS,657852,634.125,682.0,,False
201,INGENIERÍA DE SISTEMAS,641500,770.75,378.0,,False
201,INGENIERÍA DE SISTEMAS,664047,830.125,269.0,,False
201,INGENIERÍA DE SISTEMAS,660040,622.875,706.0,,False
201,INGENIERÍA DE SISTEMAS,637150,690.0,551.0,,False
201,INGENIERÍA DE SISTEMAS,694030,680.625,578.0,,False
201,INGENIERÍA DE SISTEMAS,694632,897.5,178.0,,False
201,INGENIERÍA DE SISTEMAS,695732,532.75,806.0,,False
201,INGENIERÍA DE SISTEMAS,659741,731.0,461.0,,False
201,INGENIERÍA DE SISTEMAS,620835,983.125,107.0,,False
201,INGENIERÍA DE SISTEMAS,683920,431.25,891.0,,False
201,INGENIERÍA DE SISTEMAS,638268,802.75,319.0,,False
201,INGENIERÍA DE SISTEMAS,698379,683.375,574.0,,False
201,INGENIERÍA DE SISTEMAS,674294,461.5,873.0,,False
201,INGENIERÍA DE SISTEMAS,656826,851.0,234.0,,False
201,INGENIERÍA DE SISTEMAS,640137,641.375,660.0,,False
201,INGENIERÍA DE SISTEMAS,672722,414.0,899.0,,False
201,INGENIERÍA DE SISTEMAS,629881,735.5,445.0,,False
201,INGENIERÍA DE SISTEMAS,651698,835.25,258.0,,False
201,INGENIERÍA DE SISTEMAS,695398,887.0,187.0,,False
201,INGENIERÍA DE SISTEMAS,685729,1178.375,16.0,,False
201,INGENIERÍA DE SISTEMAS,698991,625.5,696.0,,False
201,INGENIERÍA DE SISTEMAS,662946,592.625,747.0,,False
201,INGENIERÍA DE SISTEMAS,628779,485.25,857.0,,False
201,INGENIERÍA DE SISTEMAS,668427,707.875,514.0,,False
201,INGENIERÍA DE SISTEMAS,679804,906.25,164.0,,False
201,INGENIERÍA DE SISTEMAS,683929,650.625,637.0,,False
201,INGENIERÍA DE SISTEMAS,642698,1097.25,39.0,,False
201,INGENIERÍA DE SISTEMAS,625179,702.875,523.0,,False
201,INGENIERÍA DE SISTEMAS,658290,622.625,707.0,,False
201,INGENIERÍA DE SISTEMAS,695728,963.125,120.0,,False
201,INGENIERÍA DE SISTEMAS,635108,1021.375,80.0,,False
201,INGENIERÍA DE SISTEMAS,625717,698.875,535.0,,False
201,INGENIERÍA DE SISTEMAS,624288,608.5,726.0,,False
202,INGENIERÍA DE SOFTWARE,674924,986.0,57.0,,False
202,INGENIERÍA DE SOFTWARE,671330,,,AUSENTE,True
202,INGENIERÍA DE SOFTWARE,639471,932.125,80.0,,False
202,INGENIERÍA DE SOFTWARE,632099,1288.5,1.0,,False
202,INGENIERÍA DE SOFTWARE,670588,578.875,314.0,,False
202,INGENIERÍA DE SOFTWARE,670615,813.0,146.0,,False
202,INGENIERÍA DE SOFTWARE,631034,899.75,98.0,,False
202,INGENIERÍA DE SOFTWARE,633776,802.0,152.0,,False
202,INGENIERÍA DE SOFTWARE,629009,918.875,85.0,,False
202,INGENIERÍA DE SOFTWARE,669748,797.5,155.0,,False
202,INGENIERÍA DE SOFTWARE,668908,539.875,333.0,,False
202,INGENIERÍA DE SOFTWARE,630420,946.5,74.0,,False
202,INGENIERÍA DE SOFTWARE,684685,579.75,312.0,,False
202,INGENIERÍA DE SOFTWARE,695865,780.375,174.0,,False
202,INGENIERÍA DE SOFTWARE,691515,791.0,168.0,,False
202,INGENIERÍA DE SOFTWARE,645395,914.375,86.0,,False
202,INGENIERÍA DE SOFTWARE,620761,538.375,334.0,,False
202,INGENIERÍA DE SOFTWARE,671098,774.375,179.0,,False
202,INGENIERÍA DE SOFTWARE,635934,865.375,116.0,,False
202,INGENIERÍA DE SOFTWARE,660448,729.25,206.0,,False
202,INGENIERÍA DE SOFTWARE,693960,624.0,282.0,,False
202,INGENIERÍA DE SOFTWARE,650254,824.75,142.0,,False
202,INGENIERÍA DE SOFTWARE,621711,978.0,59.0,,False
202,INGENIERÍA DE SOFTWARE,679449,,,AUSENTE,True
202,INGENIERÍA DE SOFTWARE,651373,663.375,258.0,,False
202,INGENIERÍA DE SOFTWARE,668942,695.375,226.0,,False
202,INGENIERÍA DE SOFTWARE,623376,586.875,304.0,,False
202,INGENIERÍA DE SOFTWARE,629213,513.875,339.0,,False
202,INGENIERÍA DE SOFTWARE,635317,1262.25,3.0,,False
202,INGENIERÍA DE SOFTWARE,686515,460.125,363.0,,False
202,INGENIERÍA DE SOFTWARE,624763,689.875,229.0,,False
202,INGENIERÍA DE SOFTWARE,696428,974.625,61.0,,False
202,INGENIERÍA DE SOFTWARE,678467,590.25,301.0,,False
202,INGENIERÍA DE SOFTWARE,697950,1045.375,39.0,,False
202,INGENIERÍA DE SOFTWARE,691259,595.25,299.0,,False
202,INGENIERÍA DE SOFTWARE,662543,365.75,372.0,,False
202,INGENIERÍA DE SOFTWARE,639834,796.75,160.0,,False
202,INGENIERÍA DE SOFTWARE,637711,923.625,83.0,,False
202,INGENIERÍA DE SOFTWARE,631801,993.25,55.0,,False
202,INGENIERÍA DE SOFTWARE,674866,821.375,144.0,,False
202,INGENIERÍA DE SOFTWARE,692229,590.875,300.0,,False
202,INGENIERÍA DE SOFTWARE,662130,1025.375,46.0,,False
202,INGENIERÍA DE SOFTWARE,634297,1108.75,17.0,,False
202,INGENIERÍA DE SOFTWARE,661986,1025.375,45.0,,False
202,INGENIERÍA DE SOFTWARE,696803,679.875,243.0,,False
202,INGENIERÍA DE SOFTWARE,660079,662.375,261.0,,False
202,INGENIERÍA DE SOFTWARE,652604,766.75,186.0,,False
202,INGENIERÍA DE SOFTWARE,664939,644.25,270.0,,False
202,INGENIERÍA DE SOFTWARE,625787,485.5,354.0,,False
202,INGENIERÍA DE SOFTWARE,675478,1025.375,47.0,,False
202,INGENIERÍA DE SOFTWARE,630353,704.25,222.0,,False
202,INGENIERÍA DE SOFTWARE,630971,845.375,129.0,,False
202,INGENIERÍA DE SOFTWARE,684976,960.5,70.0,,False
202,INGENIERÍA DE SOFTWARE,680842,985.375,58.0,,False
202,INGENIERÍA DE SOFTWARE,696951,936.875,79.0,,False
202,INGENIERÍA DE SOFTWARE,661981,902.625,95.0,,False
202,INGENIERÍA DE SOFTWARE,627390,697.125,225.0,,False
202,INGENIERÍA DE SOFTWARE,627112,774.75,178.0,,False
202,INGENIERÍA DE SOFTWARE,690755,580.0,311.0,,False
202,INGENIERÍA DE SOFTWARE,631824,536.5,337.0,,False
202,INGENIERÍA DE SOFTWARE,654836,580.625,310.0,,False
202,INGENIERÍA DE SOFTWARE,685885,681.625,240.0,,False
202,INGENIERÍA DE SOFTWARE,663530,509.375,340.0,,False
202,INGENIERÍA DE SOFTWARE,639609,723.625,214.0,,False
202,INGENIERÍA DE SOFTWARE,675027,810.375,148.0,,False
202,INGENIERÍA DE SOFTWARE,643241,1011.0,50.0,,False
202,INGENIERÍA DE SOFTWARE,693759,682.25,239.0,,False
202,INGENIERÍA DE SOFTWARE,638874,581.75,309.0,,False
202,INGENIERÍA DE SOFTWARE,630792,733.0,203.0,,False
202,INGENIERÍA DE SOFTWARE,699970,692.375,228.0,,False
202,INGENIERÍA DE SOFTWARE,695491,711.625,219.0,,False
202,INGENIERÍA DE SOFTWARE,641602,673.75,247.0,,False
202,INGENIERÍA DE SOFTWARE,692352,1193.25,11.0,,False
202,INGENIERÍA DE SOFTWARE,635301,675.0,246.0,,False
202,INGENIERÍA DE SOFTWARE,633668,577.75,316.0,,False
202,INGENIERÍA DE SOFTWARE,693714,1049.375,35.0,,False
202,INGENIERÍA DE SOFTWARE,641519,737.0,201.0,,False
202,INGENIERÍA DE SOFTWARE,670696,625.875,279.0,,False
202,INGENIERÍA DE SOFTWARE,682659,783.875,171.0,,False
202,INGENIERÍA DE SOFTWARE,644554,663.125,259.0,,False
202,INGENIERÍA DE SOFTWARE,629960,1092.125,21.0,,False
202,INGENIERÍA DE SOFTWARE,642407,771.875,180.0,,False
202,INGENIERÍA DE SOFTWARE,658733,682.25,238.0,,False
202,INGENIERÍA DE SOFTWARE,672245,723.75,213.0,,False
202,INGENIERÍA DE SOFTWARE,676104,728.5,210.0,,False
202,INGENIERÍA DE SOFTWARE,688724,544.75,328.0,,False
202,INGENIERÍA DE SOFTWARE,668551,951.875,71.0,,False
202,INGENIERÍA DE SOFTWARE,666770,1076.0,26.0,,False
202,INGENIERÍA DE SOFTWARE,679162,901.5,96.0,,False
202,INGENIERÍA DE SOFTWARE,626356,665.375,255.0,,False
202,INGENIERÍA DE SOFTWARE,624589,778.625,176.0,,False
202,INGENIERÍA DE SOFTWARE,628877,793.0,166.0,,False
202,INGENIERÍA DE SOFTWARE,621709,562.875,321.0,,False
202,INGENIERÍA DE SOFTWARE,622608,727.25,211.0,,False
202,INGENIERÍA DE SOFTWARE,624618,622.875,283.0,,False
202,INGENIERÍA DE SOFTWARE,646796,620.25,287.0,,False
202,INGENIERÍA DE SOFTWARE,682817,439.375,366.0,,False
202,INGENIERÍA DE SOFTWARE,697330,943.125,76.0,,False
202,INGENIERÍA DE SOFTWARE,651352,1133.25,14.0,,False
202,INGENIERÍA DE SOFTWARE,687992,794.875,163.0,,False
202,INGENIERÍA DE SOFTWARE,656165,705.625,221.0,,False
202,INGENIERÍA DE SOFTWARE,670058,809.0,151.0,,False
202,INGENIERÍA DE SOFTWARE,698806,1203.375,6.0,,False
202,INGENIERÍA DE SOFTWARE,667422,646.0,268.0,,False
202,INGENIERÍA DE SOFTWARE,689684,754.75,192.0,,False
202,INGENIERÍA DE SOFTWARE,681363,605.875,294.0,,False
202,INGENIERÍA DE SOFTWARE,694753,945.625,75.0,,False
202,INGENIERÍA DE SOFTWARE,683254,896.25,102.0,,False
202,INGENIERÍA DE SOFTWARE,671352,508.375,341.0,,False
202,INGENIERÍA DE SOFTWARE,655952,541.0,332.0,,False
202,INGENIERÍA DE SOFTWARE,655220,471.0,358.0,,False
202,INGENIERÍA DE SOFTWARE,632823,893.5,103.0,,False
202,INGENIERÍA DE SOFTWARE,655353,783.625,172.0,,False
202,INGENIERÍA DE SOFTWARE,653293,499.125,345.0,,False
202,INGENIERÍA DE SOFTWARE,659276,856.875,122.0,,False
202,INGENIERÍA DE SOFTWARE,652889,849.625,126.0,,False
202,INGENIERÍA DE SOFTWARE,657189,768.25,183.0,,False
202,INGENIERÍA DE SOFTWARE,630337,931.0,81.0,,False
202,INGENIERÍA DE SOFTWARE,664648,966.5,64.0,,False
202,INGENIERÍA DE SOFTWARE,673605,636.375,274.0,,False
202,INGENIERÍA DE SOFTWARE,674051,793.0,165.0,,False
202,INGENIERÍA DE SOFTWARE,691392,715.25,218.0,,False
202,INGENIERÍA DE SOFTWARE,626657,560.5,323.0,,False
202,INGENIERÍA DE SOFTWARE,663089,1097.5,19.0,,False
202,INGENIERÍA DE SOFTWARE,673973,904.875,94.0,,False
202,INGENIERÍA DE SOFTWARE,628545,790.0,169.0,,False
202,INGENIERÍA DE SOFTWARE,630903,740.875,199.0,,False
202,INGENIERÍA DE SOFTWARE,676664,612.0,291.0,,False
202,INGENIERÍA DE SOFTWARE,677558,659.375,262.0,,False
202,INGENIERÍA DE SOFTWARE,660649,914.375,88.0,,False
202,INGENIERÍA DE SOFTWARE,654668,951.625,72.0,,False
202,INGENIERÍA DE SOFTWARE,693745,1193.25,10.0,,False
202,INGENIERÍA DE SOFTWARE,664867,748.375,196.0,,False
202,INGENIERÍA DE SOFTWARE,687309,720.375,217.0,,False
202,INGENIERÍA DE SOFTWARE,666781,485.75,353.0,,False
202,INGENIERÍA DE SOFTWARE,675536,797.25,157.0,,False
202,INGENIERÍA DE SOFTWARE,653326,588.25,303.0,,False
202,INGENIERÍA DE SOFTWARE,690254,672.625,248.0,,False
202,INGENIERÍA DE SOFTWARE,662856,897.5,100.0,,False
202,INGENIERÍA DE SOFTWARE,671187,,,AUSENTE,True
202,INGENIERÍA DE SOFTWARE,699884,666.75,253.0,,False
202,INGENIERÍA DE SOFTWARE,625432,831.5,138.0,,False
202,INGENIERÍA DE SOFTWARE,689834,728.5,209.0,,False
202,INGENIERÍA DE SOFTWARE,686308,1007.125,53.0,,False
202,INGENIERÍA DE SOFTWARE,646154,868.25,114.0,,False
202,INGENIERÍA DE SOFTWARE,694536,843.125,130.0,,False
202,INGENIERÍA DE SOFTWARE,627369,,,AUSENTE,True
202,INGENIERÍA DE SOFTWARE,621916,897.5,99.0,,False
202,INGENIERÍA DE SOFTWARE,685258,775.5,177.0,,False
202,INGENIERÍA DE SOFTWARE,680542,851.25,125.0,,False
202,INGENIERÍA DE SOFTWARE,679375,1045.375,38.0,,False
202,INGENIERÍA DE SOFTWARE,647545,649.625,265.0,,False
202,INGENIERÍA DE SOFTWARE,677147,584.5,306.0,,False
202,INGENIERÍA DE SOFTWARE,682030,1105.375,18.0,,False
202,INGENIERÍA DE SOFTWARE,694723,1087.625,23.0,,False
202,INGENIERÍA DE SOFTWARE,657158,964.875,65.0,,False
202,INGENIERÍA DE SOFTWARE,637177,622.875,284.0,,False
202,INGENIERÍA DE SOFTWARE,637886,667.375,252.0,,False
202,INGENIERÍA DE SOFTWARE,625214,763.875,188.0,,False
202,INGENIERÍA DE SOFTWARE,669923,403.25,370.0,,False
202,INGENIERÍA DE SOFTWARE,683704,,,AUSENTE,True
202,INGENIERÍA DE SOFTWARE,629490,960.875,68.0,,False
202,INGENIERÍA DE SOFTWARE,641658,675.375,245.0,,False
202,INGENIERÍA DE SOFTWARE,699359,684.75,236.0,,False
202,INGENIERÍA DE SOFTWARE,669397,680.0,242.0,,False
202,INGENIERÍA DE SOFTWARE,653292,864.25,117.0,,False
202,INGENIERÍA DE SOFTWARE,677704,464.75,361.0,,False
202,INGENIERÍA DE SOFTWARE,624744,840.875,133.0,,False
202,INGENIERÍA DE SOFTWARE,681985,527.375,338.0,,False
202,INGENIERÍA DE SOFTWARE,695630,971.625,63.0,,False
202,INGENIERÍA DE SOFTWARE,642696,1076.625,25.0,,False
202,INGENIERÍA DE SOFTWARE,696640,821.5,143.0,,False
202,INGENIERÍA DE SOFTWARE,661630,576.375,317.0,,False
202,INGENIERÍA DE SOFTWARE,622739,578.875,313.0,,False
202,INGENIERÍA DE SOFTWARE,676508,1067.625,29.0,,False
202,INGENIERÍA DE SOFTWARE,677734,560.0,324.0,,False
202,INGENIERÍA DE SOFTWARE,628362,1045.375,40.0,,False
202,INGENIERÍA DE SOFTWARE,635646,854.875,124.0,,False
202,INGENIERÍA DE SOFTWARE,626635,829.875,139.0,,False
202,INGENIERÍA DE SOFTWARE,639880,875.75,112.0,,False
202,INGENIERÍA DE SOFTWARE,646490,585.25,305.0,,False
202,INGENIERÍA DE SOFTWARE,663444,949.875,73.0,,False
202,INGENIERÍA DE SOFTWARE,668763,721.875,215.0,,False
202,INGENIERÍA DE SOFTWARE,674930,1026.25,43.0,,False
202,INGENIERÍA DE SOFTWARE,668534,650.75,263.0,,False
202,INGENIERÍA DE SOFTWARE,683753,1237.75,4.0,,False
202,INGENIERÍA DE SOFTWARE,686525,1064.75,32.0,,False
202,INGENIERÍA DE SOFTWARE,677164,620.75,285.0,,False
202,INGENIERÍA DE SOFTWARE,667636,665.125,257.0,,False
202,INGENIERÍA DE SOFTWARE,674031,763.125,190.0,,False
202,INGENIERÍA DE SOFTWARE,698031,904.875,93.0,,False
202,INGENIERÍA DE SOFTWARE,699770,646.25,267.0,,False
202,INGENIERÍA DE SOFTWARE,682449,583.125,308.0,,False
202,INGENIERÍA DE SOFTWARE,634720,880.375,109.0,,False
202,INGENIERÍA DE SOFTWARE,679129,556.125,326.0,,False
202,INGENIERÍA DE SOFTWARE,664520,848.25,127.0,,False
202,INGENIERÍA DE SOFTWARE,648896,797.375,156.0,,False
202,INGENIERÍA DE SOFTWARE,635068,770.75,182.0,,False
202,INGENIERÍA DE SOFTWARE,688079,738.375,200.0,,False
202,INGENIERÍA DE SOFTWARE,654190,542.0,330.0,,False
202,INGENIERÍA DE SOFTWARE,639547,598.25,298.0,,False
202,INGENIERÍA DE SOFTWARE,654094,489.625,351.0,,False
202,INGENIERÍA DE SOFTWARE,674965,686.25,233.0,,False
202,INGENIERÍA DE SOFTWARE,629332,465.375,360.0,,False
202,INGENIERÍA DE SOFTWARE,659879,547.625,327.0,,False
202,INGENIERÍA DE SOFTWARE,633401,543.75,329.0,,False
202,INGENIERÍA DE SOFTWARE,675326,420.25,369.0,,False
202,INGENIERÍA DE SOFTWARE,679512,928.125,82.0,,False
202,INGENIERÍA DE SOFTWARE,676926,749.0,195.0,,False
202,INGENIERÍA DE SOFTWARE,683984,380.0,371.0,,False
202,INGENIERÍA DE SOFTWARE,682196,747.875,197.0,,False
202,INGENIERÍA DE SOFTWARE,692138,942.25,77.0,,False
202,INGENIERÍA DE SOFTWARE,650464,490.375,350.0,,False
202,INGENIERÍA DE SOFTWARE,661112,783.125,173.0,,False
202,INGENIERÍA DE SOFTWARE,671442,1047.625,37.0,,False
202,INGENIERÍA DE SOFTWARE,660113,498.0,346.0,,False
202,INGENIERÍA DE SOFTWARE,676670,1017.75,49.0,,False
202,INGENIERÍA DE SOFTWARE,634235,617.125,288.0,,False
202,INGENIERÍA DE SOFTWARE,698520,1067.625,30.0,,False
202,INGENIERÍA DE SOFTWARE,630029,641.25,272.0,,False
202,INGENIERÍA DE SOFTWARE,622286,702.0,224.0,,False
202,INGENIERÍA DE SOFTWARE,659717,786.0,170.0,,False
202,INGENIERÍA DE SOFTWARE,654831,536.625,335.0,,False
202,INGENIERÍA DE SOFTWARE,668095,729.625,205.0,,False
202,INGENIERÍA DE SOFTWARE,676036,627.375,277.0,,False
202,INGENIERÍA DE SOFTWARE,688133,1025.625,44.0,,False
202,INGENIERÍA DE SOFTWARE,671175,858.75,121.0,,False
202,INGENIERÍA DE SOFTWARE,628850,687.125,232.0,,False
202,INGENIERÍA DE SOFTWARE,626783,797.25,158.0,,False
202,INGENIERÍA DE SOFTWARE,665312,628.0,276.0,,False
202,INGENIERÍA DE SOFTWARE,687678,600.875,297.0,,False
202,INGENIERÍA DE SOFTWARE,635947,625.875,280.0,,False
202,INGENIERÍA DE SOFTWARE,628822,479.5,355.0,,False
202,INGENIERÍA DE SOFTWARE,697168,561.125,322.0,,False
202,INGENIERÍA DE SOFTWARE,655650,879.75,111.0,,False
202,INGENIERÍA DE SOFTWARE,693681,865.375,115.0,,False
202,INGENIERÍA DE SOFTWARE,624420,615.0,289.0,,False
202,INGENIERÍA DE SOFTWARE,688192,609.625,292.0,,False
202,INGENIERÍA DE SOFTWARE,688450,864.0,118.0,,False
202,INGENIERÍA DE SOFTWARE,626072,735.25,202.0,,False
202,INGENIERÍA DE SOFTWARE,649626,1197.25,8.0,,False
202,INGENIERÍA DE SOFTWARE,632279,1086.25,24.0,,False
202,INGENIERÍA DE SOFTWARE,620613,1032.75,41.0,,False
202,INGENIERÍA DE SOFTWARE,672684,669.875,250.0,,False
202,INGENIERÍA DE SOFTWARE,622831,767.5,185.0,,False
202,INGENIERÍA DE SOFTWARE,652831,604.125,295.0,,False
202,INGENIERÍA DE SOFTWARE,655000,759.5,191.0,,False
202,INGENIERÍA DE SOFTWARE,661679,434.125,368.0,,False
202,INGENIERÍA DE SOFTWARE,628498,884.25,108.0,,False
202,INGENIERÍA DE SOFTWARE,681944,695.375,227.0,,False
202,INGENIERÍA DE SOFTWARE,664658,497.875,347.0,,False
202,INGENIERÍA DE SOFTWARE,622616,746.0,198.0,,False
202,INGENIERÍA DE SOFTWARE,636017,625.625,281.0,,False
202,INGENIERÍA DE SOFTWARE,685460,536.625,336.0,,False
202,INGENIERÍA DE SOFTWARE,672483,682.625,237.0,,False
202,INGENIERÍA DE SOFTWARE,626015,855.25,123.0,,False
202,INGENIERÍA DE SOFTWARE,631925,1003.125,54.0,,False
202,INGENIERÍA DE SOFTWARE,635789,835.25,137.0,,False
202,INGENIERÍA DE SOFTWARE,684027,499.75,344.0,,False
202,INGENIERÍA DE SOFTWARE,668331,914.375,87.0,,False
202,INGENIERÍA DE SOFTWARE,641783,912.125,90.0,,False
202,INGENIERÍA DE SOFTWARE,694579,689.875,230.0,,False
202,INGENIERÍA DE SOFTWARE,637371,706.75,220.0,,False
202,INGENIERÍA DE SOFTWARE,624652,541.75,331.0,,False
202,INGENIERÍA DE SOFTWARE,623153,569.25,319.0,,False
202,INGENIERÍA DE SOFTWARE,626848,792.375,167.0,,False
202,INGENIERÍA DE SOFTWARE,666186,753.625,193.0,,False
202,INGENIERÍA DE SOFTWARE,686210,1062.5,33.0,,False
202,INGENIERÍA DE SOFTWARE,679230,496.125,348.0,,False
202,INGENIERÍA DE SOFTWARE,668799,888.25,104.0,,False
202,INGENIERÍA DE SOFTWARE,639678,685.375,235.0,,False
202,INGENIERÍA DE SOFTWARE,687744,809.875,149.0,,False
202,INGENIERÍA DE SOFTWARE,654126,839.25,135.0,,False
202,INGENIERÍA DE SOFTWARE,647641,458.5,364.0,,False
202,INGENIERÍA DE SOFTWARE,680854,940.875,78.0,,False
202,INGENIERÍA DE SOFTWARE,654833,612.625,290.0,,False
202,INGENIERÍA DE SOFTWARE,651026,626.75,278.0,,False
202,INGENIERÍA DE SOFTWARE,681649,795.125,162.0,,False
202,INGENIERÍA DE SOFTWARE,620124,669.125,251.0,,False
202,INGENIERÍA DE SOFTWARE,632684,766.5,187.0,,False
202,INGENIERÍA DE SOFTWARE,677619,588.625,302.0,,False
202,INGENIERÍA DE SOFTWARE,628217,799.5,154.0,,False
202,INGENIERÍA DE SOFTWARE,671660,879.75,110.0,,False
202,INGENIERÍA DE SOFTWARE,694294,906.75,92.0,,False
202,INGENIERÍA DE SOFTWARE,693688,779.875,175.0,,False
202,INGENIERÍA DE SOFTWARE,655921,1270.75,2.0,,False
202,INGENIERÍA DE SOFTWARE,679355,666.75,254.0,,False
202,INGENIERÍA DE SOFTWARE,621217,922.625,84.0,,False
202,INGENIERÍA DE SOFTWARE,687788,1092.75,20.0,,False
202,INGENIERÍA DE SOFTWARE,680491,1197.25,9.0,,False
202,INGENIERÍA DE SOFTWARE,684420,434.5,367.0,,False
202,INGENIERÍA DE SOFTWARE,689969,1009.375,52.0,,False
202,INGENIERÍA DE SOFTWARE,659847,1235.5,5.0,,False
202,INGENIERÍA DE SOFTWARE,629463,1087.625,22.0,,False
202,INGENIERÍA DE SOFTWARE,645684,1069.875,28.0,,False
202,INGENIERÍA DE SOFTWARE,623404,767.875,184.0,,False
202,INGENIERÍA DE SOFTWARE,623257,908.5,91.0,,False
202,INGENIERÍA DE SOFTWARE,641876,800.375,153.0,,False
202,INGENIERÍA DE SOFTWARE,622077,913.0,89.0,,False
202,INGENIERÍA DE SOFTWARE,629312,471.0,359.0,,False
202,INGENIERÍA DE SOFTWARE,669907,678.75,244.0,,False
202,INGENIERÍA DE SOFTWARE,628663,689.0,231.0,,False
202,INGENIERÍA DE SOFTWARE,623196,732.125,204.0,,False
202,INGENIERÍA DE SOFTWARE,627947,686.0,234.0,,False
202,INGENIERÍA DE SOFTWARE,699630,1028.5,42.0,,False
202,INGENIERÍA DE SOFTWARE,647567,797.0,159.0,,False
202,INGENIERÍA DE SOFTWARE,620318,1111.0,16.0,,False
202,INGENIERÍA DE SOFTWARE,699198,810.75,147.0,,False
202,INGENIERÍA DE SOFTWARE,670114,974.375,62.0,,False
202,INGENIERÍA DE SOFTWARE,643845,1047.625,36.0,,False
202,INGENIERÍA DE SOFTWARE,647523,1071.0,27.0,,False
202,INGENIERÍA DE SOFTWARE,668361,725.25,212.0,,False
202,INGENIERÍA DE SOFTWARE,630347,900.875,97.0,,False
202,INGENIERÍA DE SOFTWARE,666730,885.875,107.0,,False
202,INGENIERÍA DE SOFTWARE,684124,662.625,260.0,,False
202,INGENIERÍA DE SOFTWARE,630463,961.125,66.0,,False
202,INGENIERÍA DE SOFTWARE,691042,493.625,349.0,,False
202,INGENIERÍA DE SOFTWARE,624375,642.5,271.0,,False
202,INGENIERÍA DE SOFTWARE,665423,,,AUSENTE,True
202,INGENIERÍA DE SOFTWARE,673342,631.875,275.0,,False
202,INGENIERÍA DE SOFTWARE,689284,606.125,293.0,,False
202,INGENIERÍA DE SOFTWARE,624777,976.125,60.0,,False
202,INGENIERÍA DE SOFTWARE,632855,847.875,128.0,,False
202,INGENIERÍA DE SOFTWARE,628277,345.375,373.0,,False
202,INGENIERÍA DE SOFTWARE,691258,620.25,286.0,,False
202,INGENIERÍA DE SOFTWARE,699602,809.0,150.0,,False
202,INGENIERÍA DE SOFTWARE,682299,489.5,352.0,,False
202,INGENIERÍA DE SOFTWARE,665164,645.125,269.0,,False
202,INGENIERÍA DE SOFTWARE,626640,795.25,161.0,,False
202,INGENIERÍA DE SOFTWARE,678754,1168.5,13.0,,False
202,INGENIERÍA DE SOFTWARE,691222,961.0,67.0,,False
202,INGENIERÍA DE SOFTWARE,688924,453.125,365.0,,False
202,INGENIERÍA DE SOFTWARE,687704,476.625,356.0,,False
202,INGENIERÍA DE SOFTWARE,657740,728.5,207.0,,False
202,INGENIERÍA DE SOFTWARE,681352,839.25,134.0,,False
202,INGENIERÍA DE SOFTWARE,674564,886.0,106.0,,False
202,INGENIERÍA DE SOFTWARE,620831,987.125,56.0,,False
202,INGENIERÍA DE SOFTWARE,655937,873.75,113.0,,False
202,INGENIERÍA DE SOFTWARE,659916,506.5,342.0,,False
202,INGENIERÍA DE SOFTWARE,660424,859.25,120.0,,False
202,INGENIERÍA DE SOFTWARE,694334,601.375,296.0,,False
202,INGENIERÍA DE SOFTWARE,699814,720.5,216.0,,False
202,INGENIERÍA DE SOFTWARE,654456,1050.5,34.0,,False
202,INGENIERÍA DE SOFTWARE,626218,861.125,119.0,,False
202,INGENIERÍA DE SOFTWARE,625102,960.875,69.0,,False
202,INGENIERÍA DE SOFTWARE,667814,841.125,132.0,,False
202,INGENIERÍA DE SOFTWARE,696982,1200.625,7.0,,False
202,INGENIERÍA DE SOFTWARE,691849,770.75,181.0,,False
202,INGENIERÍA DE SOFTWARE,670090,649.125,266.0,,False
202,INGENIERÍA DE SOFTWARE,681343,473.125,357.0,,False
202,INGENIERÍA DE SOFTWARE,641850,838.125,136.0,,False
202,INGENIERÍA DE SOFTWARE,668614,763.375,189.0,,False
202,INGENIERÍA DE SOFTWARE,626932,665.375,256.0,,False
202,INGENIERÍA DE SOFTWARE,696854,1009.375,51.0,,False
202,INGENIERÍA DE SOFTWARE,649802,578.0,315.0,,False
202,INGENIERÍA DE SOFTWARE,654800,842.0,131.0,,False
202,INGENIERÍA DE SOFTWARE,647496,793.5,164.0,,False
202,INGENIERÍA DE SOFTWARE,637913,1066.5,31.0,,False
202,INGENIERÍA DE SOFTWARE,690087,825.625,141.0,,False
202,INGENIERÍA DE SOFTWARE,650477,,,AUSENTE,True
202,INGENIERÍA DE SOFTWARE,688794,1131.0,15.0,,False
202,INGENIERÍA DE SOFTWARE,644281,897.5,101.0,,False
202,INGENIERÍA DE SOFTWARE,664395,503.125,343.0,,False
202,INGENIERÍA DE SOFTWARE,665260,1018.875,48.0,,False
202,INGENIERÍA DE SOFTWARE,687277,638.75,273.0,,False
202,INGENIERÍA DE SOFTWARE,670281,,,AUSENTE,True
202,INGENIERÍA DE SOFTWARE,622655,559.5,325.0,,False
202,INGENIERÍA DE SOFTWARE,647828,702.875,223.0,,False
202,INGENIERÍA DE SOFTWARE,625382,829.875,140.0,,False
202,INGENIERÍA DE SOFTWARE,659324,680.375,241.0,,False
202,INGENIERÍA DE SOFTWARE,632763,728.5,208.0,,False
202,INGENIERÍA DE SOFTWARE,638953,307.625,374.0,,False
202,INGENIERÍA DE SOFTWARE,680998,886.25,105.0,,False
202,INGENIERÍA DE SOFTWARE,654708,583.375,307.0,,False
202,INGENIERÍA DE SOFTWARE,637011,,,AUSENTE,True
202,INGENIERÍA DE SOFTWARE,638599,145.25,375.0,,False
202,INGENIERÍA DE SOFTWARE,645448,463.625,362.0,,False
202,INGENIERÍA DE SOFTWARE,628745,1189.0,12.0,,False
202,INGENIERÍA DE SOFTWARE,654562,650.375,264.0,,False
202,INGENIERÍA DE SOFTWARE,655555,670.25,249.0,,False
202,INGENIERÍA DE SOFTWARE,664162,576.125,318.0,,False
202,INGENIERÍA DE SOFTWARE,693455,564.625,320.0,,False
202,INGENIERÍA DE SOFTWARE,692353,818.125,145.0,,False
202,INGENIERÍA DE SOFTWARE,654070,749.625,194.0,,False
193,INGENIERÍA DE TELECOMUNICACIONES,621887,758.0,43.0,,False
193,INGENIERÍA DE TELECOMUNICACIONES,683868,1108.5,4.0,,False
193,INGENIERÍA DE TELECOMUNICACIONES,641035,1038.625,12.0,,False
193,INGENIERÍA DE TELECOMUNICACIONES,684705,1091.625,5.0,,False
193,INGENIERÍA DE TELECOMUNICACIONES,691687,556.375,62.0,,False
193,INGENIERÍA DE TELECOMUNICACIONES,659192,1049.375,10.0,,False
193,INGENIERÍA DE TELECOMUNICACIONES,627048,841.5,30.0,,False
193,INGENIERÍA DE TELECOMUNICACIONES,678614,923.125,17.0,,False
193,INGENIERÍA DE TELECOMUNICACIONES,637136,573.75,60.0,,False
193,INGENIERÍA DE TELECOMUNICACIONES,626440,550.375,63.0,,False
193,INGENIERÍA DE TELECOMUNICACIONES,674154,685.125,51.0,,False
193,INGENIERÍA DE TELECOMUNICACIONES,676338,840.875,31.0,,False
193,INGENIERÍA DE TELECOMUNICACIONES,672558,1070.5,7.0,,False
193,INGENIERÍA DE TELECOMUNICACIONES,635180,689.625,50.0,,False
193,INGENIERÍA DE TELECOMUNICACIONES,653835,808.125,37.0,,False
193,INGENIERÍA DE TELECOMUNICACIONES,623478,920.875,18.0,,False
193,INGENIERÍA DE TELECOMUNICACIONES,659641,1054.375,9.0,,False
193,INGENIERÍA DE TELECOMUNICACIONES,670191,757.625,44.0,,False
193,INGENIERÍA DE TELECOMUNICACIONES,644094,601.125,56.0,,False
193,INGENIERÍA DE TELECOMUNICACIONES,665643,895.125,22.0,,False
193,INGENIERÍA DE TELECOMUNICACIONES,663320,436.125,69.0,,False
193,INGENIERÍA DE TELECOMUNICACIONES,652835,1062.875,8.0,,False
193,INGENIERÍA DE TELECOMUNICACIONES,659579,409.5,72.0,,False
193,INGENIERÍA DE TELECOMUNICACIONES,697343,777.75,40.0,,False
193,INGENIERÍA DE TELECOMUNICACIONES,637187,873.0,25.0,,False
193,INGENIERÍA DE TELECOMUNICACIONES,632289,859.25,27.0,,False
193,INGENIERÍA DE TELECOMUNICACIONES,676684,422.875,71.0,,False
193,INGENIERÍA DE TELECOMUNICACIONES,675227,1142.375,2.0,,False
193,INGENIERÍA DE TELECOMUNICACIONES,631784,1049.375,11.0,,False
193,INGENIERÍA DE TELECOMUNICACIONES,632976,854.125,29.0,,False
193,INGENIERÍA DE TELECOMUNICACIONES,673482,792.125,39.0,,False
193,INGENIERÍA DE TELECOMUNICACIONES,698835,819.25,33.0,,False
193,INGENIERÍA DE TELECOMUNICACIONES,630325,855.25,28.0,,False
193,INGENIERÍA DE TELECOMUNICACIONES,666927,628.75,54.0,,False
193,INGENIERÍA DE TELECOMUNICACIONES,695916,730.125,49.0,,False
193,INGENIERÍA DE TELECOMUNICACIONES,665147,477.5,68.0,,False
193,INGENIERÍA DE TELECOMUNICACIONES,623250,600.25,57.0,,False
193,INGENIERÍA DE TELECOMUNICACIONES,658910,732.5,48.0,,False
193,INGENIERÍA DE TELECOMUNICACIONES,624463,1015.75,13.0,,False
193,INGENIERÍA DE TELECOMUNICACIONES,620042,435.0,70.0,,False
193,INGENIERÍA DE TELECOMUNICACIONES,693350,813.625,36.0,,False
193,INGENIERÍA DE TELECOMUNICACIONES,676583,817.0,34.0,,False
193,INGENIERÍA DE TELECOMUNICACIONES,660933,861.5,26.0,,False
193,INGENIERÍA DE TELECOMUNICACIONES,637729,877.5,23.0,,False
193,INGENIERÍA DE TELECOMUNICACIONES,696307,1075.5,6.0,,False
193,INGENIERÍA DE TELECOMUNICACIONES,664154,961.875,15.0,,False
193,INGENIERÍA DE TELECOMUNICACIONES,629486,632.75,53.0,,False
193,INGENIERÍA DE TELECOMUNICACIONES,654482,489.25,67.0,,False
193,INGENIERÍA DE TELECOMUNICACIONES,640375,757.5,45.0,,False
193,INGENIERÍA DE TELECOMUNICACIONES,687434,395.625,73.0,,False
193,INGENIERÍA DE TELECOMUNICACIONES,650767,982.0,14.0,,False
193,INGENIERÍA DE TELECOMUNICACIONES,667340,492.0,66.0,,False
193,INGENIERÍA DE TELECOMUNICACIONES,639137,572.625,61.0,,False
193,INGENIERÍA DE TELECOMUNICACIONES,692980,744.625,46.0,,False
193,INGENIERÍA DE TELECOMUNICACIONES,661819,1133.25,3.0,,False
193,INGENIERÍA DE TELECOMUNICACIONES,627104,897.75,21.0,,False
193,INGENIERÍA DE TELECOMUNICACIONES,682754,876.375,24.0,,False
193,INGENIERÍA DE TELECOMUNICACIONES,627345,669.25,52.0,,False
193,INGENIERÍA DE TELECOMUNICACIONES,652429,597.75,58.0,,False
193,INGENIERÍA DE TELECOMUNICACIONES,658366,580.625,59.0,,False
193,INGENIERÍA DE TELECOMUNICACIONES,698180,741.25,47.0,,False
193,INGENIERÍA DE TELECOMUNICACIONES,661061,805.375,38.0,,False
193,INGENIERÍA DE TELECOMUNICACIONES,654690,960.875,16.0,,False
193,INGENIERÍA DE TELECOMUNICACIONES,698186,495.5,65.0,,False
193,INGENIERÍA DE TELECOMUNICACIONES,645254,913.875,19.0,,False
193,INGENIERÍA DE TELECOMUNICACIONES,644674,622.5,55.0,,False
193,INGENIERÍA DE TELECOMUNICACIONES,630073,834.125,32.0,,False
193,INGENIERÍA DE TELECOMUNICACIONES,677965,502.5,64.0,,False
193,INGENIERÍA DE TELECOMUNICACIONES,649877,1155.0,1.0,,False
193,INGENIERÍA DE TELECOMUNICACIONES,683163,903.75,20.0,,False
193,INGENIERÍA DE TELECOMUNICACIONES,663088,765.75,42.0,,False
193,INGENIERÍA DE TELECOMUNICACIONES,687561,775.875,41.0,,False
193,INGENIERÍA DE TELECOMUNICACIONES,648790,815.25,35.0,,False
175,INGENIERÍA DE TRANSPORTE Y SISTEMAS FERROVIARIOS,643613,580.625,15.0,,False
175,INGENIERÍA DE TRANSPORTE Y SISTEMAS FERROVIARIOS,643960,950.5,3.0,,False
175,INGENIERÍA DE TRANSPORTE Y SISTEMAS FERROVIARIOS,695271,863.125,6.0,,False
175,INGENIERÍA DE TRANSPORTE Y SISTEMAS FERROVIARIOS,663166,670.5,13.0,,False
175,INGENIERÍA DE TRANSPORTE Y SISTEMAS FERROVIARIOS,622196,846.5,7.0,,False
175,INGENIERÍA DE TRANSPORTE Y SISTEMAS FERROVIARIOS,695478,460.0,16.0,,False
175,INGENIERÍA DE TRANSPORTE Y SISTEMAS FERROVIARIOS,626479,762.75,11.0,,False
175,INGENIERÍA DE TRANSPORTE Y SISTEMAS FERROVIARIOS,626605,900.875,4.0,,False
175,INGENIERÍA DE TRANSPORTE Y SISTEMAS FERROVIARIOS,627279,375.625,17.0,,False
175,INGENIERÍA DE TRANSPORTE Y SISTEMAS FERROVIARIOS,671131,1120.625,1.0,,False
175,INGENIERÍA DE TRANSPORTE Y SISTEMAS FERROVIARIOS,685615,899.75,5.0,,False
175,INGENIERÍA DE TRANSPORTE Y SISTEMAS FERROVIARIOS,623236,979.125,2.0,,False
175,INGENIERÍA DE TRANSPORTE Y SISTEMAS FERROVIARIOS,650864,720.75,12.0,,False
175,INGENIERÍA DE TRANSPORTE Y SISTEMAS FERROVIARIOS,647864,773.25,10.0,,False
175,INGENIERÍA DE TRANSPORTE Y SISTEMAS FERROVIARIOS,695563,593.75,14.0,,False
175,INGENIERÍA DE TRANSPORTE Y SISTEMAS FERROVIARIOS,691690,787.25,9.0,,False
175,INGENIERÍA DE TRANSPORTE Y SISTEMAS FERROVIARIOS,662072,801.5,8.0,,False
074,INGENIERIA DEL AGUA Y TECNOLOGIAS DE TRATAMIENTO,697685,644.0,24.0,,False
074,INGENIERIA DEL AGUA Y TECNOLOGIAS DE TRATAMIENTO,638267,954.375,4.0,,False
074,INGENIERIA DEL AGUA Y TECNOLOGIAS DE TRATAMIENTO,676986,1074.375,1.0,,False
074,INGENIERIA DEL AGUA Y TECNOLOGIAS DE TRATAMIENTO,649701,759.5,17.0,,False
074,INGENIERIA DEL AGUA Y TECNOLOGIAS DE TRATAMIENTO,667859,770.75,15.0,,False
074,INGENIERIA DEL AGUA Y TECNOLOGIAS DE TRATAMIENTO,642131,910.625,7.0,,False
074,INGENIERIA DEL AGUA Y TECNOLOGIAS DE TRATAMIENTO,649103,967.875,3.0,,False
074,INGENIERIA DEL AGUA Y TECNOLOGIAS DE TRATAMIENTO,687685,590.0,26.0,,False
074,INGENIERIA DEL AGUA Y TECNOLOGIAS DE TRATAMIENTO,625308,805.375,10.0,,False
074,INGENIERIA DEL AGUA Y TECNOLOGIAS DE TRATAMIENTO,678265,699.375,19.0,,False
074,INGENIERIA DEL AGUA Y TECNOLOGIAS DE TRATAMIENTO,627996,780.875,13.0,,False
074,INGENIERIA DEL AGUA Y TECNOLOGIAS DE TRATAMIENTO,637116,653.25,23.0,,False
074,INGENIERIA DEL AGUA Y TECNOLOGIAS DE TRATAMIENTO,667360,1021.375,2.0,,False
074,INGENIERIA DEL AGUA Y TECNOLOGIAS DE TRATAMIENTO,678084,692.375,20.0,,False
074,INGENIERIA DEL AGUA Y TECNOLOGIAS DE TRATAMIENTO,639536,622.375,25.0,,False
074,INGENIERIA DEL AGUA Y TECNOLOGIAS DE TRATAMIENTO,690190,911.25,6.0,,False
074,INGENIERIA DEL AGUA Y TECNOLOGIAS DE TRATAMIENTO,640182,928.75,5.0,,False
074,INGENIERIA DEL AGUA Y TECNOLOGIAS DE TRATAMIENTO,628764,766.75,16.0,,False
074,INGENIERIA DEL AGUA Y TECNOLOGIAS DE TRATAMIENTO,663679,808.75,9.0,,False
074,INGENIERIA DEL AGUA Y TECNOLOGIAS DE TRATAMIENTO,628328,804.0,11.0,,False
074,INGENIERIA DEL AGUA Y TECNOLOGIAS DE TRATAMIENTO,647102,772.875,14.0,,False
074,INGENIERIA DEL AGUA Y TECNOLOGIAS DE TRATAMIENTO,651143,828.75,8.0,,False
074,INGENIERIA DEL AGUA Y TECNOLOGIAS DE TRATAMIENTO,638761,688.5,21.0,,False
074,INGENIERIA DEL AGUA Y TECNOLOGIAS DE TRATAMIENTO,645015,532.25,27.0,,False
074,INGENIERIA DEL AGUA Y TECNOLOGIAS DE TRATAMIENTO,672007,668.125,22.0,,False
074,INGENIERIA DEL AGUA Y TECNOLOGIAS DE TRATAMIENTO,693846,787.125,12.0,,False
074,INGENIERIA DEL AGUA Y TECNOLOGIAS DE TRATAMIENTO,659953,707.375,18.0,,False
192,INGENIERÍA ELÉCTRICA,644476,566.5,109.0,,False
192,INGENIERÍA ELÉCTRICA,654007,619.375,96.0,,False
192,INGENIERÍA ELÉCTRICA,622015,774.125,59.0,,False
192,INGENIERÍA ELÉCTRICA,635804,587.625,103.0,,False
192,INGENIERÍA ELÉCTRICA,667273,893.25,37.0,,False
192,INGENIERÍA ELÉCTRICA,657923,884.125,40.0,,False
192,INGENIERÍA ELÉCTRICA,667981,817.0,50.0,,False
192,INGENIERÍA ELÉCTRICA,699248,700.5,80.0,,False
192,INGENIERÍA ELÉCTRICA,648870,780.0,56.0,,False
192,INGENIERÍA ELÉCTRICA,633138,585.75,104.0,,False
192,INGENIERÍA ELÉCTRICA,637152,762.25,67.0,,False
192,INGENIERÍA ELÉCTRICA,655755,644.0,91.0,,False
192,INGENIERÍA ELÉCTRICA,665010,496.125,115.0,,False
192,INGENIERÍA ELÉCTRICA,658514,721.125,77.0,,False
192,INGENIERÍA ELÉCTRICA,664098,818.0,49.0,,False
192,INGENIERÍA ELÉCTRICA,634455,760.0,68.0,,False
192,INGENIERÍA ELÉCTRICA,626413,661.375,86.0,,False
192,INGENIERÍA ELÉCTRICA,623950,572.125,107.0,,False
192,INGENIERÍA ELÉCTRICA,698756,895.25,35.0,,False
192,INGENIERÍA ELÉCTRICA,691028,273.25,118.0,,False
192,INGENIERÍA ELÉCTRICA,666590,647.875,90.0,,False
192,INGENIERÍA ELÉCTRICA,690521,982.0,22.0,,False
192,INGENIERÍA ELÉCTRICA,657810,937.25,29.0,,False
192,INGENIERÍA ELÉCTRICA,636091,848.25,43.0,,False
192,INGENIERÍA ELÉCTRICA,639132,840.875,44.0,,False
192,INGENIERÍA ELÉCTRICA,632535,593.75,101.0,,False
192,INGENIERÍA ELÉCTRICA,681816,127.5,119.0,,False
192,INGENIERÍA ELÉCTRICA,686269,676.0,83.0,,False
192,INGENIERÍA ELÉCTRICA,646694,813.0,51.0,,False
192,INGENIERÍA ELÉCTRICA,648736,892.125,38.0,,False
192,INGENIERÍA ELÉCTRICA,676558,559.75,110.0,,False
192,INGENIERÍA ELÉCTRICA,643739,960.875,24.0,,False
192,INGENIERÍA ELÉCTRICA,670867,876.625,41.0,,False
192,INGENIERÍA ELÉCTRICA,680500,713.0,79.0,,False
192,INGENIERÍA ELÉCTRICA,664558,957.25,25.0,,False
192,INGENIERÍA ELÉCTRICA,657603,622.875,95.0,,False
192,INGENIERÍA ELÉCTRICA,682080,611.375,97.0,,False
192,INGENIERÍA ELÉCTRICA,699055,731.25,74.0,,False
192,INGENIERÍA ELÉCTRICA,641515,720.125,78.0,,False
192,INGENIERÍA ELÉCTRICA,648971,756.625,70.0,,False
192,INGENIERÍA ELÉCTRICA,630594,1090.375,11.0,,False
192,INGENIERÍA ELÉCTRICA,689030,805.125,53.0,,False
192,INGENIERÍA ELÉCTRICA,649616,940.875,27.0,,False
192,INGENIERÍA ELÉCTRICA,699704,729.625,75.0,,False
192,INGENIERÍA ELÉCTRICA,669750,748.75,71.0,,False
192,INGENIERÍA ELÉCTRICA,629354,1252.375,1.0,,False
192,INGENIERÍA ELÉCTRICA,688209,691.875,81.0,,False
192,INGENIERÍA ELÉCTRICA,656253,1134.875,6.0,,False
192,INGENIERÍA ELÉCTRICA,679805,648.0,89.0,,False
192,INGENIERÍA ELÉCTRICA,658534,630.0,94.0,,False
192,INGENIERÍA ELÉCTRICA,656357,840.25,45.0,,False
192,INGENIERÍA ELÉCTRICA,694796,605.25,98.0,,False
192,INGENIERÍA ELÉCTRICA,660570,1087.625,12.0,,False
192,INGENIERÍA ELÉCTRICA,644032,770.125,64.0,,False
192,INGENIERÍA ELÉCTRICA,652584,558.875,111.0,,False
192,INGENIERÍA ELÉCTRICA,666550,777.5,57.0,,False
192,INGENIERÍA ELÉCTRICA,643826,602.5,99.0,,False
192,INGENIERÍA ELÉCTRICA,670394,493.25,116.0,,False
192,INGENIERÍA ELÉCTRICA,679612,1094.375,10.0,,False
192,INGENIERÍA ELÉCTRICA,671129,916.875,33.0,,False
192,INGENIERÍA ELÉCTRICA,645061,767.875,65.0,,False
192,INGENIERÍA ELÉCTRICA,656005,488.375,117.0,,False
192,INGENIERÍA ELÉCTRICA,625262,903.75,34.0,,False
192,INGENIERÍA ELÉCTRICA,635787,669.375,84.0,,False
192,INGENIERÍA ELÉCTRICA,654427,728.5,76.0,,False
192,INGENIERÍA ELÉCTRICA,664966,917.75,31.0,,False
192,INGENIERÍA ELÉCTRICA,626037,1007.625,18.0,,False
192,INGENIERÍA ELÉCTRICA,661565,790.375,55.0,,False
192,INGENIERÍA ELÉCTRICA,681550,797.0,54.0,,False
192,INGENIERÍA ELÉCTRICA,687323,572.875,106.0,,False
192,INGENIERÍA ELÉCTRICA,642649,654.125,88.0,,False
192,INGENIERÍA ELÉCTRICA,692616,631.0,93.0,,False
192,INGENIERÍA ELÉCTRICA,631752,1196.625,2.0,,False
192,INGENIERÍA ELÉCTRICA,625991,1028.75,15.0,,False
192,INGENIERÍA ELÉCTRICA,655402,777.0,58.0,,False
192,INGENIERÍA ELÉCTRICA,678112,568.125,108.0,,False
192,INGENIERÍA ELÉCTRICA,632071,,,AUSENTE,True
192,INGENIERÍA ELÉCTRICA,642946,1038.625,14.0,,False
192,INGENIERÍA ELÉCTRICA,682758,1095.0,9.0,,False
192,INGENIERÍA ELÉCTRICA,673457,1003.125,19.0,,False
192,INGENIERÍA ELÉCTRICA,626851,823.125,48.0,,False
192,INGENIERÍA ELÉCTRICA,691574,,,AUSENTE,True
192,INGENIERÍA ELÉCTRICA,690062,1190.125,3.0,,False
192,INGENIERÍA ELÉCTRICA,679797,1020.625,16.0,,False
192,INGENIERÍA ELÉCTRICA,690330,,,AUSENTE,True
192,INGENIERÍA ELÉCTRICA,661457,1146.75,5.0,,False
192,INGENIERÍA ELÉCTRICA,670186,834.125,47.0,,False
192,INGENIERÍA ELÉCTRICA,659837,739.5,73.0,,False
192,INGENIERÍA ELÉCTRICA,683631,1070.5,13.0,,False
192,INGENIERÍA ELÉCTRICA,681045,690.125,82.0,,False
192,INGENIERÍA ELÉCTRICA,633841,535.25,112.0,,False
192,INGENIERÍA ELÉCTRICA,682706,982.0,23.0,,False
192,INGENIERÍA ELÉCTRICA,651263,526.875,113.0,,False
192,INGENIERÍA ELÉCTRICA,671980,520.625,114.0,,False
192,INGENIERÍA ELÉCTRICA,697613,601.75,100.0,,False
192,INGENIERÍA ELÉCTRICA,657650,584.125,105.0,,False
192,INGENIERÍA ELÉCTRICA,685403,855.25,42.0,,False
192,INGENIERÍA ELÉCTRICA,694847,747.375,72.0,,False
192,INGENIERÍA ELÉCTRICA,629313,811.25,52.0,,False
192,INGENIERÍA ELÉCTRICA,672239,917.25,32.0,,False
192,INGENIERÍA ELÉCTRICA,623321,1184.5,4.0,,False
192,INGENIERÍA ELÉCTRICA,657574,592.0,102.0,,False
192,INGENIERÍA ELÉCTRICA,665754,770.75,62.0,,False
192,INGENIERÍA ELÉCTRICA,662247,940.875,28.0,,False
192,INGENIERÍA ELÉCTRICA,669558,756.875,69.0,,False
192,INGENIERÍA ELÉCTRICA,691516,771.0,60.0,,False
192,INGENIERÍA ELÉCTRICA,644728,1106.25,8.0,,False
192,INGENIERÍA ELÉCTRICA,689889,665.125,85.0,,False
192,INGENIERÍA ELÉCTRICA,696819,893.5,36.0,,False
192,INGENIERÍA ELÉCTRICA,667436,889.5,39.0,,False
192,INGENIERÍA ELÉCTRICA,657300,765.125,66.0,,False
192,INGENIERÍA ELÉCTRICA,685653,1016.25,17.0,,False
192,INGENIERÍA ELÉCTRICA,659461,770.75,61.0,,False
192,INGENIERÍA ELÉCTRICA,671860,1108.75,7.0,,False
192,INGENIERÍA ELÉCTRICA,668121,1003.125,20.0,,False
192,INGENIERÍA ELÉCTRICA,665515,658.25,87.0,,False
192,INGENIERÍA ELÉCTRICA,661686,836.875,46.0,,False
192,INGENIERÍA ELÉCTRICA,631149,770.75,63.0,,False
192,INGENIERÍA ELÉCTRICA,651427,643.125,92.0,,False
192,INGENIERÍA ELÉCTRICA,658912,984.25,21.0,,False
192,INGENIERÍA ELÉCTRICA,643763,940.875,26.0,,False
192,INGENIERÍA ELÉCTRICA,672234,933.25,30.0,,False
191,INGENIERÍA ELECTRÓNICA,679468,530.375,107.0,,False
191,INGENIERÍA ELECTRÓNICA,620458,755.75,61.0,,False
191,INGENIERÍA ELECTRÓNICA,686391,876.375,44.0,,False
191,INGENIERÍA ELECTRÓNICA,648692,736.625,69.0,,False
191,INGENIERÍA ELECTRÓNICA,634064,931.75,32.0,,False
191,INGENIERÍA ELECTRÓNICA,643587,675.5,86.0,,False
191,INGENIERÍA ELECTRÓNICA,669256,695.75,82.0,,False
191,INGENIERÍA ELECTRÓNICA,656489,782.625,57.0,,False
191,INGENIERÍA ELECTRÓNICA,645913,537.5,104.0,,False
191,INGENIERÍA ELECTRÓNICA,640058,902.875,40.0,,False
191,INGENIERÍA ELECTRÓNICA,675028,1087.0,12.0,,False
191,INGENIERÍA ELECTRÓNICA,625920,922.625,33.0,,False
191,INGENIERÍA ELECTRÓNICA,633424,1091.5,11.0,,False
191,INGENIERÍA ELECTRÓNICA,683846,903.75,38.0,,False
191,INGENIERÍA ELECTRÓNICA,676465,,,AUSENTE,True
191,INGENIERÍA ELECTRÓNICA,674023,731.625,72.0,,False
191,INGENIERÍA ELECTRÓNICA,669487,735.875,70.0,,False
191,INGENIERÍA ELECTRÓNICA,649094,1025.375,17.0,,False
191,INGENIERÍA ELECTRÓNICA,641043,611.875,99.0,,False
191,INGENIERÍA ELECTRÓNICA,634896,1007.125,21.0,,False
191,INGENIERÍA ELECTRÓNICA,669585,813.5,53.0,,False
191,INGENIERÍA ELECTRÓNICA,691212,1196.625,4.0,,False
191,INGENIERÍA ELECTRÓNICA,680539,430.875,118.0,,False
191,INGENIERÍA ELECTRÓNICA,649881,,,AUSENTE,True
191,INGENIERÍA ELECTRÓNICA,656733,439.125,117.0,,False
191,INGENIERÍA ELECTRÓNICA,641524,958.375,27.0,,False
191,INGENIERÍA ELECTRÓNICA,626620,798.625,55.0,,False
191,INGENIERÍA ELECTRÓNICA,622468,751.25,65.0,,False
191,INGENIERÍA ELECTRÓNICA,696400,1203.375,3.0,,False
191,INGENIERÍA ELECTRÓNICA,671590,854.625,46.0,,False
191,INGENIERÍA ELECTRÓNICA,624378,717.75,75.0,,False
191,INGENIERÍA ELECTRÓNICA,631707,824.75,52.0,,False
191,INGENIERÍA ELECTRÓNICA,661536,648.0,92.0,,False
191,INGENIERÍA ELECTRÓNICA,666796,456.125,115.0,,False
191,INGENIERÍA ELECTRÓNICA,627929,483.125,110.0,,False
191,INGENIERÍA ELECTRÓNICA,631978,442.75,116.0,,False
191,INGENIERÍA ELECTRÓNICA,626939,753.5,63.0,,False
191,INGENIERÍA ELECTRÓNICA,646002,1024.25,18.0,,False
191,INGENIERÍA ELECTRÓNICA,678789,661.125,90.0,,False
191,INGENIERÍA ELECTRÓNICA,684483,918.375,35.0,,False
191,INGENIERÍA ELECTRÓNICA,698767,897.375,42.0,,False
191,INGENIERÍA ELECTRÓNICA,637965,519.875,108.0,,False
191,INGENIERÍA ELECTRÓNICA,674114,1107.875,9.0,,False
191,INGENIERÍA ELECTRÓNICA,691110,1084.75,14.0,,False
191,INGENIERÍA ELECTRÓNICA,649559,1073.875,16.0,,False
191,INGENIERÍA ELECTRÓNICA,681029,901.5,41.0,,False
191,INGENIERÍA ELECTRÓNICA,691140,220.75,120.0,,False
191,INGENIERÍA ELECTRÓNICA,622174,972.75,24.0,,False
191,INGENIERÍA ELECTRÓNICA,661252,711.375,79.0,,False
191,INGENIERÍA ELECTRÓNICA,682109,1125.875,7.0,,False
191,INGENIERÍA ELECTRÓNICA,681149,479.25,111.0,,False
191,INGENIERÍA ELECTRÓNICA,661435,1129.875,6.0,,False
191,INGENIERÍA ELECTRÓNICA,657581,875.0,45.0,,False
191,INGENIERÍA ELECTRÓNICA,660174,770.75,58.0,,False
191,INGENIERÍA ELECTRÓNICA,681199,961.375,26.0,,False
191,INGENIERÍA ELECTRÓNICA,642947,692.5,84.0,,False
191,INGENIERÍA ELECTRÓNICA,663769,1408.5,1.0,,False
191,INGENIERÍA ELECTRÓNICA,669408,,,AUSENTE,True
191,INGENIERÍA ELECTRÓNICA,668835,1002.25,23.0,,False
191,INGENIERÍA ELECTRÓNICA,620485,830.75,50.0,,False
191,INGENIERÍA ELECTRÓNICA,681348,935.75,31.0,,False
191,INGENIERÍA ELECTRÓNICA,699833,649.125,91.0,,False
191,INGENIERÍA ELECTRÓNICA,683035,810.125,54.0,,False
191,INGENIERÍA ELECTRÓNICA,674357,558.25,103.0,,False
191,INGENIERÍA ELECTRÓNICA,666144,581.375,102.0,,False
191,INGENIERÍA ELECTRÓNICA,683953,665.625,88.0,,False
191,INGENIERÍA ELECTRÓNICA,666316,665.625,87.0,,False
191,INGENIERÍA ELECTRÓNICA,652838,699.5,81.0,,False
191,INGENIERÍA ELECTRÓNICA,668867,915.5,36.0,,False
191,INGENIERÍA ELECTRÓNICA,697819,533.5,106.0,,False
191,INGENIERÍA ELECTRÓNICA,679789,664.5,89.0,,False
191,INGENIERÍA ELECTRÓNICA,668129,1096.875,10.0,,False
191,INGENIERÍA ELECTRÓNICA,640744,590.75,100.0,,False
191,INGENIERÍA ELECTRÓNICA,655473,826.125,51.0,,False
191,INGENIERÍA ELECTRÓNICA,682486,715.75,76.0,,False
191,INGENIERÍA ELECTRÓNICA,623692,734.125,71.0,,False
191,INGENIERÍA ELECTRÓNICA,631760,619.875,97.0,,False
191,INGENIERÍA ELECTRÓNICA,634773,796.375,56.0,,False
191,INGENIERÍA ELECTRÓNICA,671046,721.375,74.0,,False
191,INGENIERÍA ELECTRÓNICA,680057,533.875,105.0,,False
191,INGENIERÍA ELECTRÓNICA,641837,620.0,96.0,,False
191,INGENIERÍA ELECTRÓNICA,633293,1083.625,15.0,,False
191,INGENIERÍA ELECTRÓNICA,673745,1007.375,20.0,,False
191,INGENIERÍA ELECTRÓNICA,622805,467.5,113.0,,False
191,INGENIERÍA ELECTRÓNICA,628529,457.125,114.0,,False
191,INGENIERÍA ELECTRÓNICA,684648,896.375,43.0,,False
191,INGENIERÍA ELECTRÓNICA,662920,726.125,73.0,,False
191,INGENIERÍA ELECTRÓNICA,640653,612.0,98.0,,False
191,INGENIERÍA ELECTRÓNICA,681139,952.875,28.0,,False
191,INGENIERÍA ELECTRÓNICA,664201,939.75,30.0,,False
191,INGENIERÍA ELECTRÓNICA,624976,903.125,39.0,,False
191,INGENIERÍA ELECTRÓNICA,681191,713.375,78.0,,False
191,INGENIERÍA ELECTRÓNICA,673450,715.25,77.0,,False
191,INGENIERÍA ELECTRÓNICA,657551,632.375,93.0,,False
191,INGENIERÍA ELECTRÓNICA,657863,430.375,119.0,,False
191,INGENIERÍA ELECTRÓNICA,660850,834.125,49.0,,False
191,INGENIERÍA ELECTRÓNICA,670419,495.5,109.0,,False
191,INGENIERÍA ELECTRÓNICA,634261,1009.625,19.0,,False
191,INGENIERÍA ELECTRÓNICA,696225,702.25,80.0,,False
191,INGENIERÍA ELECTRÓNICA,639721,624.875,94.0,,False
191,INGENIERÍA ELECTRÓNICA,632274,737.25,68.0,,False
191,INGENIERÍA ELECTRÓNICA,668143,850.75,47.0,,False
191,INGENIERÍA ELECTRÓNICA,681736,754.75,62.0,,False
191,INGENIERÍA ELECTRÓNICA,686061,1004.25,22.0,,False
191,INGENIERÍA ELECTRÓNICA,684338,472.375,112.0,,False
191,INGENIERÍA ELECTRÓNICA,623419,738.375,67.0,,False
191,INGENIERÍA ELECTRÓNICA,648472,1260.625,2.0,,False
191,INGENIERÍA ELECTRÓNICA,687233,738.625,66.0,,False
191,INGENIERÍA ELECTRÓNICA,662273,,,AUSENTE,True
191,INGENIERÍA ELECTRÓNICA,650844,968.25,25.0,,False
191,INGENIERÍA ELECTRÓNICA,689336,1123.375,8.0,,False
191,INGENIERÍA ELECTRÓNICA,678109,760.0,60.0,,False
191,INGENIERÍA ELECTRÓNICA,629718,769.375,59.0,,False
191,INGENIERÍA ELECTRÓNICA,662453,623.875,95.0,,False
191,INGENIERÍA ELECTRÓNICA,642382,685.375,85.0,,False
191,INGENIERÍA ELECTRÓNICA,638558,908.5,37.0,,False
191,INGENIERÍA ELECTRÓNICA,633037,1175.5,5.0,,False
191,INGENIERÍA ELECTRÓNICA,699164,1086.125,13.0,,False
191,INGENIERÍA ELECTRÓNICA,670299,843.0,48.0,,False
191,INGENIERÍA ELECTRÓNICA,622142,581.625,101.0,,False
191,INGENIERÍA ELECTRÓNICA,656447,918.625,34.0,,False
191,INGENIERÍA ELECTRÓNICA,681178,,,AUSENTE,True
191,INGENIERÍA ELECTRÓNICA,658341,949.0,29.0,,False
191,INGENIERÍA ELECTRÓNICA,627543,693.0,83.0,,False
191,INGENIERÍA ELECTRÓNICA,638054,751.625,64.0,,False
163,INGENIERÍA GEOGRÁFICA,691875,798.875,7.0,,False
163,INGENIERÍA GEOGRÁFICA,633069,893.5,5.0,,False
163,INGENIERÍA GEOGRÁFICA,694617,576.0,21.0,,False
163,INGENIERÍA GEOGRÁFICA,651526,760.875,12.0,,False
163,INGENIERÍA GEOGRÁFICA,625574,614.125,19.0,,False
163,INGENIERÍA GEOGRÁFICA,623879,749.375,13.0,,False
163,INGENIERÍA GEOGRÁFICA,676356,384.25,33.0,,False
163,INGENIERÍA GEOGRÁFICA,626407,496.875,26.0,,False
163,INGENIERÍA GEOGRÁFICA,657887,1131.0,1.0,,False
163,INGENIERÍA GEOGRÁFICA,621162,486.375,28.0,,False
163,INGENIERÍA GEOGRÁFICA,685846,420.25,30.0,,False
163,INGENIERÍA GEOGRÁFICA,653563,974.0,3.0,,False
163,INGENIERÍA GEOGRÁFICA,643493,395.625,32.0,,False
163,INGENIERÍA GEOGRÁFICA,661294,490.625,27.0,,False
163,INGENIERÍA GEOGRÁFICA,672664,601.75,20.0,,False
163,INGENIERÍA GEOGRÁFICA,627843,733.0,14.0,,False
163,INGENIERÍA GEOGRÁFICA,647351,795.5,9.0,,False
163,INGENIERÍA GEOGRÁFICA,646406,573.75,22.0,,False
163,INGENIERÍA GEOGRÁFICA,655561,561.75,23.0,,False
163,INGENIERÍA GEOGRÁFICA,666239,797.5,8.0,,False
163,INGENIERÍA GEOGRÁFICA,627135,546.875,24.0,,False
163,INGENIERÍA GEOGRÁFICA,660819,644.25,18.0,,False
163,INGENIERÍA GEOGRÁFICA,686247,709.625,15.0,,False
163,INGENIERÍA GEOGRÁFICA,676151,787.875,10.0,,False
163,INGENIERÍA GEOGRÁFICA,662661,943.75,4.0,,False
163,INGENIERÍA GEOGRÁFICA,681681,1027.375,2.0,,False
163,INGENIERÍA GEOGRÁFICA,648077,658.25,16.0,,False
163,INGENIERÍA GEOGRÁFICA,636115,653.125,17.0,,False
163,INGENIERÍA GEOGRÁFICA,631532,397.0,31.0,,False
163,INGENIERÍA GEOGRÁFICA,622458,530.0,25.0,,False
163,INGENIERÍA GEOGRÁFICA,692162,831.0,6.0,,False
163,INGENIERÍA GEOGRÁFICA,686105,463.375,29.0,,False
163,INGENIERÍA GEOGRÁFICA,684960,767.125,11.0,,False
162,INGENIERÍA GEOLÓGICA,658914,901.5,24.0,,False
162,INGENIERÍA GEOLÓGICA,646701,657.25,74.0,,False
162,INGENIERÍA GEOLÓGICA,699373,866.5,30.0,,False
162,INGENIERÍA GEOLÓGICA,663615,815.25,38.0,,False
162,INGENIERÍA GEOLÓGICA,694392,685.5,69.0,,False
162,INGENIERÍA GEOLÓGICA,651617,542.875,87.0,,False
162,INGENIERÍA GEOLÓGICA,688520,1024.5,10.0,,False
162,INGENIERÍA GEOLÓGICA,662634,872.375,29.0,,False
162,INGENIERÍA GEOLÓGICA,643608,795.875,44.0,,False
162,INGENIERÍA GEOLÓGICA,632034,809.0,41.0,,False
162,INGENIERÍA GEOLÓGICA,622117,940.875,21.0,,False
162,INGENIERÍA GEOLÓGICA,668301,711.0,66.0,,False
162,INGENIERÍA GEOLÓGICA,693091,897.5,25.0,,False
162,INGENIERÍA GEOLÓGICA,698106,628.5,77.0,,False
162,INGENIERÍA GEOLÓGICA,651031,834.125,34.0,,False
162,INGENIERÍA GEOLÓGICA,677226,,,AUSENTE,True
162,INGENIERÍA GEOLÓGICA,641927,803.75,43.0,,False
162,INGENIERÍA GEOLÓGICA,623814,679.0,71.0,,False
162,INGENIERÍA GEOLÓGICA,649605,726.75,64.0,,False
162,INGENIERÍA GEOLÓGICA,693654,497.25,93.0,,False
162,INGENIERÍA GEOLÓGICA,632170,849.625,33.0,,False
162,INGENIERÍA GEOLÓGICA,687747,628.0,78.0,,False
162,INGENIERÍA GEOLÓGICA,653882,606.25,80.0,,False
162,INGENIERÍA GEOLÓGICA,651390,410.375,97.0,,False
162,INGENIERÍA GEOLÓGICA,636317,381.625,98.0,,False
162,INGENIERÍA GEOLÓGICA,688954,739.125,60.0,,False
162,INGENIERÍA GEOLÓGICA,662791,1177.25,2.0,,False
162,INGENIERÍA GEOLÓGICA,633660,645.125,76.0,,False
162,INGENIERÍA GEOLÓGICA,660724,749.625,57.0,,False
162,INGENIERÍA GEOLÓGICA,666344,,,AUSENTE,True
162,INGENIERÍA GEOLÓGICA,668590,975.125,17.0,,False
162,INGENIERÍA GEOLÓGICA,663478,977.75,16.0,,False
162,INGENIERÍA GEOLÓGICA,645558,734.125,61.0,,False
162,INGENIERÍA GEOLÓGICA,663148,598.25,81.0,,False
162,INGENIERÍA GEOLÓGICA,662748,876.375,28.0,,False
162,INGENIERÍA GEOLÓGICA,683474,656.375,75.0,,False
162,INGENIERÍA GEOLÓGICA,647080,962.0,19.0,,False
162,INGENIERÍA GEOLÓGICA,632811,876.375,27.0,,False
162,INGENIERÍA GEOLÓGICA,624711,586.875,84.0,,False
162,INGENIERÍA GEOLÓGICA,692059,914.625,23.0,,False
162,INGENIERÍA GEOLÓGICA,623792,814.125,39.0,,False
162,INGENIERÍA GEOLÓGICA,657648,540.625,88.0,,False
162,INGENIERÍA GEOLÓGICA,673272,728.5,63.0,,False
162,INGENIERÍA GEOLÓGICA,677849,1016.125,11.0,,False
162,INGENIERÍA GEOLÓGICA,666379,447.0,96.0,,False
162,INGENIERÍA GEOLÓGICA,633250,590.375,83.0,,False
162,INGENIERÍA GEOLÓGICA,643592,709.625,67.0,,False
162,INGENIERÍA GEOLÓGICA,697242,784.75,47.0,,False
162,INGENIERÍA GEOLÓGICA,635720,315.75,100.0,,False
162,INGENIERÍA GEOLÓGICA,650137,828.375,36.0,,False
162,INGENIERÍA GEOLÓGICA,672404,720.875,65.0,,False
162,INGENIERÍA GEOLÓGICA,699419,858.625,31.0,,False
162,INGENIERÍA GEOLÓGICA,679403,806.125,42.0,,False
162,INGENIERÍA GEOLÓGICA,654261,570.125,85.0,,False
162,INGENIERÍA GEOLÓGICA,649405,784.375,49.0,,False
162,INGENIERÍA GEOLÓGICA,631219,746.75,58.0,,False
162,INGENIERÍA GEOLÓGICA,647187,834.125,35.0,,False
162,INGENIERÍA GEOLÓGICA,671170,1066.5,7.0,,False
162,INGENIERÍA GEOLÓGICA,622474,983.125,14.0,,False
162,INGENIERÍA GEOLÓGICA,622222,1048.75,8.0,,False
162,INGENIERÍA GEOLÓGICA,666024,857.5,32.0,,False
162,INGENIERÍA GEOLÓGICA,665315,565.75,86.0,,False
162,INGENIERÍA GEOLÓGICA,684529,1071.625,6.0,,False
162,INGENIERÍA GEOLÓGICA,657169,982.0,15.0,,False
162,INGENIERÍA GEOLÓGICA,663964,1089.625,5.0,,False
162,INGENIERÍA GEOLÓGICA,643694,754.75,55.0,,False
162,INGENIERÍA GEOLÓGICA,684195,791.875,45.0,,False
162,INGENIERÍA GEOLÓGICA,661586,786.75,46.0,,False
162,INGENIERÍA GEOLÓGICA,691365,538.875,89.0,,False
162,INGENIERÍA GEOLÓGICA,640456,914.875,22.0,,False
162,INGENIERÍA GEOLÓGICA,692403,1108.75,3.0,,False
162,INGENIERÍA GEOLÓGICA,691184,681.75,70.0,,False
162,INGENIERÍA GEOLÓGICA,663245,533.625,91.0,,False
162,INGENIERÍA GEOLÓGICA,642749,1097.5,4.0,,False
162,INGENIERÍA GEOLÓGICA,629010,597.75,82.0,,False
162,INGENIERÍA GEOLÓGICA,677956,476.5,95.0,,False
162,INGENIERÍA GEOLÓGICA,660988,1013.875,12.0,,False
162,INGENIERÍA GEOLÓGICA,649126,343.625,99.0,,False
162,INGENIERÍA GEOLÓGICA,638720,477.375,94.0,,False
162,INGENIERÍA GEOLÓGICA,695017,666.5,73.0,,False
162,INGENIERÍA GEOLÓGICA,636690,986.0,13.0,,False
162,INGENIERÍA GEOLÓGICA,682905,621.875,79.0,,False
162,INGENIERÍA GEOLÓGICA,670050,,,AUSENTE,True
162,INGENIERÍA GEOLÓGICA,672837,671.0,72.0,,False
162,INGENIERÍA GEOLÓGICA,634364,762.0,53.0,,False
162,INGENIERÍA GEOLÓGICA,648398,813.0,40.0,,False
162,INGENIERÍA GEOLÓGICA,639874,702.125,68.0,,False
162,INGENIERÍA GEOLÓGICA,640049,535.0,90.0,,False
162,INGENIERÍA GEOLÓGICA,650402,969.25,18.0,,False
162,INGENIERÍA GEOLÓGICA,670000,517.125,92.0,,False
162,INGENIERÍA GEOLÓGICA,695792,889.625,26.0,,False
162,INGENIERÍA GEOLÓGICA,699172,745.625,59.0,,False
162,INGENIERÍA GEOLÓGICA,658210,817.25,37.0,,False
162,INGENIERÍA GEOLÓGICA,678413,728.5,62.0,,False
162,INGENIERÍA GEOLÓGICA,620049,778.875,50.0,,False
162,INGENIERÍA GEOLÓGICA,635880,784.5,48.0,,False
162,INGENIERÍA GEOLÓGICA,620249,755.25,54.0,,False
162,INGENIERÍA GEOLÓGICA,627263,753.0,56.0,,False
162,INGENIERÍA GEOLÓGICA,634824,1288.0,1.0,,False
162,INGENIERÍA GEOLÓGICA,627565,1047.0,9.0,,False
162,INGENIERÍA GEOLÓGICA,628266,776.625,51.0,,False
162,INGENIERÍA GEOLÓGICA,625931,770.75,52.0,,False
162,INGENIERÍA GEOLÓGICA,693670,942.0,20.0,,False
171,INGENIERÍA INDUSTRIAL,631500,613.0,514.0,,False
171,INGENIERÍA INDUSTRIAL,631959,991.125,54.0,,False
171,INGENIERÍA INDUSTRIAL,644790,787.875,264.0,,False
171,INGENIERÍA INDUSTRIAL,636996,774.75,277.0,,False
171,INGENIERÍA INDUSTRIAL,693620,818.125,216.0,,False
171,INGENIERÍA INDUSTRIAL,633617,701.125,377.0,,False
171,INGENIERÍA INDUSTRIAL,624619,862.0,156.0,,False
171,INGENIERÍA INDUSTRIAL,692995,799.5,236.0,,False
171,INGENIERÍA INDUSTRIAL,697917,855.5,165.0,,False
171,INGENIERÍA INDUSTRIAL,646273,491.25,626.0,,False
171,INGENIERÍA INDUSTRIAL,667235,665.125,435.0,,False
171,INGENIERÍA INDUSTRIAL,626531,569.875,573.0,,False
171,INGENIERÍA INDUSTRIAL,647647,556.875,586.0,,False
171,INGENIERÍA INDUSTRIAL,670809,661.5,444.0,,False
171,INGENIERÍA INDUSTRIAL,640971,463.0,641.0,,False
171,INGENIERÍA INDUSTRIAL,691899,843.125,182.0,,False
171,INGENIERÍA INDUSTRIAL,646998,565.5,578.0,,False
171,INGENIERÍA INDUSTRIAL,683946,846.75,179.0,,False
171,INGENIERÍA INDUSTRIAL,631897,618.875,499.0,,False
171,INGENIERÍA INDUSTRIAL,622914,610.25,520.0,,False
171,INGENIERÍA INDUSTRIAL,621120,857.125,162.0,,False
171,INGENIERÍA INDUSTRIAL,663688,1196.625,6.0,,False
171,INGENIERÍA INDUSTRIAL,646108,699.375,380.0,,False
171,INGENIERÍA INDUSTRIAL,695778,728.5,344.0,,False
171,INGENIERÍA INDUSTRIAL,632590,753.625,310.0,,False
171,INGENIERÍA INDUSTRIAL,679389,818.125,217.0,,False
171,INGENIERÍA INDUSTRIAL,627647,481.875,633.0,,False
171,INGENIERÍA INDUSTRIAL,664327,754.375,307.0,,False
171,INGENIERÍA INDUSTRIAL,631169,806.5,231.0,,False
171,INGENIERÍA INDUSTRIAL,659685,849.0,173.0,,False
171,INGENIERÍA INDUSTRIAL,646843,418.375,659.0,,False
171,INGENIERÍA INDUSTRIAL,683879,696.25,384.0,,False
171,INGENIERÍA INDUSTRIAL,638817,,,AUSENTE,True
171,INGENIERÍA INDUSTRIAL,677157,855.0,167.0,,False
171,INGENIERÍA INDUSTRIAL,629291,646.5,467.0,,False
171,INGENIERÍA INDUSTRIAL,652774,931.625,94.0,,False
171,INGENIERÍA INDUSTRIAL,686596,674.625,414.0,,False
171,INGENIERÍA INDUSTRIAL,671402,,,AUSENTE,True
171,INGENIERÍA INDUSTRIAL,649592,872.375,145.0,,False
171,INGENIERÍA INDUSTRIAL,688497,443.625,651.0,,False
171,INGENIERÍA INDUSTRIAL,685184,650.75,458.0,,False
171,INGENIERÍA INDUSTRIAL,664492,667.0,433.0,,False
171,INGENIERÍA INDUSTRIAL,692148,946.0,80.0,,False
171,INGENIERÍA INDUSTRIAL,671613,721.0,356.0,,False
171,INGENIERÍA INDUSTRIAL,688949,738.125,332.0,,False
171,INGENIERÍA INDUSTRIAL,672505,1020.25,41.0,,False
171,INGENIERÍA INDUSTRIAL,633481,669.125,426.0,,False
171,INGENIERÍA INDUSTRIAL,692817,733.625,340.0,,False
171,INGENIERÍA INDUSTRIAL,690647,918.625,102.0,,False
171,INGENIERÍA INDUSTRIAL,666653,1235.5,4.0,,False
171,INGENIERÍA INDUSTRIAL,648995,579.625,558.0,,False
171,INGENIERÍA INDUSTRIAL,687519,824.75,208.0,,False
171,INGENIERÍA INDUSTRIAL,686869,909.875,112.0,,False
171,INGENIERÍA INDUSTRIAL,639222,648.125,460.0,,False
171,INGENIERÍA INDUSTRIAL,640709,848.625,174.0,,False
171,INGENIERÍA INDUSTRIAL,639780,610.0,521.0,,False
171,INGENIERÍA INDUSTRIAL,696901,506.5,615.0,,False
171,INGENIERÍA INDUSTRIAL,677324,769.0,287.0,,False
171,INGENIERÍA INDUSTRIAL,673443,716.5,360.0,,False
171,INGENIERÍA INDUSTRIAL,682219,789.0,259.0,,False
171,INGENIERÍA INDUSTRIAL,697922,580.625,555.0,,False
171,INGENIERÍA INDUSTRIAL,634061,635.75,481.0,,False
171,INGENIERÍA INDUSTRIAL,631308,916.875,105.0,,False
171,INGENIERÍA INDUSTRIAL,653795,777.25,273.0,,False
171,INGENIERÍA INDUSTRIAL,649408,655.5,451.0,,False
171,INGENIERÍA INDUSTRIAL,650877,822.5,210.0,,False
171,INGENIERÍA INDUSTRIAL,663564,867.5,152.0,,False
171,INGENIERÍA INDUSTRIAL,653120,653.125,454.0,,False
171,INGENIERÍA INDUSTRIAL,641621,629.0,490.0,,False
171,INGENIERÍA INDUSTRIAL,689446,880.375,136.0,,False
171,INGENIERÍA INDUSTRIAL,661908,859.25,161.0,,False
171,INGENIERÍA INDUSTRIAL,640274,598.875,532.0,,False
171,INGENIERÍA INDUSTRIAL,688503,629.25,489.0,,False
171,INGENIERÍA INDUSTRIAL,673395,873.25,144.0,,False
171,INGENIERÍA INDUSTRIAL,660382,671.375,419.0,,False
171,INGENIERÍA INDUSTRIAL,689205,675.75,409.0,,False
171,INGENIERÍA INDUSTRIAL,666051,608.25,524.0,,False
171,INGENIERÍA INDUSTRIAL,681099,918.625,101.0,,False
171,INGENIERÍA INDUSTRIAL,671269,345.125,670.0,,False
171,INGENIERÍA INDUSTRIAL,645858,616.0,508.0,,False
171,INGENIERÍA INDUSTRIAL,621011,849.875,170.0,,False
171,INGENIERÍA INDUSTRIAL,669513,651.875,456.0,,False
171,INGENIERÍA INDUSTRIAL,671611,667.0,432.0,,False
171,INGENIERÍA INDUSTRIAL,641485,1021.75,40.0,,False
171,INGENIERÍA INDUSTRIAL,623296,1017.25,42.0,,False
171,INGENIERÍA INDUSTRIAL,621938,952.875,75.0,,False
171,INGENIERÍA INDUSTRIAL,655501,580.25,557.0,,False
171,INGENIERÍA INDUSTRIAL,676316,483.625,631.0,,False
171,INGENIERÍA INDUSTRIAL,647535,427.25,656.0,,False
171,INGENIERÍA INDUSTRIAL,686338,633.75,485.0,,False
171,INGENIERÍA INDUSTRIAL,665798,614.875,510.0,,False
171,INGENIERÍA INDUSTRIAL,676521,684.75,401.0,,False
171,INGENIERÍA INDUSTRIAL,674117,576.625,560.0,,False
171,INGENIERÍA INDUSTRIAL,632603,801.0,234.0,,False
171,INGENIERÍA INDUSTRIAL,646180,562.0,582.0,,False
171,INGENIERÍA INDUSTRIAL,638295,664.25,438.0,,False
171,INGENIERÍA INDUSTRIAL,646342,935.5,90.0,,False
171,INGENIERÍA INDUSTRIAL,649566,568.0,575.0,,False
171,INGENIERÍA INDUSTRIAL,668558,647.875,464.0,,False
171,INGENIERÍA INDUSTRIAL,697263,837.375,186.0,,False
171,INGENIERÍA INDUSTRIAL,682198,792.875,247.0,,False
171,INGENIERÍA INDUSTRIAL,679498,,,AUSENTE,True
171,INGENIERÍA INDUSTRIAL,639583,602.25,528.0,,False
171,INGENIERÍA INDUSTRIAL,693815,646.25,468.0,,False
171,INGENIERÍA INDUSTRIAL,682737,678.0,407.0,,False
171,INGENIERÍA INDUSTRIAL,661538,393.375,666.0,,False
171,INGENIERÍA INDUSTRIAL,669840,1034.375,34.0,,False
171,INGENIERÍA INDUSTRIAL,646889,898.375,121.0,,False
171,INGENIERÍA INDUSTRIAL,650369,987.125,56.0,,False
171,INGENIERÍA INDUSTRIAL,642113,617.0,504.0,,False
171,INGENIERÍA INDUSTRIAL,628865,695.75,385.0,,False
171,INGENIERÍA INDUSTRIAL,647690,788.25,263.0,,False
171,INGENIERÍA INDUSTRIAL,689692,667.375,431.0,,False
171,INGENIERÍA INDUSTRIAL,631366,593.75,539.0,,False
171,INGENIERÍA INDUSTRIAL,662794,440.625,652.0,,False
171,INGENIERÍA INDUSTRIAL,657327,727.5,347.0,,False
171,INGENIERÍA INDUSTRIAL,682092,679.75,405.0,,False
171,INGENIERÍA INDUSTRIAL,645121,962.5,67.0,,False
171,INGENIERÍA INDUSTRIAL,686268,813.0,224.0,,False
171,INGENIERÍA INDUSTRIAL,663751,982.5,58.0,,False
171,INGENIERÍA INDUSTRIAL,654341,636.625,480.0,,False
171,INGENIERÍA INDUSTRIAL,640496,662.25,441.0,,False
171,INGENIERÍA INDUSTRIAL,667744,940.875,86.0,,False
171,INGENIERÍA INDUSTRIAL,678963,684.25,402.0,,False
171,INGENIERÍA INDUSTRIAL,688447,477.375,635.0,,False
171,INGENIERÍA INDUSTRIAL,670643,479.5,634.0,,False
171,INGENIERÍA INDUSTRIAL,639267,942.0,83.0,,False
171,INGENIERÍA INDUSTRIAL,670850,400.5,664.0,,False
171,INGENIERÍA INDUSTRIAL,635381,972.625,62.0,,False
171,INGENIERÍA INDUSTRIAL,633451,710.0,367.0,,False
171,INGENIERÍA INDUSTRIAL,641096,802.5,233.0,,False
171,INGENIERÍA INDUSTRIAL,697974,688.25,392.0,,False
171,INGENIERÍA INDUSTRIAL,624712,830.125,201.0,,False
171,INGENIERÍA INDUSTRIAL,644274,693.625,388.0,,False
171,INGENIERÍA INDUSTRIAL,639491,1046.5,31.0,,False
171,INGENIERÍA INDUSTRIAL,627154,960.875,69.0,,False
171,INGENIERÍA INDUSTRIAL,671832,587.125,546.0,,False
171,INGENIERÍA INDUSTRIAL,655342,751.25,314.0,,False
171,INGENIERÍA INDUSTRIAL,629840,843.375,181.0,,False
171,INGENIERÍA INDUSTRIAL,634099,818.125,218.0,,False
171,INGENIERÍA INDUSTRIAL,655785,496.625,625.0,,False
171,INGENIERÍA INDUSTRIAL,665210,409.75,662.0,,False
171,INGENIERÍA INDUSTRIAL,694388,735.0,337.0,,False
171,INGENIERÍA INDUSTRIAL,692105,464.875,640.0,,False
171,INGENIERÍA INDUSTRIAL,668655,954.375,73.0,,False
171,INGENIERÍA INDUSTRIAL,668828,571.625,566.0,,False
171,INGENIERÍA INDUSTRIAL,670270,723.625,352.0,,False
171,INGENIERÍA INDUSTRIAL,667693,474.5,639.0,,False
171,INGENIERÍA INDUSTRIAL,629529,685.375,399.0,,False
171,INGENIERÍA INDUSTRIAL,652707,648.0,461.0,,False
171,INGENIERÍA INDUSTRIAL,697415,565.375,579.0,,False
171,INGENIERÍA INDUSTRIAL,681342,609.5,522.0,,False
171,INGENIERÍA INDUSTRIAL,675037,791.875,253.0,,False
171,INGENIERÍA INDUSTRIAL,659843,764.125,294.0,,False
171,INGENIERÍA INDUSTRIAL,627070,514.375,612.0,,False
171,INGENIERÍA INDUSTRIAL,678563,747.625,318.0,,False
171,INGENIERÍA INDUSTRIAL,661035,938.875,89.0,,False
171,INGENIERÍA INDUSTRIAL,644870,1066.5,24.0,,False
171,INGENIERÍA INDUSTRIAL,661724,563.875,581.0,,False
171,INGENIERÍA INDUSTRIAL,652398,786.875,265.0,,False
171,INGENIERÍA INDUSTRIAL,661684,809.625,229.0,,False
171,INGENIERÍA INDUSTRIAL,668412,618.375,501.0,,False
171,INGENIERÍA INDUSTRIAL,643296,833.25,195.0,,False
171,INGENIERÍA INDUSTRIAL,643538,801.0,235.0,,False
171,INGENIERÍA INDUSTRIAL,685545,953.75,74.0,,False
171,INGENIERÍA INDUSTRIAL,650138,373.5,668.0,,False
171,INGENIERÍA INDUSTRIAL,668598,545.75,594.0,,False
171,INGENIERÍA INDUSTRIAL,695857,818.875,215.0,,False
171,INGENIERÍA INDUSTRIAL,634291,1015.125,43.0,,False
171,INGENIERÍA INDUSTRIAL,630081,753.25,311.0,,False
171,INGENIERÍA INDUSTRIAL,678035,707.375,370.0,,False
171,INGENIERÍA INDUSTRIAL,648818,641.125,473.0,,False
171,INGENIERÍA INDUSTRIAL,634156,662.25,442.0,,False
171,INGENIERÍA INDUSTRIAL,631153,815.125,221.0,,False
171,INGENIERÍA INDUSTRIAL,623632,735.875,335.0,,False
171,INGENIERÍA INDUSTRIAL,665947,613.75,513.0,,False
171,INGENIERÍA INDUSTRIAL,647279,819.75,213.0,,False
171,INGENIERÍA INDUSTRIAL,647621,758.875,299.0,,False
171,INGENIERÍA INDUSTRIAL,638100,741.125,329.0,,False
171,INGENIERÍA INDUSTRIAL,695703,578.625,559.0,,False
171,INGENIERÍA INDUSTRIAL,683899,972.125,63.0,,False
171,INGENIERÍA INDUSTRIAL,644734,610.625,519.0,,False
171,INGENIERÍA INDUSTRIAL,670035,814.125,223.0,,False
171,INGENIERÍA INDUSTRIAL,641329,676.25,408.0,,False
171,INGENIERÍA INDUSTRIAL,662403,828.25,204.0,,False
171,INGENIERÍA INDUSTRIAL,681205,1138.875,13.0,,False
171,INGENIERÍA INDUSTRIAL,691773,986.0,57.0,,False
171,INGENIERÍA INDUSTRIAL,694907,573.25,563.0,,False
171,INGENIERÍA INDUSTRIAL,683914,789.875,257.0,,False
171,INGENIERÍA INDUSTRIAL,644951,777.5,271.0,,False
171,INGENIERÍA INDUSTRIAL,678451,617.5,503.0,,False
171,INGENIERÍA INDUSTRIAL,672379,559.875,583.0,,False
171,INGENIERÍA INDUSTRIAL,658471,439.375,653.0,,False
171,INGENIERÍA INDUSTRIAL,668103,779.125,270.0,,False
171,INGENIERÍA INDUSTRIAL,645947,941.375,84.0,,False
171,INGENIERÍA INDUSTRIAL,642450,585.375,549.0,,False
171,INGENIERÍA INDUSTRIAL,662789,638.375,476.0,,False
171,INGENIERÍA INDUSTRIAL,643213,448.375,648.0,,False
171,INGENIERÍA INDUSTRIAL,699163,673.0,416.0,,False
171,INGENIERÍA INDUSTRIAL,694959,614.375,511.0,,False
171,INGENIERÍA INDUSTRIAL,632425,556.625,588.0,,False
171,INGENIERÍA INDUSTRIAL,661071,901.5,116.0,,False
171,INGENIERÍA INDUSTRIAL,637412,927.75,95.0,,False
171,INGENIERÍA INDUSTRIAL,677031,1124.0,15.0,,False
171,INGENIERÍA INDUSTRIAL,699208,670.125,423.0,,False
171,INGENIERÍA INDUSTRIAL,683661,639.875,474.0,,False
171,INGENIERÍA INDUSTRIAL,672001,918.625,99.0,,False
171,INGENIERÍA INDUSTRIAL,632919,1052.625,29.0,,False
171,INGENIERÍA INDUSTRIAL,667099,726.75,348.0,,False
171,INGENIERÍA INDUSTRIAL,622695,792.25,249.0,,False
171,INGENIERÍA INDUSTRIAL,633974,572.375,564.0,,False
171,INGENIERÍA INDUSTRIAL,644827,660.0,445.0,,False
171,INGENIERÍA INDUSTRIAL,633264,914.625,109.0,,False
171,INGENIERÍA INDUSTRIAL,661745,912.75,111.0,,False
171,INGENIERÍA INDUSTRIAL,649395,776.875,275.0,,False
171,INGENIERÍA INDUSTRIAL,650900,704.875,373.0,,False
171,INGENIERÍA INDUSTRIAL,625050,883.375,134.0,,False
171,INGENIERÍA INDUSTRIAL,643895,543.75,595.0,,False
171,INGENIERÍA INDUSTRIAL,645993,814.625,222.0,,False
171,INGENIERÍA INDUSTRIAL,662087,903.75,115.0,,False
171,INGENIERÍA INDUSTRIAL,642151,612.0,517.0,,False
171,INGENIERÍA INDUSTRIAL,669879,647.875,463.0,,False
171,INGENIERÍA INDUSTRIAL,654472,644.5,470.0,,False
171,INGENIERÍA INDUSTRIAL,656981,506.5,616.0,,False
171,INGENIERÍA INDUSTRIAL,696247,836.125,189.0,,False
171,INGENIERÍA INDUSTRIAL,660954,1138.375,14.0,,False
171,INGENIERÍA INDUSTRIAL,637914,1008.5,45.0,,False
171,INGENIERÍA INDUSTRIAL,641520,437.875,654.0,,False
171,INGENIERÍA INDUSTRIAL,621898,766.5,290.0,,False
171,INGENIERÍA INDUSTRIAL,652473,462.375,642.0,,False
171,INGENIERÍA INDUSTRIAL,638392,615.125,509.0,,False
171,INGENIERÍA INDUSTRIAL,694150,705.5,372.0,,False
171,INGENIERÍA INDUSTRIAL,642239,636.875,479.0,,False
171,INGENIERÍA INDUSTRIAL,644360,530.125,603.0,,False
171,INGENIERÍA INDUSTRIAL,666226,1078.875,21.0,,False
171,INGENIERÍA INDUSTRIAL,652139,541.375,596.0,,False
171,INGENIERÍA INDUSTRIAL,639390,915.75,106.0,,False
171,INGENIERÍA INDUSTRIAL,642201,448.125,649.0,,False
171,INGENIERÍA INDUSTRIAL,640244,832.375,196.0,,False
171,INGENIERÍA INDUSTRIAL,683387,669.375,425.0,,False
171,INGENIERÍA INDUSTRIAL,651228,722.0,353.0,,False
171,INGENIERÍA INDUSTRIAL,629554,645.125,469.0,,False
171,INGENIERÍA INDUSTRIAL,642907,696.875,383.0,,False
171,INGENIERÍA INDUSTRIAL,691229,394.375,665.0,,False
171,INGENIERÍA INDUSTRIAL,623721,454.375,644.0,,False
171,INGENIERÍA INDUSTRIAL,621221,358.125,669.0,,False
171,INGENIERÍA INDUSTRIAL,631062,820.0,211.0,,False
171,INGENIERÍA INDUSTRIAL,654311,,,AUSENTE,True
171,INGENIERÍA INDUSTRIAL,679300,767.625,289.0,,False
171,INGENIERÍA INDUSTRIAL,624009,869.25,150.0,,False
171,INGENIERÍA INDUSTRIAL,688391,689.625,391.0,,False
171,INGENIERÍA INDUSTRIAL,657307,569.0,574.0,,False
171,INGENIERÍA INDUSTRIAL,686843,585.0,550.0,,False
171,INGENIERÍA INDUSTRIAL,635080,556.875,587.0,,False
171,INGENIERÍA INDUSTRIAL,663705,1108.75,16.0,,False
171,INGENIERÍA INDUSTRIAL,624348,475.0,638.0,,False
171,INGENIERÍA INDUSTRIAL,652329,719.25,357.0,,False
171,INGENIERÍA INDUSTRIAL,624412,670.25,422.0,,False
171,INGENIERÍA INDUSTRIAL,646752,598.875,531.0,,False
171,INGENIERÍA INDUSTRIAL,650874,1155.0,11.0,,False
171,INGENIERÍA INDUSTRIAL,677492,1013.75,44.0,,False
171,INGENIERÍA INDUSTRIAL,657878,791.875,251.0,,False
171,INGENIERÍA INDUSTRIAL,672729,765.5,291.0,,False
171,INGENIERÍA INDUSTRIAL,661089,655.5,452.0,,False
171,INGENIERÍA INDUSTRIAL,688229,742.625,324.0,,False
171,INGENIERÍA INDUSTRIAL,653865,574.5,562.0,,False
171,INGENIERÍA INDUSTRIAL,682275,686.75,394.0,,False
171,INGENIERÍA INDUSTRIAL,678859,833.5,193.0,,False
171,INGENIERÍA INDUSTRIAL,640189,595.25,537.0,,False
171,INGENIERÍA INDUSTRIAL,659408,608.75,523.0,,False
171,INGENIERÍA INDUSTRIAL,665067,536.375,602.0,,False
171,INGENIERÍA INDUSTRIAL,672568,724.5,351.0,,False
171,INGENIERÍA INDUSTRIAL,651978,,,AUSENTE,True
171,INGENIERÍA INDUSTRIAL,647303,856.375,163.0,,False
171,INGENIERÍA INDUSTRIAL,689957,871.0,148.0,,False
171,INGENIERÍA INDUSTRIAL,696863,612.0,516.0,,False
171,INGENIERÍA INDUSTRIAL,649130,950.875,76.0,,False
171,INGENIERÍA INDUSTRIAL,674666,861.0,157.0,,False
171,INGENIERÍA INDUSTRIAL,644660,586.0,548.0,,False
171,INGENIERÍA INDUSTRIAL,655036,734.875,338.0,,False
171,INGENIERÍA INDUSTRIAL,638402,891.75,129.0,,False
171,INGENIERÍA INDUSTRIAL,628365,489.0,628.0,,False
171,INGENIERÍA INDUSTRIAL,682627,803.75,232.0,,False
171,INGENIERÍA INDUSTRIAL,626283,724.875,349.0,,False
171,INGENIERÍA INDUSTRIAL,630920,626.5,492.0,,False
171,INGENIERÍA INDUSTRIAL,622160,529.75,604.0,,False
171,INGENIERÍA INDUSTRIAL,691072,523.625,605.0,,False
171,INGENIERÍA INDUSTRIAL,688228,745.375,320.0,,False
171,INGENIERÍA INDUSTRIAL,665095,791.0,256.0,,False
171,INGENIERÍA INDUSTRIAL,673642,558.5,585.0,,False
171,INGENIERÍA INDUSTRIAL,675051,536.625,601.0,,False
171,INGENIERÍA INDUSTRIAL,645680,796.25,240.0,,False
171,INGENIERÍA INDUSTRIAL,672219,826.125,207.0,,False
171,INGENIERÍA INDUSTRIAL,633199,935.125,91.0,,False
171,INGENIERÍA INDUSTRIAL,626454,741.625,327.0,,False
171,INGENIERÍA INDUSTRIAL,667809,791.875,250.0,,False
171,INGENIERÍA INDUSTRIAL,636337,960.875,70.0,,False
171,INGENIERÍA INDUSTRIAL,621581,758.0,302.0,,False
171,INGENIERÍA INDUSTRIAL,684742,893.5,126.0,,False
171,INGENIERÍA INDUSTRIAL,671540,897.5,123.0,,False
171,INGENIERÍA INDUSTRIAL,665639,692.5,389.0,,False
171,INGENIERÍA INDUSTRIAL,662192,923.625,97.0,,False
171,INGENIERÍA INDUSTRIAL,694752,848.25,175.0,,False
171,INGENIERÍA INDUSTRIAL,697878,622.875,495.0,,False
171,INGENIERÍA INDUSTRIAL,666078,518.625,607.0,,False
171,INGENIERÍA INDUSTRIAL,659244,762.625,296.0,,False
171,INGENIERÍA INDUSTRIAL,634841,735.5,336.0,,False
171,INGENIERÍA INDUSTRIAL,683045,770.75,284.0,,False
171,INGENIERÍA INDUSTRIAL,636068,794.125,244.0,,False
171,INGENIERÍA INDUSTRIAL,657254,770.75,283.0,,False
171,INGENIERÍA INDUSTRIAL,698805,,,AUSENTE,True
171,INGENIERÍA INDUSTRIAL,648519,736.5,334.0,,False
171,INGENIERÍA INDUSTRIAL,661713,770.75,286.0,,False
171,INGENIERÍA INDUSTRIAL,646226,595.75,536.0,,False
171,INGENIERÍA INDUSTRIAL,654309,502.625,622.0,,False
171,INGENIERÍA INDUSTRIAL,644471,797.0,237.0,,False
171,INGENIERÍA INDUSTRIAL,643263,631.5,488.0,,False
171,INGENIERÍA INDUSTRIAL,645092,950.75,77.0,,False
171,INGENIERÍA INDUSTRIAL,640260,593.0,541.0,,False
171,INGENIERÍA INDUSTRIAL,686415,1237.75,3.0,,False
171,INGENIERÍA INDUSTRIAL,627806,318.875,671.0,,False
171,INGENIERÍA INDUSTRIAL,667173,591.625,542.0,,False
171,INGENIERÍA INDUSTRIAL,677016,794.125,243.0,,False
171,INGENIERÍA INDUSTRIAL,651292,664.0,439.0,,False
171,INGENIERÍA INDUSTRIAL,675677,751.625,313.0,,False
171,INGENIERÍA INDUSTRIAL,625535,623.375,494.0,,False
171,INGENIERÍA INDUSTRIAL,625357,1203.375,5.0,,False
171,INGENIERÍA INDUSTRIAL,686908,860.5,159.0,,False
171,INGENIERÍA INDUSTRIAL,683670,749.0,317.0,,False
171,INGENIERÍA INDUSTRIAL,637241,775.25,276.0,,False
171,INGENIERÍA INDUSTRIAL,687615,990.5,55.0,,False
171,INGENIERÍA INDUSTRIAL,679138,678.75,406.0,,False
171,INGENIERÍA INDUSTRIAL,645641,791.875,252.0,,False
171,INGENIERÍA INDUSTRIAL,633211,565.625,577.0,,False
171,INGENIERÍA INDUSTRIAL,671720,878.875,139.0,,False
171,INGENIERÍA INDUSTRIAL,628425,1045.375,32.0,,False
171,INGENIERÍA INDUSTRIAL,634856,515.0,611.0,,False
171,INGENIERÍA INDUSTRIAL,654567,939.75,88.0,,False
171,INGENIERÍA INDUSTRIAL,674937,590.875,543.0,,False
171,INGENIERÍA INDUSTRIAL,655146,740.875,330.0,,False
171,INGENIERÍA INDUSTRIAL,641288,717.375,359.0,,False
171,INGENIERÍA INDUSTRIAL,642324,482.25,632.0,,False
171,INGENIERÍA INDUSTRIAL,657600,504.875,618.0,,False
171,INGENIERÍA INDUSTRIAL,693920,774.75,278.0,,False
171,INGENIERÍA INDUSTRIAL,683655,267.125,673.0,,False
171,INGENIERÍA INDUSTRIAL,625857,897.5,124.0,,False
171,INGENIERÍA INDUSTRIAL,638031,668.875,429.0,,False
171,INGENIERÍA INDUSTRIAL,671340,999.125,52.0,,False
171,INGENIERÍA INDUSTRIAL,681610,852.375,168.0,,False
171,INGENIERÍA INDUSTRIAL,630964,961.375,68.0,,False
171,INGENIERÍA INDUSTRIAL,685502,1049.375,30.0,,False
171,INGENIERÍA INDUSTRIAL,622522,547.5,593.0,,False
171,INGENIERÍA INDUSTRIAL,660019,731.875,342.0,,False
171,INGENIERÍA INDUSTRIAL,668931,833.25,194.0,,False
171,INGENIERÍA INDUSTRIAL,632003,834.125,190.0,,False
171,INGENIERÍA INDUSTRIAL,680829,571.5,567.0,,False
171,INGENIERÍA INDUSTRIAL,676165,490.5,627.0,,False
171,INGENIERÍA INDUSTRIAL,664603,571.375,568.0,,False
171,INGENIERÍA INDUSTRIAL,674849,828.375,203.0,,False
171,INGENIERÍA INDUSTRIAL,644908,675.125,412.0,,False
171,INGENIERÍA INDUSTRIAL,635039,,,AUSENTE,True
171,INGENIERÍA INDUSTRIAL,649728,618.875,500.0,,False
171,INGENIERÍA INDUSTRIAL,681686,711.375,364.0,,False
171,INGENIERÍA INDUSTRIAL,688584,722.0,354.0,,False
171,INGENIERÍA INDUSTRIAL,691542,656.0,448.0,,False
171,INGENIERÍA INDUSTRIAL,670727,1032.125,35.0,,False
171,INGENIERÍA INDUSTRIAL,635075,582.0,552.0,,False
171,INGENIERÍA INDUSTRIAL,694619,626.875,491.0,,False
171,INGENIERÍA INDUSTRIAL,696469,860.625,158.0,,False
171,INGENIERÍA INDUSTRIAL,620221,1157.25,10.0,,False
171,INGENIERÍA INDUSTRIAL,627639,918.625,103.0,,False
171,INGENIERÍA INDUSTRIAL,641331,849.375,172.0,,False
171,INGENIERÍA INDUSTRIAL,624458,845.375,180.0,,False
171,INGENIERÍA INDUSTRIAL,653433,672.25,418.0,,False
171,INGENIERÍA INDUSTRIAL,622906,657.125,447.0,,False
171,INGENIERÍA INDUSTRIAL,627881,682.25,404.0,,False
171,INGENIERÍA INDUSTRIAL,666337,880.25,138.0,,False
171,INGENIERÍA INDUSTRIAL,630458,837.25,187.0,,False
171,INGENIERÍA INDUSTRIAL,660392,793.5,245.0,,False
171,INGENIERÍA INDUSTRIAL,680240,606.25,526.0,,False
171,INGENIERÍA INDUSTRIAL,656352,791.625,255.0,,False
171,INGENIERÍA INDUSTRIAL,650295,497.5,624.0,,False
171,INGENIERÍA INDUSTRIAL,666881,764.875,293.0,,False
171,INGENIERÍA INDUSTRIAL,652955,380.0,667.0,,False
171,INGENIERÍA INDUSTRIAL,684970,564.625,580.0,,False
171,INGENIERÍA INDUSTRIAL,687299,1071.0,23.0,,False
171,INGENIERÍA INDUSTRIAL,648281,827.25,205.0,,False
171,INGENIERÍA INDUSTRIAL,660905,1003.125,50.0,,False
171,INGENIERÍA INDUSTRIAL,698828,915.0,108.0,,False
171,INGENIERÍA INDUSTRIAL,654208,941.125,85.0,,False
171,INGENIERÍA INDUSTRIAL,661184,583.75,551.0,,False
171,INGENIERÍA INDUSTRIAL,624861,623.875,493.0,,False
171,INGENIERÍA INDUSTRIAL,622069,917.125,104.0,,False
171,INGENIERÍA INDUSTRIAL,621595,810.625,228.0,,False
171,INGENIERÍA INDUSTRIAL,676194,866.75,153.0,,False
171,INGENIERÍA INDUSTRIAL,671770,419.875,658.0,,False
171,INGENIERÍA INDUSTRIAL,670951,665.125,437.0,,False
171,INGENIERÍA INDUSTRIAL,634967,698.375,382.0,,False
171,INGENIERÍA INDUSTRIAL,677367,855.25,166.0,,False
171,INGENIERÍA INDUSTRIAL,664785,770.75,285.0,,False
171,INGENIERÍA INDUSTRIAL,640222,742.5,325.0,,False
171,INGENIERÍA INDUSTRIAL,658508,661.75,443.0,,False
171,INGENIERÍA INDUSTRIAL,666600,924.25,96.0,,False
171,INGENIERÍA INDUSTRIAL,668237,665.125,436.0,,False
171,INGENIERÍA INDUSTRIAL,679134,601.125,529.0,,False
171,INGENIERÍA INDUSTRIAL,658919,686.25,397.0,,False
171,INGENIERÍA INDUSTRIAL,660580,760.875,297.0,,False
171,INGENIERÍA INDUSTRIAL,647266,899.75,118.0,,False
171,INGENIERÍA INDUSTRIAL,637782,637.5,478.0,,False
171,INGENIERÍA INDUSTRIAL,683038,503.375,620.0,,False
171,INGENIERÍA INDUSTRIAL,683627,734.75,339.0,,False
171,INGENIERÍA INDUSTRIAL,684270,459.875,643.0,,False
171,INGENIERÍA INDUSTRIAL,628164,487.125,629.0,,False
171,INGENIERÍA INDUSTRIAL,662554,704.5,374.0,,False
171,INGENIERÍA INDUSTRIAL,659271,510.375,614.0,,False
171,INGENIERÍA INDUSTRIAL,663932,686.25,396.0,,False
171,INGENIERÍA INDUSTRIAL,634079,876.375,142.0,,False
171,INGENIERÍA INDUSTRIAL,680111,715.25,361.0,,False
171,INGENIERÍA INDUSTRIAL,635191,831.0,200.0,,False
171,INGENIERÍA INDUSTRIAL,669367,749.375,316.0,,False
171,INGENIERÍA INDUSTRIAL,656168,582.0,553.0,,False
171,INGENIERÍA INDUSTRIAL,628208,484.0,630.0,,False
171,INGENIERÍA INDUSTRIAL,664011,1040.625,33.0,,False
171,INGENIERÍA INDUSTRIAL,694394,1151.0,12.0,,False
171,INGENIERÍA INDUSTRIAL,692947,633.875,483.0,,False
171,INGENIERÍA INDUSTRIAL,659374,809.0,230.0,,False
171,INGENIERÍA INDUSTRIAL,666847,701.0,378.0,,False
171,INGENIERÍA INDUSTRIAL,648382,1004.5,49.0,,False
171,INGENIERÍA INDUSTRIAL,638364,932.75,92.0,,False
171,INGENIERÍA INDUSTRIAL,693848,777.0,274.0,,False
171,INGENIERÍA INDUSTRIAL,670723,555.125,589.0,,False
171,INGENIERÍA INDUSTRIAL,684727,675.75,410.0,,False
171,INGENIERÍA INDUSTRIAL,655249,834.125,192.0,,False
171,INGENIERÍA INDUSTRIAL,690602,947.875,78.0,,False
171,INGENIERÍA INDUSTRIAL,694176,785.875,267.0,,False
171,INGENIERÍA INDUSTRIAL,692809,881.5,135.0,,False
171,INGENIERÍA INDUSTRIAL,649040,449.0,647.0,,False
171,INGENIERÍA INDUSTRIAL,692273,792.875,248.0,,False
171,INGENIERÍA INDUSTRIAL,664033,593.5,540.0,,False
171,INGENIERÍA INDUSTRIAL,646426,1026.5,38.0,,False
171,INGENIERÍA INDUSTRIAL,657413,724.875,350.0,,False
171,INGENIERÍA INDUSTRIAL,651830,1245.0,2.0,,False
171,INGENIERÍA INDUSTRIAL,692875,549.625,592.0,,False
171,INGENIERÍA INDUSTRIAL,691539,695.5,386.0,,False
171,INGENIERÍA INDUSTRIAL,634559,788.375,261.0,,False
171,INGENIERÍA INDUSTRIAL,655609,897.5,125.0,,False
171,INGENIERÍA INDUSTRIAL,653808,1007.125,46.0,,False
171,INGENIERÍA INDUSTRIAL,654745,915.0,107.0,,False
171,INGENIERÍA INDUSTRIAL,647255,737.5,333.0,,False
171,INGENIERÍA INDUSTRIAL,643223,728.125,346.0,,False
171,INGENIERÍA INDUSTRIAL,635098,762.625,295.0,,False
171,INGENIERÍA INDUSTRIAL,658699,673.5,415.0,,False
171,INGENIERÍA INDUSTRIAL,621166,819.875,212.0,,False
171,INGENIERÍA INDUSTRIAL,693026,512.5,613.0,,False
171,INGENIERÍA INDUSTRIAL,661716,754.0,308.0,,False
171,INGENIERÍA INDUSTRIAL,670984,705.625,371.0,,False
171,INGENIERÍA INDUSTRIAL,693086,768.25,288.0,,False
171,INGENIERÍA INDUSTRIAL,626171,669.5,424.0,,False
171,INGENIERÍA INDUSTRIAL,668528,876.375,141.0,,False
171,INGENIERÍA INDUSTRIAL,694193,831.25,199.0,,False
171,INGENIERÍA INDUSTRIAL,677283,644.0,472.0,,False
171,INGENIERÍA INDUSTRIAL,641147,665.125,434.0,,False
171,INGENIERÍA INDUSTRIAL,684771,1278.875,1.0,,False
171,INGENIERÍA INDUSTRIAL,651515,899.125,120.0,,False
171,INGENIERÍA INDUSTRIAL,662189,663.75,440.0,,False
171,INGENIERÍA INDUSTRIAL,656567,847.375,177.0,,False
171,INGENIERÍA INDUSTRIAL,682089,892.125,128.0,,False
171,INGENIERÍA INDUSTRIAL,665278,670.5,421.0,,False
171,INGENIERÍA INDUSTRIAL,624305,541.375,597.0,,False
171,INGENIERÍA INDUSTRIAL,633741,793.25,246.0,,False
171,INGENIERÍA INDUSTRIAL,655217,618.875,498.0,,False
171,INGENIERÍA INDUSTRIAL,644412,838.125,185.0,,False
171,INGENIERÍA INDUSTRIAL,641176,516.625,610.0,,False
171,INGENIERÍA INDUSTRIAL,630687,502.625,623.0,,False
171,INGENIERÍA INDUSTRIAL,649910,637.875,477.0,,False
171,INGENIERÍA INDUSTRIAL,656785,774.125,280.0,,False
171,INGENIERÍA INDUSTRIAL,678956,1168.125,9.0,,False
171,INGENIERÍA INDUSTRIAL,689597,695.375,387.0,,False
171,INGENIERÍA INDUSTRIAL,685824,1189.25,7.0,,False
171,INGENIERÍA INDUSTRIAL,660465,939.75,87.0,,False
171,INGENIERÍA INDUSTRIAL,690567,669.125,427.0,,False
171,INGENIERÍA INDUSTRIAL,688094,707.5,368.0,,False
171,INGENIERÍA INDUSTRIAL,661446,891.0,130.0,,False
171,INGENIERÍA INDUSTRIAL,676534,823.75,209.0,,False
171,INGENIERÍA INDUSTRIAL,684571,448.125,650.0,,False
171,INGENIERÍA INDUSTRIAL,698048,650.875,457.0,,False
171,INGENIERÍA INDUSTRIAL,656174,931.75,93.0,,False
171,INGENIERÍA INDUSTRIAL,681746,700.5,379.0,,False
171,INGENIERÍA INDUSTRIAL,659931,554.375,590.0,,False
171,INGENIERÍA INDUSTRIAL,622791,618.125,502.0,,False
171,INGENIERÍA INDUSTRIAL,622000,899.125,119.0,,False
171,INGENIERÍA INDUSTRIAL,681233,,,AUSENTE,True
171,INGENIERÍA INDUSTRIAL,630429,754.625,306.0,,False
171,INGENIERÍA INDUSTRIAL,667665,777.375,272.0,,False
171,INGENIERÍA INDUSTRIAL,661815,979.5,60.0,,False
171,INGENIERÍA INDUSTRIAL,656528,756.875,304.0,,False
171,INGENIERÍA INDUSTRIAL,650785,794.375,242.0,,False
171,INGENIERÍA INDUSTRIAL,659722,633.375,486.0,,False
171,INGENIERÍA INDUSTRIAL,688490,757.5,303.0,,False
171,INGENIERÍA INDUSTRIAL,685401,620.0,496.0,,False
171,INGENIERÍA INDUSTRIAL,645398,570.125,570.0,,False
171,INGENIERÍA INDUSTRIAL,690375,834.125,191.0,,False
171,INGENIERÍA INDUSTRIAL,636104,972.75,61.0,,False
171,INGENIERÍA INDUSTRIAL,680719,450.125,646.0,,False
171,INGENIERÍA INDUSTRIAL,643421,958.0,71.0,,False
171,INGENIERÍA INDUSTRIAL,690012,859.5,160.0,,False
171,INGENIERÍA INDUSTRIAL,666780,309.75,672.0,,False
171,INGENIERÍA INDUSTRIAL,686060,918.625,100.0,,False
171,INGENIERÍA INDUSTRIAL,695587,589.125,545.0,,False
171,INGENIERÍA INDUSTRIAL,633544,851.25,169.0,,False
171,INGENIERÍA INDUSTRIAL,641697,887.875,131.0,,False
171,INGENIERÍA INDUSTRIAL,689239,1006.75,48.0,,False
171,INGENIERÍA INDUSTRIAL,632718,849.5,171.0,,False
171,INGENIERÍA INDUSTRIAL,656661,600.0,530.0,,False
171,INGENIERÍA INDUSTRIAL,668414,594.875,538.0,,False
171,INGENIERÍA INDUSTRIAL,653627,847.75,176.0,,False
171,INGENIERÍA INDUSTRIAL,651237,505.0,617.0,,False
171,INGENIERÍA INDUSTRIAL,698555,639.75,475.0,,False
171,INGENIERÍA INDUSTRIAL,643847,1091.625,20.0,,False
171,INGENIERÍA INDUSTRIAL,683075,813.0,226.0,,False
171,INGENIERÍA INDUSTRIAL,628153,869.75,149.0,,False
171,INGENIERÍA INDUSTRIAL,687876,1056.125,28.0,,False
171,INGENIERÍA INDUSTRIAL,631055,718.125,358.0,,False
171,INGENIERÍA INDUSTRIAL,630865,796.625,238.0,,False
171,INGENIERÍA INDUSTRIAL,690286,686.75,395.0,,False
171,INGENIERÍA INDUSTRIAL,674694,569.875,572.0,,False
171,INGENIERÍA INDUSTRIAL,680124,647.625,465.0,,False
171,INGENIERÍA INDUSTRIAL,678274,,,AUSENTE,True
171,INGENIERÍA INDUSTRIAL,684066,832.125,197.0,,False
171,INGENIERÍA INDUSTRIAL,699350,847.0,178.0,,False
171,INGENIERÍA INDUSTRIAL,645474,829.0,202.0,,False
171,INGENIERÍA INDUSTRIAL,692004,760.25,298.0,,False
171,INGENIERÍA INDUSTRIAL,658485,995.125,53.0,,False
171,INGENIERÍA INDUSTRIAL,677587,631.875,487.0,,False
171,INGENIERÍA INDUSTRIAL,692989,796.375,239.0,,False
171,INGENIERÍA INDUSTRIAL,621028,655.625,449.0,,False
171,INGENIERÍA INDUSTRIAL,628739,1095.0,19.0,,False
171,INGENIERÍA INDUSTRIAL,667953,713.0,362.0,,False
171,INGENIERÍA INDUSTRIAL,627648,1007.125,47.0,,False
171,INGENIERÍA INDUSTRIAL,687292,946.0,81.0,,False
171,INGENIERÍA INDUSTRIAL,648132,812.125,227.0,,False
171,INGENIERÍA INDUSTRIAL,696657,817.5,219.0,,False
171,INGENIERÍA INDUSTRIAL,661369,521.375,606.0,,False
171,INGENIERÍA INDUSTRIAL,661045,914.625,110.0,,False
171,INGENIERÍA INDUSTRIAL,620231,539.25,599.0,,False
171,INGENIERÍA INDUSTRIAL,697123,956.875,72.0,,False
171,INGENIERÍA INDUSTRIAL,647841,551.5,591.0,,False
171,INGENIERÍA INDUSTRIAL,686471,671.0,420.0,,False
171,INGENIERÍA INDUSTRIAL,656415,710.125,366.0,,False
171,INGENIERÍA INDUSTRIAL,678435,590.125,544.0,,False
171,INGENIERÍA INDUSTRIAL,653164,963.125,66.0,,False
171,INGENIERÍA INDUSTRIAL,671310,653.125,455.0,,False
171,INGENIERÍA INDUSTRIAL,653613,570.25,569.0,,False
171,INGENIERÍA INDUSTRIAL,625377,711.0,365.0,,False
171,INGENIERÍA INDUSTRIAL,676254,410.125,661.0,,False
171,INGENIERÍA INDUSTRIAL,632443,596.375,535.0,,False
171,INGENIERÍA INDUSTRIAL,654595,707.375,369.0,,False
171,INGENIERÍA INDUSTRIAL,657997,586.125,547.0,,False
171,INGENIERÍA INDUSTRIAL,672081,841.5,183.0,,False
171,INGENIERÍA INDUSTRIAL,674271,559.375,584.0,,False
171,INGENIERÍA INDUSTRIAL,628682,1003.125,51.0,,False
171,INGENIERÍA INDUSTRIAL,678581,674.875,413.0,,False
171,INGENIERÍA INDUSTRIAL,665749,877.5,140.0,,False
171,INGENIERÍA INDUSTRIAL,620599,965.375,64.0,,False
171,INGENIERÍA INDUSTRIAL,669426,644.5,471.0,,False
171,INGENIERÍA INDUSTRIAL,655956,721.125,355.0,,False
171,INGENIERÍA INDUSTRIAL,662889,744.0,321.0,,False
171,INGENIERÍA INDUSTRIAL,641961,597.5,534.0,,False
171,INGENIERÍA INDUSTRIAL,686696,872.375,146.0,,False
171,INGENIERÍA INDUSTRIAL,643785,503.75,619.0,,False
171,INGENIERÍA INDUSTRIAL,675395,655.5,450.0,,False
171,INGENIERÍA INDUSTRIAL,669374,876.375,143.0,,False
171,INGENIERÍA INDUSTRIAL,691935,774.375,279.0,,False
171,INGENIERÍA INDUSTRIAL,627872,789.0,260.0,,False
171,INGENIERÍA INDUSTRIAL,685754,1103.375,17.0,,False
171,INGENIERÍA INDUSTRIAL,641871,756.125,305.0,,False
171,INGENIERÍA INDUSTRIAL,665730,919.75,98.0,,False
171,INGENIERÍA INDUSTRIAL,652354,789.375,258.0,,False
171,INGENIERÍA INDUSTRIAL,685586,771.875,281.0,,False
171,INGENIERÍA INDUSTRIAL,637591,864.0,155.0,,False
171,INGENIERÍA INDUSTRIAL,677178,669.125,428.0,,False
171,INGENIERÍA INDUSTRIAL,657456,982.0,59.0,,False
171,INGENIERÍA INDUSTRIAL,635312,407.125,663.0,,False
171,INGENIERÍA INDUSTRIAL,680812,648.0,462.0,,False
171,INGENIERÍA INDUSTRIAL,654937,566.125,576.0,,False
171,INGENIERÍA INDUSTRIAL,636427,785.0,268.0,,False
171,INGENIERÍA INDUSTRIAL,687612,538.25,600.0,,False
171,INGENIERÍA INDUSTRIAL,654293,742.875,323.0,,False
171,INGENIERÍA INDUSTRIAL,669510,1029.375,37.0,,False
171,INGENIERÍA INDUSTRIAL,690468,540.5,598.0,,False
171,INGENIERÍA INDUSTRIAL,690584,712.75,363.0,,False
171,INGENIERÍA INDUSTRIAL,682439,906.0,113.0,,False
171,INGENIERÍA INDUSTRIAL,663812,1071.0,22.0,,False
171,INGENIERÍA INDUSTRIAL,666514,659.5,446.0,,False
171,INGENIERÍA INDUSTRIAL,639332,898.375,122.0,,False
171,INGENIERÍA INDUSTRIAL,640061,765.25,292.0,,False
171,INGENIERÍA INDUSTRIAL,628112,880.375,137.0,,False
171,INGENIERÍA INDUSTRIAL,656430,886.5,133.0,,False
171,INGENIERÍA INDUSTRIAL,647967,606.375,525.0,,False
171,INGENIERÍA INDUSTRIAL,683860,753.0,312.0,,False
171,INGENIERÍA INDUSTRIAL,686412,619.375,497.0,,False
171,INGENIERÍA INDUSTRIAL,665474,1066.5,25.0,,False
171,INGENIERÍA INDUSTRIAL,668588,437.25,655.0,,False
171,INGENIERÍA INDUSTRIAL,693810,831.875,198.0,,False
171,INGENIERÍA INDUSTRIAL,641902,743.0,322.0,,False
171,INGENIERÍA INDUSTRIAL,647902,580.625,556.0,,False
171,INGENIERÍA INDUSTRIAL,687844,838.25,184.0,,False
171,INGENIERÍA INDUSTRIAL,670493,667.375,430.0,,False
171,INGENIERÍA INDUSTRIAL,661443,572.375,565.0,,False
171,INGENIERÍA INDUSTRIAL,624449,614.375,512.0,,False
171,INGENIERÍA INDUSTRIAL,654669,685.125,400.0,,False
171,INGENIERÍA INDUSTRIAL,622059,616.5,505.0,,False
171,INGENIERÍA INDUSTRIAL,659807,503.125,621.0,,False
171,INGENIERÍA INDUSTRIAL,685512,1172.625,8.0,,False
171,INGENIERÍA INDUSTRIAL,626886,672.75,417.0,,False
171,INGENIERÍA INDUSTRIAL,657196,1024.25,39.0,,False
171,INGENIERÍA INDUSTRIAL,693765,783.125,269.0,,False
171,INGENIERÍA INDUSTRIAL,668640,598.75,533.0,,False
171,INGENIERÍA INDUSTRIAL,644018,1032.125,36.0,,False
171,INGENIERÍA INDUSTRIAL,656697,,,AUSENTE,True
171,INGENIERÍA INDUSTRIAL,694025,746.5,319.0,,False
171,INGENIERÍA INDUSTRIAL,635197,893.5,127.0,,False
171,INGENIERÍA INDUSTRIAL,633886,903.75,114.0,,False
171,INGENIERÍA INDUSTRIAL,622367,580.625,554.0,,False
171,INGENIERÍA INDUSTRIAL,666573,899.75,117.0,,False
171,INGENIERÍA INDUSTRIAL,679900,827.25,206.0,,False
171,INGENIERÍA INDUSTRIAL,655844,872.125,147.0,,False
171,INGENIERÍA INDUSTRIAL,647719,517.125,609.0,,False
171,INGENIERÍA INDUSTRIAL,628804,758.75,300.0,,False
171,INGENIERÍA INDUSTRIAL,621129,771.75,282.0,,False
171,INGENIERÍA INDUSTRIAL,638607,701.5,376.0,,False
171,INGENIERÍA INDUSTRIAL,631700,741.5,328.0,,False
171,INGENIERÍA INDUSTRIAL,683064,1063.625,26.0,,False
171,INGENIERÍA INDUSTRIAL,627915,475.375,637.0,,False
171,INGENIERÍA INDUSTRIAL,693049,654.125,453.0,,False
171,INGENIERÍA INDUSTRIAL,626793,942.75,82.0,,False
171,INGENIERÍA INDUSTRIAL,660697,649.625,459.0,,False
171,INGENIERÍA INDUSTRIAL,659909,868.75,151.0,,False
171,INGENIERÍA INDUSTRIAL,644743,733.625,341.0,,False
171,INGENIERÍA INDUSTRIAL,696591,964.875,65.0,,False
171,INGENIERÍA INDUSTRIAL,648515,947.0,79.0,,False
171,INGENIERÍA INDUSTRIAL,673080,1056.625,27.0,,False
171,INGENIERÍA INDUSTRIAL,692882,616.25,506.0,,False
171,INGENIERÍA INDUSTRIAL,654448,742.25,326.0,,False
171,INGENIERÍA INDUSTRIAL,658447,682.25,403.0,,False
171,INGENIERÍA INDUSTRIAL,674652,702.5,375.0,,False
171,INGENIERÍA INDUSTRIAL,643762,517.125,608.0,,False
171,INGENIERÍA INDUSTRIAL,683601,815.875,220.0,,False
171,INGENIERÍA INDUSTRIAL,681931,612.0,518.0,,False
171,INGENIERÍA INDUSTRIAL,696573,602.75,527.0,,False
171,INGENIERÍA INDUSTRIAL,682872,687.375,393.0,,False
171,INGENIERÍA INDUSTRIAL,660062,758.125,301.0,,False
171,INGENIERÍA INDUSTRIAL,649030,819.25,214.0,,False
171,INGENIERÍA INDUSTRIAL,681574,616.0,507.0,,False
171,INGENIERÍA INDUSTRIAL,691880,749.75,315.0,,False
171,INGENIERÍA INDUSTRIAL,642519,633.875,484.0,,False
171,INGENIERÍA INDUSTRIAL,697016,786.375,266.0,,False
171,INGENIERÍA INDUSTRIAL,692279,,,AUSENTE,True
171,INGENIERÍA INDUSTRIAL,649044,753.875,309.0,,False
171,INGENIERÍA INDUSTRIAL,686248,813.0,225.0,,False
171,INGENIERÍA INDUSTRIAL,620251,690.25,390.0,,False
171,INGENIERÍA INDUSTRIAL,634068,788.25,262.0,,False
171,INGENIERÍA INDUSTRIAL,677889,1097.25,18.0,,False
171,INGENIERÍA INDUSTRIAL,627380,728.375,345.0,,False
171,INGENIERÍA INDUSTRIAL,638792,886.5,132.0,,False
171,INGENIERÍA INDUSTRIAL,622211,635.625,482.0,,False
171,INGENIERÍA INDUSTRIAL,689821,729.5,343.0,,False
171,INGENIERÍA INDUSTRIAL,687583,417.5,660.0,,False
171,INGENIERÍA INDUSTRIAL,677136,836.375,188.0,,False
171,INGENIERÍA INDUSTRIAL,672549,647.125,466.0,,False
171,INGENIERÍA INDUSTRIAL,699839,576.625,561.0,,False
171,INGENIERÍA INDUSTRIAL,687546,476.125,636.0,,False
171,INGENIERÍA INDUSTRIAL,681680,791.875,254.0,,False
171,INGENIERÍA INDUSTRIAL,646217,865.5,154.0,,False
171,INGENIERÍA INDUSTRIAL,692284,425.625,657.0,,False
171,INGENIERÍA INDUSTRIAL,664314,675.5,411.0,,False
171,INGENIERÍA INDUSTRIAL,682603,795.875,241.0,,False
171,INGENIERÍA INDUSTRIAL,688567,569.875,571.0,,False
171,INGENIERÍA INDUSTRIAL,674007,740.25,331.0,,False
171,INGENIERÍA INDUSTRIAL,696624,686.25,398.0,,False
171,INGENIERÍA INDUSTRIAL,622330,612.0,515.0,,False
171,INGENIERÍA INDUSTRIAL,670386,454.375,645.0,,False
171,INGENIERÍA INDUSTRIAL,628712,856.375,164.0,,False
171,INGENIERÍA INDUSTRIAL,659661,698.875,381.0,,False
174,INGENIERÍA LOGÍSTICA Y CADENA DE SUMISTRO DIGITAL,688125,838.0,19.0,,False
174,INGENIERÍA LOGÍSTICA Y CADENA DE SUMISTRO DIGITAL,659666,758.75,23.0,,False
174,INGENIERÍA LOGÍSTICA Y CADENA DE SUMISTRO DIGITAL,694700,397.875,44.0,,False
174,INGENIERÍA LOGÍSTICA Y CADENA DE SUMISTRO DIGITAL,685957,876.375,14.0,,False
174,INGENIERÍA LOGÍSTICA Y CADENA DE SUMISTRO DIGITAL,664307,903.5,10.0,,False
174,INGENIERÍA LOGÍSTICA Y CADENA DE SUMISTRO DIGITAL,656713,845.375,18.0,,False
174,INGENIERÍA LOGÍSTICA Y CADENA DE SUMISTRO DIGITAL,678033,723.0,28.0,,False
174,INGENIERÍA LOGÍSTICA Y CADENA DE SUMISTRO DIGITAL,677579,689.625,32.0,,False
174,INGENIERÍA LOGÍSTICA Y CADENA DE SUMISTRO DIGITAL,650739,638.0,37.0,,False
174,INGENIERÍA LOGÍSTICA Y CADENA DE SUMISTRO DIGITAL,689040,893.5,11.0,,False
174,INGENIERÍA LOGÍSTICA Y CADENA DE SUMISTRO DIGITAL,663314,524.5,42.0,,False
174,INGENIERÍA LOGÍSTICA Y CADENA DE SUMISTRO DIGITAL,675503,880.375,13.0,,False
174,INGENIERÍA LOGÍSTICA Y CADENA DE SUMISTRO DIGITAL,649255,732.5,26.0,,False
174,INGENIERÍA LOGÍSTICA Y CADENA DE SUMISTRO DIGITAL,676392,1090.25,1.0,,False
174,INGENIERÍA LOGÍSTICA Y CADENA DE SUMISTRO DIGITAL,652986,960.875,5.0,,False
174,INGENIERÍA LOGÍSTICA Y CADENA DE SUMISTRO DIGITAL,679050,1007.625,3.0,,False
174,INGENIERÍA LOGÍSTICA Y CADENA DE SUMISTRO DIGITAL,673908,476.125,43.0,,False
174,INGENIERÍA LOGÍSTICA Y CADENA DE SUMISTRO DIGITAL,657320,738.625,24.0,,False
174,INGENIERÍA LOGÍSTICA Y CADENA DE SUMISTRO DIGITAL,639028,686.25,33.0,,False
174,INGENIERÍA LOGÍSTICA Y CADENA DE SUMISTRO DIGITAL,626051,958.0,6.0,,False
174,INGENIERÍA LOGÍSTICA Y CADENA DE SUMISTRO DIGITAL,652888,892.0,12.0,,False
174,INGENIERÍA LOGÍSTICA Y CADENA DE SUMISTRO DIGITAL,631180,736.375,25.0,,False
174,INGENIERÍA LOGÍSTICA Y CADENA DE SUMISTRO DIGITAL,647048,532.875,41.0,,False
174,INGENIERÍA LOGÍSTICA Y CADENA DE SUMISTRO DIGITAL,626249,821.125,20.0,,False
174,INGENIERÍA LOGÍSTICA Y CADENA DE SUMISTRO DIGITAL,629652,699.75,30.0,,False
174,INGENIERÍA LOGÍSTICA Y CADENA DE SUMISTRO DIGITAL,620604,717.625,29.0,,False
174,INGENIERÍA LOGÍSTICA Y CADENA DE SUMISTRO DIGITAL,698740,791.75,22.0,,False
174,INGENIERÍA LOGÍSTICA Y CADENA DE SUMISTRO DIGITAL,670359,867.625,16.0,,False
174,INGENIERÍA LOGÍSTICA Y CADENA DE SUMISTRO DIGITAL,673364,618.75,38.0,,False
174,INGENIERÍA LOGÍSTICA Y CADENA DE SUMISTRO DIGITAL,686358,695.5,31.0,,False
174,INGENIERÍA LOGÍSTICA Y CADENA DE SUMISTRO DIGITAL,637810,814.125,21.0,,False
174,INGENIERÍA LOGÍSTICA Y CADENA DE SUMISTRO DIGITAL,635529,968.25,4.0,,False
174,INGENIERÍA LOGÍSTICA Y CADENA DE SUMISTRO DIGITAL,638913,685.625,34.0,,False
174,INGENIERÍA LOGÍSTICA Y CADENA DE SUMISTRO DIGITAL,620590,904.875,9.0,,False
174,INGENIERÍA LOGÍSTICA Y CADENA DE SUMISTRO DIGITAL,678495,683.625,35.0,,False
174,INGENIERÍA LOGÍSTICA Y CADENA DE SUMISTRO DIGITAL,693008,577.0,39.0,,False
174,INGENIERÍA LOGÍSTICA Y CADENA DE SUMISTRO DIGITAL,651525,670.25,36.0,,False
174,INGENIERÍA LOGÍSTICA Y CADENA DE SUMISTRO DIGITAL,661596,851.25,17.0,,False
174,INGENIERÍA LOGÍSTICA Y CADENA DE SUMISTRO DIGITAL,660581,727.625,27.0,,False
174,INGENIERÍA LOGÍSTICA Y CADENA DE SUMISTRO DIGITAL,621395,927.125,8.0,,False
174,INGENIERÍA LOGÍSTICA Y CADENA DE SUMISTRO DIGITAL,648534,1066.5,2.0,,False
174,INGENIERÍA LOGÍSTICA Y CADENA DE SUMISTRO DIGITAL,642995,547.375,40.0,,False
174,INGENIERÍA LOGÍSTICA Y CADENA DE SUMISTRO DIGITAL,635344,932.875,7.0,,False
174,INGENIERÍA LOGÍSTICA Y CADENA DE SUMISTRO DIGITAL,691917,868.25,15.0,,False
132,INGENIERÍA MECÁNICA DE FLUIDOS,666433,724.125,27.0,,False
132,INGENIERÍA MECÁNICA DE FLUIDOS,696009,552.0,47.0,,False
132,INGENIERÍA MECÁNICA DE FLUIDOS,630712,763.125,22.0,,False
132,INGENIERÍA MECÁNICA DE FLUIDOS,620642,612.125,42.0,,False
132,INGENIERÍA MECÁNICA DE FLUIDOS,650033,706.75,31.0,,False
132,INGENIERÍA MECÁNICA DE FLUIDOS,692433,620.5,38.0,,False
132,INGENIERÍA MECÁNICA DE FLUIDOS,623555,909.0,10.0,,False
132,INGENIERÍA MECÁNICA DE FLUIDOS,638722,707.875,29.0,,False
132,INGENIERÍA MECÁNICA DE FLUIDOS,672073,965.625,7.0,,False
132,INGENIERÍA MECÁNICA DE FLUIDOS,637693,1100.125,1.0,,False
132,INGENIERÍA MECÁNICA DE FLUIDOS,642083,568.625,46.0,,False
132,INGENIERÍA MECÁNICA DE FLUIDOS,669467,986.0,4.0,,False
132,INGENIERÍA MECÁNICA DE FLUIDOS,661802,731.0,26.0,,False
132,INGENIERÍA MECÁNICA DE FLUIDOS,683683,613.5,41.0,,False
132,INGENIERÍA MECÁNICA DE FLUIDOS,653020,443.25,51.0,,False
132,INGENIERÍA MECÁNICA DE FLUIDOS,638731,749.875,24.0,,False
132,INGENIERÍA MECÁNICA DE FLUIDOS,685451,1087.625,2.0,,False
132,INGENIERÍA MECÁNICA DE FLUIDOS,691971,620.0,39.0,,False
132,INGENIERÍA MECÁNICA DE FLUIDOS,676806,687.375,33.0,,False
132,INGENIERÍA MECÁNICA DE FLUIDOS,674810,617.75,40.0,,False
132,INGENIERÍA MECÁNICA DE FLUIDOS,632199,624.0,37.0,,False
132,INGENIERÍA MECÁNICA DE FLUIDOS,653783,814.25,18.0,,False
132,INGENIERÍA MECÁNICA DE FLUIDOS,668998,793.875,20.0,,False
132,INGENIERÍA MECÁNICA DE FLUIDOS,687889,834.125,16.0,,False
132,INGENIERÍA MECÁNICA DE FLUIDOS,639525,843.0,15.0,,False
132,INGENIERÍA MECÁNICA DE FLUIDOS,666949,639.625,36.0,,False
132,INGENIERÍA MECÁNICA DE FLUIDOS,641413,605.75,44.0,,False
132,INGENIERÍA MECÁNICA DE FLUIDOS,682162,798.375,19.0,,False
132,INGENIERÍA MECÁNICA DE FLUIDOS,698695,768.75,21.0,,False
132,INGENIERÍA MECÁNICA DE FLUIDOS,625366,971.5,5.0,,False
132,INGENIERÍA MECÁNICA DE FLUIDOS,685847,718.25,28.0,,False
132,INGENIERÍA MECÁNICA DE FLUIDOS,692509,435.875,52.0,,False
132,INGENIERÍA MECÁNICA DE FLUIDOS,626875,538.25,48.0,,False
132,INGENIERÍA MECÁNICA DE FLUIDOS,652005,943.375,8.0,,False
132,INGENIERÍA MECÁNICA DE FLUIDOS,634847,902.25,11.0,,False
132,INGENIERÍA MECÁNICA DE FLUIDOS,660443,969.875,6.0,,False
132,INGENIERÍA MECÁNICA DE FLUIDOS,694804,504.5,50.0,,False
132,INGENIERÍA MECÁNICA DE FLUIDOS,639171,878.625,13.0,,False
132,INGENIERÍA MECÁNICA DE FLUIDOS,661459,689.25,32.0,,False
132,INGENIERÍA MECÁNICA DE FLUIDOS,686139,873.25,14.0,,False
132,INGENIERÍA MECÁNICA DE FLUIDOS,654647,607.0,43.0,,False
132,INGENIERÍA MECÁNICA DE FLUIDOS,695840,706.75,30.0,,False
132,INGENIERÍA MECÁNICA DE FLUIDOS,620503,762.0,23.0,,False
132,INGENIERÍA MECÁNICA DE FLUIDOS,678427,994.375,3.0,,False
132,INGENIERÍA MECÁNICA DE FLUIDOS,667358,931.0,9.0,,False
132,INGENIERÍA MECÁNICA DE FLUIDOS,643801,504.625,49.0,,False
132,INGENIERÍA MECÁNICA DE FLUIDOS,627228,829.75,17.0,,False
132,INGENIERÍA MECÁNICA DE FLUIDOS,650661,884.875,12.0,,False
132,INGENIERÍA MECÁNICA DE FLUIDOS,635051,605.0,45.0,,False
132,INGENIERÍA MECÁNICA DE FLUIDOS,644209,647.5,34.0,,False
132,INGENIERÍA MECÁNICA DE FLUIDOS,669056,647.0,35.0,,False
132,INGENIERÍA MECÁNICA DE FLUIDOS,685096,740.875,25.0,,False
196,INGENIERIA MECATRONICA,690527,619.125,216.0,,False
196,INGENIERIA MECATRONICA,679548,612.125,219.0,,False
196,INGENIERIA MECATRONICA,660259,673.75,195.0,,False
196,INGENIERIA MECATRONICA,623203,788.25,131.0,,False
196,INGENIERIA MECATRONICA,663845,477.75,256.0,,False
196,INGENIERIA MECATRONICA,661670,854.875,95.0,,False
196,INGENIERIA MECATRONICA,641335,1087.625,18.0,,False
196,INGENIERIA MECATRONICA,653029,665.375,200.0,,False
196,INGENIERIA MECATRONICA,636607,883.875,76.0,,False
196,INGENIERIA MECATRONICA,634341,787.875,132.0,,False
196,INGENIERIA MECATRONICA,649133,864.875,89.0,,False
196,INGENIERIA MECATRONICA,620860,1090.75,17.0,,False
196,INGENIERIA MECATRONICA,650348,703.375,178.0,,False
196,INGENIERIA MECATRONICA,642398,583.625,231.0,,False
196,INGENIERIA MECATRONICA,622531,1021.125,30.0,,False
196,INGENIERIA MECATRONICA,650504,1193.25,5.0,,False
196,INGENIERIA MECATRONICA,653244,748.75,153.0,,False
196,INGENIERIA MECATRONICA,647243,405.125,261.0,,False
196,INGENIERIA MECATRONICA,667339,835.75,106.0,,False
196,INGENIERIA MECATRONICA,654893,700.0,181.0,,False
196,INGENIERIA MECATRONICA,631210,523.75,242.0,,False
196,INGENIERIA MECATRONICA,638132,820.625,115.0,,False
196,INGENIERIA MECATRONICA,685103,711.625,173.0,,False
196,INGENIERIA MECATRONICA,679847,882.0,77.0,,False
196,INGENIERIA MECATRONICA,657485,792.125,124.0,,False
196,INGENIERIA MECATRONICA,663715,686.25,187.0,,False
196,INGENIERIA MECATRONICA,685015,749.625,149.0,,False
196,INGENIERIA MECATRONICA,647416,569.375,235.0,,False
196,INGENIERIA MECATRONICA,677510,781.125,137.0,,False
196,INGENIERIA MECATRONICA,634766,783.125,135.0,,False
196,INGENIERIA MECATRONICA,625564,504.375,244.0,,False
196,INGENIERIA MECATRONICA,652702,731.5,164.0,,False
196,INGENIERIA MECATRONICA,620687,1028.25,27.0,,False
196,INGENIERIA MECATRONICA,684332,942.25,54.0,,False
196,INGENIERIA MECATRONICA,662836,748.125,154.0,,False
196,INGENIERIA MECATRONICA,680343,688.5,185.0,,False
196,INGENIERIA MECATRONICA,672698,1263.375,2.0,,False
196,INGENIERIA MECATRONICA,672074,867.125,86.0,,False
196,INGENIERIA MECATRONICA,647183,612.125,220.0,,False
196,INGENIERIA MECATRONICA,632395,896.625,72.0,,False
196,INGENIERIA MECATRONICA,626678,819.25,116.0,,False
196,INGENIERIA MECATRONICA,683306,714.375,172.0,,False
196,INGENIERIA MECATRONICA,638512,502.25,246.0,,False
196,INGENIERIA MECATRONICA,668417,1175.75,7.0,,False
196,INGENIERIA MECATRONICA,667820,773.0,141.0,,False
196,INGENIERIA MECATRONICA,692391,685.0,188.0,,False
196,INGENIERIA MECATRONICA,686156,584.875,229.0,,False
196,INGENIERIA MECATRONICA,666985,860.375,91.0,,False
196,INGENIERIA MECATRONICA,623310,910.375,66.0,,False
196,INGENIERIA MECATRONICA,654049,606.625,224.0,,False
196,INGENIERIA MECATRONICA,660510,1192.375,6.0,,False
196,INGENIERIA MECATRONICA,653989,982.0,42.0,,False
196,INGENIERIA MECATRONICA,665608,988.75,37.0,,False
196,INGENIERIA MECATRONICA,684180,780.875,138.0,,False
196,INGENIERIA MECATRONICA,669575,749.625,150.0,,False
196,INGENIERIA MECATRONICA,660121,479.75,255.0,,False
196,INGENIERIA MECATRONICA,667255,942.0,55.0,,False
196,INGENIERIA MECATRONICA,658158,835.5,108.0,,False
196,INGENIERIA MECATRONICA,697998,749.625,152.0,,False
196,INGENIERIA MECATRONICA,622776,791.875,125.0,,False
196,INGENIERIA MECATRONICA,636674,804.25,121.0,,False
196,INGENIERIA MECATRONICA,649538,848.25,96.0,,False
196,INGENIERIA MECATRONICA,641316,612.5,218.0,,False
196,INGENIERIA MECATRONICA,659428,502.0,247.0,,False
196,INGENIERIA MECATRONICA,675834,653.75,203.0,,False
196,INGENIERIA MECATRONICA,655571,824.875,112.0,,False
196,INGENIERIA MECATRONICA,699353,619.125,217.0,,False
196,INGENIERIA MECATRONICA,625160,793.0,123.0,,False
196,INGENIERIA MECATRONICA,660498,1091.625,16.0,,False
196,INGENIERIA MECATRONICA,671941,591.125,227.0,,False
196,INGENIERIA MECATRONICA,682373,966.0,45.0,,False
196,INGENIERIA MECATRONICA,651771,602.875,225.0,,False
196,INGENIERIA MECATRONICA,631664,1136.125,9.0,,False
196,INGENIERIA MECATRONICA,651491,727.875,168.0,,False
196,INGENIERIA MECATRONICA,640348,1107.875,13.0,,False
196,INGENIERIA MECATRONICA,678342,779.125,139.0,,False
196,INGENIERIA MECATRONICA,621125,649.625,204.0,,False
196,INGENIERIA MECATRONICA,654986,,,AUSENTE,True
196,INGENIERIA MECATRONICA,696342,791.875,126.0,,False
196,INGENIERIA MECATRONICA,648898,855.25,94.0,,False
196,INGENIERIA MECATRONICA,693680,783.125,134.0,,False
196,INGENIERIA MECATRONICA,657623,927.125,61.0,,False
196,INGENIERIA MECATRONICA,658506,1009.875,33.0,,False
196,INGENIERIA MECATRONICA,622942,719.375,170.0,,False
196,INGENIERIA MECATRONICA,632556,910.5,65.0,,False
196,INGENIERIA MECATRONICA,675010,344.125,264.0,,False
196,INGENIERIA MECATRONICA,621206,683.25,189.0,,False
196,INGENIERIA MECATRONICA,623900,649.625,205.0,,False
196,INGENIERIA MECATRONICA,698387,667.125,198.0,,False
196,INGENIERIA MECATRONICA,682934,804.5,120.0,,False
196,INGENIERIA MECATRONICA,629723,586.625,228.0,,False
196,INGENIERIA MECATRONICA,682036,748.125,155.0,,False
196,INGENIERIA MECATRONICA,626705,822.5,114.0,,False
196,INGENIERIA MECATRONICA,669189,597.75,226.0,,False
196,INGENIERIA MECATRONICA,661831,692.0,183.0,,False
196,INGENIERIA MECATRONICA,679779,918.625,63.0,,False
196,INGENIERIA MECATRONICA,699552,984.0,39.0,,False
196,INGENIERIA MECATRONICA,679708,554.625,238.0,,False
196,INGENIERIA MECATRONICA,657993,813.0,119.0,,False
196,INGENIERIA MECATRONICA,685187,817.0,117.0,,False
196,INGENIERIA MECATRONICA,683308,640.25,207.0,,False
196,INGENIERIA MECATRONICA,658423,,,AUSENTE,True
196,INGENIERIA MECATRONICA,693216,940.875,57.0,,False
196,INGENIERIA MECATRONICA,681412,716.5,171.0,,False
196,INGENIERIA MECATRONICA,684091,912.125,64.0,,False
196,INGENIERIA MECATRONICA,640080,974.0,44.0,,False
196,INGENIERIA MECATRONICA,667604,390.5,263.0,,False
196,INGENIERIA MECATRONICA,652557,842.0,101.0,,False
196,INGENIERIA MECATRONICA,620123,711.375,174.0,,False
196,INGENIERIA MECATRONICA,626487,867.625,85.0,,False
196,INGENIERIA MECATRONICA,674223,834.0,109.0,,False
196,INGENIERIA MECATRONICA,682184,919.75,62.0,,False
196,INGENIERIA MECATRONICA,676480,626.875,212.0,,False
196,INGENIERIA MECATRONICA,658782,1269.75,1.0,,False
196,INGENIERIA MECATRONICA,645775,899.5,68.0,,False
196,INGENIERIA MECATRONICA,699458,1135.875,10.0,,False
196,INGENIERIA MECATRONICA,626369,942.0,56.0,,False
196,INGENIERIA MECATRONICA,692529,703.25,179.0,,False
196,INGENIERIA MECATRONICA,661959,482.25,253.0,,False
196,INGENIERIA MECATRONICA,683715,836.75,103.0,,False
196,INGENIERIA MECATRONICA,657624,1108.75,12.0,,False
196,INGENIERIA MECATRONICA,641914,939.75,58.0,,False
196,INGENIERIA MECATRONICA,622360,628.0,211.0,,False
196,INGENIERIA MECATRONICA,689939,836.125,105.0,,False
196,INGENIERIA MECATRONICA,640713,679.75,191.0,,False
196,INGENIERIA MECATRONICA,644228,1072.125,21.0,,False
196,INGENIERIA MECATRONICA,652327,534.875,240.0,,False
196,INGENIERIA MECATRONICA,693675,433.375,257.0,,False
196,INGENIERIA MECATRONICA,643990,729.625,167.0,,False
196,INGENIERIA MECATRONICA,697555,734.75,161.0,,False
196,INGENIERIA MECATRONICA,646266,609.5,221.0,,False
196,INGENIERIA MECATRONICA,658709,754.75,147.0,,False
196,INGENIERIA MECATRONICA,662430,1049.375,24.0,,False
196,INGENIERIA MECATRONICA,630535,898.625,69.0,,False
196,INGENIERIA MECATRONICA,661014,1092.125,14.0,,False
196,INGENIERIA MECATRONICA,690641,865.375,88.0,,False
196,INGENIERIA MECATRONICA,646891,675.25,193.0,,False
196,INGENIERIA MECATRONICA,679960,638.125,209.0,,False
196,INGENIERIA MECATRONICA,667396,886.875,73.0,,False
196,INGENIERIA MECATRONICA,632741,606.75,223.0,,False
196,INGENIERIA MECATRONICA,653978,732.375,162.0,,False
196,INGENIERIA MECATRONICA,624628,691.875,184.0,,False
196,INGENIERIA MECATRONICA,640950,1222.875,4.0,,False
196,INGENIERIA MECATRONICA,628668,866.5,87.0,,False
196,INGENIERIA MECATRONICA,696770,744.25,157.0,,False
196,INGENIERIA MECATRONICA,656684,1025.375,29.0,,False
196,INGENIERIA MECATRONICA,677860,816.875,118.0,,False
196,INGENIERIA MECATRONICA,696731,838.625,102.0,,False
196,INGENIERIA MECATRONICA,656076,700.25,180.0,,False
196,INGENIERIA MECATRONICA,635563,1144.5,8.0,,False
196,INGENIERIA MECATRONICA,656093,962.0,46.0,,False
196,INGENIERIA MECATRONICA,629819,624.5,213.0,,False
196,INGENIERIA MECATRONICA,689159,835.5,107.0,,False
196,INGENIERIA MECATRONICA,660365,827.125,111.0,,False
196,INGENIERIA MECATRONICA,663183,857.125,93.0,,False
196,INGENIERIA MECATRONICA,669864,760.125,145.0,,False
196,INGENIERIA MECATRONICA,636599,1239.5,3.0,,False
196,INGENIERIA MECATRONICA,676457,876.375,81.0,,False
196,INGENIERIA MECATRONICA,665874,746.5,156.0,,False
196,INGENIERIA MECATRONICA,696748,960.875,49.0,,False
196,INGENIERIA MECATRONICA,666587,704.75,176.0,,False
196,INGENIERIA MECATRONICA,672728,737.5,158.0,,False
196,INGENIERIA MECATRONICA,632848,480.25,254.0,,False
196,INGENIERIA MECATRONICA,683288,393.875,262.0,,False
196,INGENIERIA MECATRONICA,668251,944.5,51.0,,False
196,INGENIERIA MECATRONICA,627544,861.0,90.0,,False
196,INGENIERIA MECATRONICA,636453,709.625,175.0,,False
196,INGENIERIA MECATRONICA,622587,763.125,144.0,,False
196,INGENIERIA MECATRONICA,687027,872.375,82.0,,False
196,INGENIERIA MECATRONICA,630898,539.5,239.0,,False
196,INGENIERIA MECATRONICA,674141,,,AUSENTE,True
196,INGENIERIA MECATRONICA,679456,562.125,236.0,,False
196,INGENIERIA MECATRONICA,667906,857.625,92.0,,False
196,INGENIERIA MECATRONICA,661333,868.25,84.0,,False
196,INGENIERIA MECATRONICA,689582,1034.5,26.0,,False
196,INGENIERIA MECATRONICA,695341,666.25,199.0,,False
196,INGENIERIA MECATRONICA,638580,642.0,206.0,,False
196,INGENIERIA MECATRONICA,633944,847.25,97.0,,False
196,INGENIERIA MECATRONICA,678238,982.0,41.0,,False
196,INGENIERIA MECATRONICA,645503,730.75,165.0,,False
196,INGENIERIA MECATRONICA,683023,749.625,151.0,,False
196,INGENIERIA MECATRONICA,691312,531.5,241.0,,False
196,INGENIERIA MECATRONICA,655404,682.25,190.0,,False
196,INGENIERIA MECATRONICA,652650,695.5,182.0,,False
196,INGENIERIA MECATRONICA,632134,673.875,194.0,,False
196,INGENIERIA MECATRONICA,691601,498.875,248.0,,False
196,INGENIERIA MECATRONICA,645104,484.375,251.0,,False
196,INGENIERIA MECATRONICA,628198,759.875,146.0,,False
196,INGENIERIA MECATRONICA,643929,881.375,78.0,,False
196,INGENIERIA MECATRONICA,631098,789.375,128.0,,False
196,INGENIERIA MECATRONICA,626799,897.5,71.0,,False
196,INGENIERIA MECATRONICA,643166,1044.0,25.0,,False
196,INGENIERIA MECATRONICA,660927,1112.0,11.0,,False
196,INGENIERIA MECATRONICA,671225,880.0,79.0,,False
196,INGENIERIA MECATRONICA,629041,1067.625,22.0,,False
196,INGENIERIA MECATRONICA,633397,572.875,232.0,,False
196,INGENIERIA MECATRONICA,682321,1027.625,28.0,,False
196,INGENIERIA MECATRONICA,675878,734.875,160.0,,False
196,INGENIERIA MECATRONICA,684394,768.125,142.0,,False
196,INGENIERIA MECATRONICA,692506,775.25,140.0,,False
196,INGENIERIA MECATRONICA,659018,492.625,250.0,,False
196,INGENIERIA MECATRONICA,682049,943.375,53.0,,False
196,INGENIERIA MECATRONICA,661920,584.0,230.0,,False
196,INGENIERIA MECATRONICA,628505,,,AUSENTE,True
196,INGENIERIA MECATRONICA,661101,764.125,143.0,,False
196,INGENIERIA MECATRONICA,632581,933.875,60.0,,False
196,INGENIERIA MECATRONICA,689439,992.25,36.0,,False
196,INGENIERIA MECATRONICA,622857,753.75,148.0,,False
196,INGENIERIA MECATRONICA,620623,638.875,208.0,,False
196,INGENIERIA MECATRONICA,674923,844.25,100.0,,False
196,INGENIERIA MECATRONICA,620709,1091.625,15.0,,False
196,INGENIERIA MECATRONICA,641295,844.875,98.0,,False
196,INGENIERIA MECATRONICA,670149,960.875,47.0,,False
196,INGENIERIA MECATRONICA,677101,558.625,237.0,,False
196,INGENIERIA MECATRONICA,699535,704.25,177.0,,False
196,INGENIERIA MECATRONICA,635272,831.25,110.0,,False
196,INGENIERIA MECATRONICA,667416,782.5,136.0,,False
196,INGENIERIA MECATRONICA,620617,672.5,196.0,,False
196,INGENIERIA MECATRONICA,696566,886.5,74.0,,False
196,INGENIERIA MECATRONICA,677765,637.0,210.0,,False
196,INGENIERIA MECATRONICA,674560,679.125,192.0,,False
196,INGENIERIA MECATRONICA,646720,1073.25,20.0,,False
196,INGENIERIA MECATRONICA,644405,428.75,259.0,,False
196,INGENIERIA MECATRONICA,652541,521.25,243.0,,False
196,INGENIERIA MECATRONICA,673516,483.375,252.0,,False
196,INGENIERIA MECATRONICA,677574,897.5,70.0,,False
196,INGENIERIA MECATRONICA,636867,1074.375,19.0,,False
196,INGENIERIA MECATRONICA,659925,623.125,215.0,,False
196,INGENIERIA MECATRONICA,696238,624.0,214.0,,False
196,INGENIERIA MECATRONICA,675340,429.625,258.0,,False
196,INGENIERIA MECATRONICA,678932,836.625,104.0,,False
196,INGENIERIA MECATRONICA,683417,902.625,67.0,,False
196,INGENIERIA MECATRONICA,668275,1052.625,23.0,,False
196,INGENIERIA MECATRONICA,649786,789.0,129.0,,False
196,INGENIERIA MECATRONICA,638779,497.375,249.0,,False
196,INGENIERIA MECATRONICA,670489,662.5,201.0,,False
196,INGENIERIA MECATRONICA,694047,788.375,130.0,,False
196,INGENIERIA MECATRONICA,698745,960.875,48.0,,False
196,INGENIERIA MECATRONICA,622920,1004.25,35.0,,False
196,INGENIERIA MECATRONICA,681780,824.875,113.0,,False
196,INGENIERIA MECATRONICA,680305,844.375,99.0,,False
196,INGENIERIA MECATRONICA,681137,877.5,80.0,,False
196,INGENIERIA MECATRONICA,680706,,,AUSENTE,True
196,INGENIERIA MECATRONICA,652322,943.75,52.0,,False
196,INGENIERIA MECATRONICA,644914,1020.25,31.0,,False
196,INGENIERIA MECATRONICA,638252,668.75,197.0,,False
196,INGENIERIA MECATRONICA,624402,1005.625,34.0,,False
196,INGENIERIA MECATRONICA,688932,868.75,83.0,,False
196,INGENIERIA MECATRONICA,654702,723.125,169.0,,False
196,INGENIERIA MECATRONICA,695004,730.625,166.0,,False
196,INGENIERIA MECATRONICA,669978,687.625,186.0,,False
196,INGENIERIA MECATRONICA,662681,411.0,260.0,,False
196,INGENIERIA MECATRONICA,688436,947.125,50.0,,False
196,INGENIERIA MECATRONICA,677275,570.0,234.0,,False
196,INGENIERIA MECATRONICA,683349,571.625,233.0,,False
196,INGENIERIA MECATRONICA,657996,790.125,127.0,,False
196,INGENIERIA MECATRONICA,681620,736.375,159.0,,False
196,INGENIERIA MECATRONICA,689973,1017.75,32.0,,False
196,INGENIERIA MECATRONICA,697304,732.125,163.0,,False
196,INGENIERIA MECATRONICA,643398,939.75,59.0,,False
196,INGENIERIA MECATRONICA,633062,978.0,43.0,,False
196,INGENIERIA MECATRONICA,681778,885.625,75.0,,False
196,INGENIERIA MECATRONICA,629762,503.5,245.0,,False
196,INGENIERIA MECATRONICA,634087,983.375,40.0,,False
196,INGENIERIA MECATRONICA,687410,800.375,122.0,,False
196,INGENIERIA MECATRONICA,695790,657.75,202.0,,False
196,INGENIERIA MECATRONICA,663012,609.375,222.0,,False
196,INGENIERIA MECATRONICA,653031,988.25,38.0,,False
196,INGENIERIA MECATRONICA,660210,785.0,133.0,,False
166,INGENIERÍA METALÚRGICA,682620,870.5,18.0,,False
166,INGENIERÍA METALÚRGICA,636646,777.0,30.0,,False
166,INGENIERÍA METALÚRGICA,648445,809.0,24.0,,False
166,INGENIERÍA METALÚRGICA,689708,671.375,46.0,,False
166,INGENIERÍA METALÚRGICA,698390,602.25,55.0,,False
166,INGENIERÍA METALÚRGICA,668560,711.375,40.0,,False
166,INGENIERÍA METALÚRGICA,658327,381.25,60.0,,False
166,INGENIERÍA METALÚRGICA,644301,1033.25,3.0,,False
166,INGENIERÍA METALÚRGICA,652862,563.875,59.0,,False
166,INGENIERÍA METALÚRGICA,647223,1004.25,5.0,,False
166,INGENIERÍA METALÚRGICA,631618,811.5,23.0,,False
166,INGENIERÍA METALÚRGICA,671983,576.625,58.0,,False
166,INGENIERÍA METALÚRGICA,654722,867.375,19.0,,False
166,INGENIERÍA METALÚRGICA,655908,693.0,42.0,,False
166,INGENIERÍA METALÚRGICA,621019,1062.5,2.0,,False
166,INGENIERÍA METALÚRGICA,699093,877.5,16.0,,False
166,INGENIERÍA METALÚRGICA,684424,806.375,25.0,,False
166,INGENIERÍA METALÚRGICA,625307,799.75,26.0,,False
166,INGENIERÍA METALÚRGICA,655235,624.25,52.0,,False
166,INGENIERÍA METALÚRGICA,633369,993.75,6.0,,False
166,INGENIERÍA METALÚRGICA,629236,943.75,11.0,,False
166,INGENIERÍA METALÚRGICA,648750,712.375,39.0,,False
166,INGENIERÍA METALÚRGICA,695520,737.625,34.0,,False
166,INGENIERÍA METALÚRGICA,635403,904.25,14.0,,False
166,INGENIERÍA METALÚRGICA,630934,716.25,37.0,,False
166,INGENIERÍA METALÚRGICA,633187,719.75,36.0,,False
166,INGENIERÍA METALÚRGICA,691590,960.875,10.0,,False
166,INGENIERÍA METALÚRGICA,624905,786.0,28.0,,False
166,INGENIERÍA METALÚRGICA,673214,637.5,50.0,,False
166,INGENIERÍA METALÚRGICA,629924,913.5,13.0,,False
166,INGENIERÍA METALÚRGICA,661394,779.75,29.0,,False
166,INGENIERÍA METALÚRGICA,687186,595.5,56.0,,False
166,INGENIERÍA METALÚRGICA,697299,968.75,8.0,,False
166,INGENIERÍA METALÚRGICA,663025,876.375,17.0,,False
166,INGENIERÍA METALÚRGICA,676083,685.875,44.0,,False
166,INGENIERÍA METALÚRGICA,652390,665.125,47.0,,False
166,INGENIERÍA METALÚRGICA,639951,741.375,33.0,,False
166,INGENIERÍA METALÚRGICA,698116,712.5,38.0,,False
166,INGENIERÍA METALÚRGICA,678291,865.5,20.0,,False
166,INGENIERÍA METALÚRGICA,635001,582.875,57.0,,False
166,INGENIERÍA METALÚRGICA,688564,924.25,12.0,,False
166,INGENIERÍA METALÚRGICA,675488,618.0,53.0,,False
166,INGENIERÍA METALÚRGICA,688333,704.5,41.0,,False
166,INGENIERÍA METALÚRGICA,698688,687.125,43.0,,False
166,INGENIERÍA METALÚRGICA,675446,985.375,7.0,,False
166,INGENIERÍA METALÚRGICA,690520,1070.5,1.0,,False
166,INGENIERÍA METALÚRGICA,645053,882.25,15.0,,False
166,INGENIERÍA METALÚRGICA,691325,760.875,31.0,,False
166,INGENIERÍA METALÚRGICA,683317,1014.875,4.0,,False
166,INGENIERÍA METALÚRGICA,687404,626.5,51.0,,False
166,INGENIERÍA METALÚRGICA,692123,857.5,21.0,,False
166,INGENIERÍA METALÚRGICA,645083,797.0,27.0,,False
166,INGENIERÍA METALÚRGICA,693940,673.875,45.0,,False
166,INGENIERÍA METALÚRGICA,633710,746.25,32.0,,False
166,INGENIERÍA METALÚRGICA,656954,730.75,35.0,,False
166,INGENIERÍA METALÚRGICA,628538,820.375,22.0,,False
166,INGENIERÍA METALÚRGICA,679538,653.0,48.0,,False
166,INGENIERÍA METALÚRGICA,636960,964.875,9.0,,False
166,INGENIERÍA METALÚRGICA,694000,609.0,54.0,,False
166,INGENIERÍA METALÚRGICA,687741,645.125,49.0,,False
195,INGENIERIA NUCLEAR,665459,923.625,7.0,,False
195,INGENIERIA NUCLEAR,649875,893.75,9.0,,False
195,INGENIERIA NUCLEAR,698987,611.375,25.0,,False
195,INGENIERIA NUCLEAR,684181,763.875,16.0,,False
195,INGENIERIA NUCLEAR,645255,1097.5,2.0,,False
195,INGENIERIA NUCLEAR,656494,734.375,20.0,,False
195,INGENIERIA NUCLEAR,674913,753.75,19.0,,False
195,INGENIERIA NUCLEAR,699846,870.5,11.0,,False
195,INGENIERIA NUCLEAR,668913,732.125,21.0,,False
195,INGENIERIA NUCLEAR,682686,604.0,26.0,,False
195,INGENIERIA NUCLEAR,666947,993.5,5.0,,False
195,INGENIERIA NUCLEAR,622979,762.5,17.0,,False
195,INGENIERIA NUCLEAR,650868,984.75,6.0,,False
195,INGENIERIA NUCLEAR,674842,791.875,14.0,,False
195,INGENIERIA NUCLEAR,680355,480.875,27.0,,False
195,INGENIERIA NUCLEAR,637616,864.25,12.0,,False
195,INGENIERIA NUCLEAR,669639,885.125,10.0,,False
195,INGENIERIA NUCLEAR,646311,1016.625,3.0,,False
195,INGENIERIA NUCLEAR,674648,894.625,8.0,,False
195,INGENIERIA NUCLEAR,682997,753.875,18.0,,False
195,INGENIERIA NUCLEAR,677351,630.75,24.0,,False
195,INGENIERIA NUCLEAR,636949,1222.0,1.0,,False
195,INGENIERIA NUCLEAR,658069,477.375,28.0,,False
195,INGENIERIA NUCLEAR,677936,463.375,29.0,,False
195,INGENIERIA NUCLEAR,696725,671.75,23.0,,False
195,INGENIERIA NUCLEAR,678078,693.75,22.0,,False
195,INGENIERIA NUCLEAR,683495,1001.375,4.0,,False
195,INGENIERIA NUCLEAR,668555,784.0,15.0,,False
195,INGENIERIA NUCLEAR,643515,810.5,13.0,,False
072,INGENIERÍA QUÍMICA,666466,729.375,75.0,,False
072,INGENIERÍA QUÍMICA,675755,862.25,38.0,,False
072,INGENIERÍA QUÍMICA,644264,725.625,76.0,,False
072,INGENIERÍA QUÍMICA,622728,530.875,113.0,,False
072,INGENIERÍA QUÍMICA,627267,617.5,96.0,,False
072,INGENIERÍA QUÍMICA,643016,1049.375,11.0,,False
072,INGENIERÍA QUÍMICA,652146,519.875,114.0,,False
072,INGENIERÍA QUÍMICA,680696,852.625,44.0,,False
072,INGENIERÍA QUÍMICA,621623,891.0,29.0,,False
072,INGENIERÍA QUÍMICA,637755,890.5,30.0,,False
072,INGENIERÍA QUÍMICA,634751,901.125,28.0,,False
072,INGENIERÍA QUÍMICA,644127,834.125,50.0,,False
072,INGENIERÍA QUÍMICA,652389,699.875,78.0,,False
072,INGENIERÍA QUÍMICA,659291,570.25,104.0,,False
072,INGENIERÍA QUÍMICA,631920,652.625,87.0,,False
072,INGENIERÍA QUÍMICA,663999,838.125,47.0,,False
072,INGENIERÍA QUÍMICA,691915,722.875,77.0,,False
072,INGENIERÍA QUÍMICA,663120,751.0,72.0,,False
072,INGENIERÍA QUÍMICA,653848,416.875,122.0,,False
072,INGENIERÍA QUÍMICA,697898,668.375,83.0,,False
072,INGENIERÍA QUÍMICA,631228,779.25,65.0,,False
072,INGENIERÍA QUÍMICA,643564,615.0,97.0,,False
072,INGENIERÍA QUÍMICA,621032,876.375,36.0,,False
072,INGENIERÍA QUÍMICA,646568,795.875,58.0,,False
072,INGENIERÍA QUÍMICA,678458,771.625,68.0,,False
072,INGENIERÍA QUÍMICA,639636,428.875,119.0,,False
072,INGENIERÍA QUÍMICA,685378,883.625,35.0,,False
072,INGENIERÍA QUÍMICA,688296,658.25,85.0,,False
072,INGENIERÍA QUÍMICA,650561,838.875,46.0,,False
072,INGENIERÍA QUÍMICA,696933,789.0,62.0,,False
072,INGENIERÍA QUÍMICA,673371,567.5,106.0,,False
072,INGENIERÍA QUÍMICA,632795,792.375,60.0,,False
072,INGENIERÍA QUÍMICA,624470,695.375,80.0,,False
072,INGENIERÍA QUÍMICA,643712,581.75,103.0,,False
072,INGENIERÍA QUÍMICA,680154,411.875,123.0,,False
072,INGENIERÍA QUÍMICA,673362,650.75,88.0,,False
072,INGENIERÍA QUÍMICA,650610,836.625,48.0,,False
072,INGENIERÍA QUÍMICA,683220,815.25,54.0,,False
072,INGENIERÍA QUÍMICA,661016,917.75,26.0,,False
072,INGENIERÍA QUÍMICA,667791,987.0,15.0,,False
072,INGENIERÍA QUÍMICA,667857,618.125,94.0,,False
072,INGENIERÍA QUÍMICA,685708,982.0,16.0,,False
072,INGENIERÍA QUÍMICA,695983,474.25,118.0,,False
072,INGENIERÍA QUÍMICA,678001,1235.5,2.0,,False
072,INGENIERÍA QUÍMICA,631900,835.75,49.0,,False
072,INGENIERÍA QUÍMICA,645666,1067.625,8.0,,False
072,INGENIERÍA QUÍMICA,620806,556.375,109.0,,False
072,INGENIERÍA QUÍMICA,670221,815.25,55.0,,False
072,INGENIERÍA QUÍMICA,640575,783.625,64.0,,False
072,INGENIERÍA QUÍMICA,633608,982.0,17.0,,False
072,INGENIERÍA QUÍMICA,668720,617.625,95.0,,False
072,INGENIERÍA QUÍMICA,645624,661.125,84.0,,False
072,INGENIERÍA QUÍMICA,632685,860.0,40.0,,False
072,INGENIERÍA QUÍMICA,673998,1071.625,7.0,,False
072,INGENIERÍA QUÍMICA,663607,1140.5,3.0,,False
072,INGENIERÍA QUÍMICA,645137,902.0,27.0,,False
072,INGENIERÍA QUÍMICA,670408,890.5,31.0,,False
072,INGENIERÍA QUÍMICA,630603,1008.25,13.0,,False
072,INGENIERÍA QUÍMICA,646048,861.875,39.0,,False
072,INGENIERÍA QUÍMICA,624444,958.375,19.0,,False
072,INGENIERÍA QUÍMICA,670558,964.875,18.0,,False
072,INGENIERÍA QUÍMICA,677748,614.25,99.0,,False
072,INGENIERÍA QUÍMICA,644966,920.875,25.0,,False
072,INGENIERÍA QUÍMICA,621668,808.5,57.0,,False
072,INGENIERÍA QUÍMICA,631679,1057.25,10.0,,False
072,INGENIERÍA QUÍMICA,683915,855.25,42.0,,False
072,INGENIERÍA QUÍMICA,659941,1075.5,6.0,,False
072,INGENIERÍA QUÍMICA,675105,730.625,74.0,,False
072,INGENIERÍA QUÍMICA,680694,621.75,93.0,,False
072,INGENIERÍA QUÍMICA,633680,422.0,121.0,,False
072,INGENIERÍA QUÍMICA,673780,831.25,52.0,,False
072,INGENIERÍA QUÍMICA,650714,1045.375,12.0,,False
072,INGENIERÍA QUÍMICA,627343,808.75,56.0,,False
072,INGENIERÍA QUÍMICA,635655,614.875,98.0,,False
072,INGENIERÍA QUÍMICA,655316,852.375,45.0,,False
072,INGENIERÍA QUÍMICA,626957,886.625,33.0,,False
072,INGENIERÍA QUÍMICA,690662,777.25,66.0,,False
072,INGENIERÍA QUÍMICA,622279,890.375,32.0,,False
072,INGENIERÍA QUÍMICA,625992,698.0,79.0,,False
072,INGENIERÍA QUÍMICA,658474,886.5,34.0,,False
072,INGENIERÍA QUÍMICA,620446,653.75,86.0,,False
072,INGENIERÍA QUÍMICA,630244,1104.0,4.0,,False
072,INGENIERÍA QUÍMICA,635814,940.25,22.0,,False
072,INGENIERÍA QUÍMICA,691673,643.625,90.0,,False
072,INGENIERÍA QUÍMICA,647005,682.5,81.0,,False
072,INGENIERÍA QUÍMICA,641548,987.625,14.0,,False
072,INGENIERÍA QUÍMICA,661006,853.875,43.0,,False
072,INGENIERÍA QUÍMICA,696315,592.375,101.0,,False
072,INGENIERÍA QUÍMICA,664769,491.0,116.0,,False
072,INGENIERÍA QUÍMICA,662276,872.375,37.0,,False
072,INGENIERÍA QUÍMICA,628120,764.25,70.0,,False
072,INGENIERÍA QUÍMICA,669823,542.875,112.0,,False
072,INGENIERÍA QUÍMICA,622547,923.125,24.0,,False
072,INGENIERÍA QUÍMICA,670389,791.5,61.0,,False
072,INGENIERÍA QUÍMICA,650448,508.0,115.0,,False
072,INGENIERÍA QUÍMICA,692159,568.5,105.0,,False
072,INGENIERÍA QUÍMICA,697061,786.125,63.0,,False
072,INGENIERÍA QUÍMICA,692375,476.625,117.0,,False
072,INGENIERÍA QUÍMICA,686037,944.875,21.0,,False
072,INGENIERÍA QUÍMICA,694516,832.125,51.0,,False
072,INGENIERÍA QUÍMICA,697364,929.125,23.0,,False
072,INGENIERÍA QUÍMICA,699059,1284.0,1.0,,False
072,INGENIERÍA QUÍMICA,658348,819.625,53.0,,False
072,INGENIERÍA QUÍMICA,680219,1066.5,9.0,,False
072,INGENIERÍA QUÍMICA,696531,793.0,59.0,,False
072,INGENIERÍA QUÍMICA,658931,763.375,71.0,,False
072,INGENIERÍA QUÍMICA,667245,766.75,69.0,,False
072,INGENIERÍA QUÍMICA,634888,561.125,107.0,,False
072,INGENIERÍA QUÍMICA,660253,859.25,41.0,,False
072,INGENIERÍA QUÍMICA,640229,425.625,120.0,,False
072,INGENIERÍA QUÍMICA,681800,639.25,91.0,,False
072,INGENIERÍA QUÍMICA,628418,629.0,92.0,,False
072,INGENIERÍA QUÍMICA,633210,735.5,73.0,,False
072,INGENIERÍA QUÍMICA,654288,1096.125,5.0,,False
072,INGENIERÍA QUÍMICA,656523,557.5,108.0,,False
072,INGENIERÍA QUÍMICA,625315,645.625,89.0,,False
072,INGENIERÍA QUÍMICA,646815,948.5,20.0,,False
072,INGENIERÍA QUÍMICA,642124,773.375,67.0,,False
072,INGENIERÍA QUÍMICA,662824,547.25,111.0,,False
072,INGENIERÍA QUÍMICA,635428,582.875,102.0,,False
072,INGENIERÍA QUÍMICA,636477,600.5,100.0,,False
072,INGENIERÍA QUÍMICA,623455,674.125,82.0,,False
072,INGENIERÍA QUÍMICA,689778,548.5,110.0,,False
172,INGENIERÍA TEXTIL Y CONFECCIONES,632442,707.375,14.0,,False
172,INGENIERÍA TEXTIL Y CONFECCIONES,671355,772.625,10.0,,False
172,INGENIERÍA TEXTIL Y CONFECCIONES,623652,1153.25,1.0,,False
172,INGENIERÍA TEXTIL Y CONFECCIONES,628714,670.75,17.0,,False
172,INGENIERÍA TEXTIL Y CONFECCIONES,663297,826.5,6.0,,False
172,INGENIERÍA TEXTIL Y CONFECCIONES,672889,583.625,21.0,,False
172,INGENIERÍA TEXTIL Y CONFECCIONES,675183,814.625,7.0,,False
172,INGENIERÍA TEXTIL Y CONFECCIONES,694561,556.375,23.0,,False
172,INGENIERÍA TEXTIL Y CONFECCIONES,646008,696.5,15.0,,False
172,INGENIERÍA TEXTIL Y CONFECCIONES,640438,757.5,12.0,,False
172,INGENIERÍA TEXTIL Y CONFECCIONES,641416,915.75,4.0,,False
172,INGENIERÍA TEXTIL Y CONFECCIONES,631336,638.375,20.0,,False
172,INGENIERÍA TEXTIL Y CONFECCIONES,696986,904.875,5.0,,False
172,INGENIERÍA TEXTIL Y CONFECCIONES,670541,644.0,19.0,,False
172,INGENIERÍA TEXTIL Y CONFECCIONES,639123,730.75,13.0,,False
172,INGENIERÍA TEXTIL Y CONFECCIONES,631068,1065.25,2.0,,False
172,INGENIERÍA TEXTIL Y CONFECCIONES,697888,760.75,11.0,,False
172,INGENIERÍA TEXTIL Y CONFECCIONES,641526,783.875,9.0,,False
172,INGENIERÍA TEXTIL Y CONFECCIONES,698049,518.5,24.0,,False
172,INGENIERÍA TEXTIL Y CONFECCIONES,622427,509.875,25.0,,False
172,INGENIERÍA TEXTIL Y CONFECCIONES,655506,691.875,16.0,,False
172,INGENIERÍA TEXTIL Y CONFECCIONES,639532,1028.25,3.0,,False
172,INGENIERÍA TEXTIL Y CONFECCIONES,632818,575.5,22.0,,False
172,INGENIERÍA TEXTIL Y CONFECCIONES,686769,788.75,8.0,,False
172,INGENIERÍA TEXTIL Y CONFECCIONES,688337,652.25,18.0,,False
172,INGENIERÍA TEXTIL Y CONFECCIONES,642149,501.25,26.0,,False
144,INVESTIGACIÓN OPERATIVA,590100,978.25,1.0,,False
144,INVESTIGACIÓN OPERATIVA,524176,703.375,12.0,,False
144,INVESTIGACIÓN OPERATIVA,565199,707.875,11.0,,False
144,INVESTIGACIÓN OPERATIVA,556249,901.5,3.0,,False
144,INVESTIGACIÓN OPERATIVA,577780,543.125,21.0,,False
144,INVESTIGACIÓN OPERATIVA,551768,689.875,13.0,,False
144,INVESTIGACIÓN OPERATIVA,573273,509.25,23.0,,False
144,INVESTIGACIÓN OPERATIVA,550635,774.75,9.0,,False
144,INVESTIGACIÓN OPERATIVA,583551,960.875,2.0,,False
144,INVESTIGACIÓN OPERATIVA,551970,728.625,10.0,,False
144,INVESTIGACIÓN OPERATIVA,531027,860.625,6.0,,False
144,INVESTIGACIÓN OPERATIVA,559206,862.25,5.0,,False
144,INVESTIGACIÓN OPERATIVA,534346,539.75,22.0,,False
144,INVESTIGACIÓN OPERATIVA,550905,610.375,18.0,,False
144,INVESTIGACIÓN OPERATIVA,549609,639.125,17.0,,False
144,INVESTIGACIÓN OPERATIVA,555113,609.875,19.0,,False
144,INVESTIGACIÓN OPERATIVA,541499,855.25,7.0,,False
144,INVESTIGACIÓN OPERATIVA,591538,661.375,14.0,,False
144,INVESTIGACIÓN OPERATIVA,567635,863.375,4.0,,False
144,INVESTIGACIÓN OPERATIVA,524530,657.5,15.0,,False
144,INVESTIGACIÓN OPERATIVA,537405,646.375,16.0,,False
144,INVESTIGACIÓN OPERATIVA,547435,546.25,20.0,,False
144,INVESTIGACIÓN OPERATIVA,560314,811.0,8.0,,False
0310,"LENGUAS, TRADUCCIÓN E INTERPRETACIÓN",830371,896.875,19.0,,False
0310,"LENGUAS, TRADUCCIÓN E INTERPRETACIÓN",898473,717.5,52.0,,False
0310,"LENGUAS, TRADUCCIÓN E INTERPRETACIÓN",857456,630.25,65.0,,False
0310,"LENGUAS, TRADUCCIÓN E INTERPRETACIÓN",820062,644.0,60.0,,False
0310,"LENGUAS, TRADUCCIÓN E INTERPRETACIÓN",888049,859.0,27.0,,False
0310,"LENGUAS, TRADUCCIÓN E INTERPRETACIÓN",879638,584.625,72.0,,False
0310,"LENGUAS, TRADUCCIÓN E INTERPRETACIÓN",854304,891.0,20.0,,False
0310,"LENGUAS, TRADUCCIÓN E INTERPRETACIÓN",827577,805.0,36.0,,False
0310,"LENGUAS, TRADUCCIÓN E INTERPRETACIÓN",857711,684.125,56.0,,False
0310,"LENGUAS, TRADUCCIÓN E INTERPRETACIÓN",896036,635.25,63.0,,False
0310,"LENGUAS, TRADUCCIÓN E INTERPRETACIÓN",888275,872.375,22.0,,False
0310,"LENGUAS, TRADUCCIÓN E INTERPRETACIÓN",846952,712.5,53.0,,False
0310,"LENGUAS, TRADUCCIÓN E INTERPRETACIÓN",893748,614.5,67.0,,False
0310,"LENGUAS, TRADUCCIÓN E INTERPRETACIÓN",826741,489.5,75.0,,False
0310,"LENGUAS, TRADUCCIÓN E INTERPRETACIÓN",852038,945.375,12.0,,False
0310,"LENGUAS, TRADUCCIÓN E INTERPRETACIÓN",861580,787.125,38.0,,False
0310,"LENGUAS, TRADUCCIÓN E INTERPRETACIÓN",874347,1135.5,3.0,,False
0310,"LENGUAS, TRADUCCIÓN E INTERPRETACIÓN",835062,928.75,15.0,,False
0310,"LENGUAS, TRADUCCIÓN E INTERPRETACIÓN",851793,765.625,45.0,,False
0310,"LENGUAS, TRADUCCIÓN E INTERPRETACIÓN",872082,943.375,13.0,,False
0310,"LENGUAS, TRADUCCIÓN E INTERPRETACIÓN",864264,640.0,61.0,,False
0310,"LENGUAS, TRADUCCIÓN E INTERPRETACIÓN",844757,742.0,49.0,,False
0310,"LENGUAS, TRADUCCIÓN E INTERPRETACIÓN",870980,876.375,21.0,,False
0310,"LENGUAS, TRADUCCIÓN E INTERPRETACIÓN",885351,909.5,17.0,,False
0310,"LENGUAS, TRADUCCIÓN E INTERPRETACIÓN",875825,982.5,10.0,,False
0310,"LENGUAS, TRADUCCIÓN E INTERPRETACIÓN",839122,722.75,51.0,,False
0310,"LENGUAS, TRADUCCIÓN E INTERPRETACIÓN",878520,821.125,34.0,,False
0310,"LENGUAS, TRADUCCIÓN E INTERPRETACIÓN",879291,594.875,70.0,,False
0310,"LENGUAS, TRADUCCIÓN E INTERPRETACIÓN",861639,834.125,31.0,,False
0310,"LENGUAS, TRADUCCIÓN E INTERPRETACIÓN",868620,780.0,40.0,,False
0310,"LENGUAS, TRADUCCIÓN E INTERPRETACIÓN",860320,770.75,43.0,,False
0310,"LENGUAS, TRADUCCIÓN E INTERPRETACIÓN",855147,774.75,41.0,,False
0310,"LENGUAS, TRADUCCIÓN E INTERPRETACIÓN",828752,598.75,69.0,,False
0310,"LENGUAS, TRADUCCIÓN E INTERPRETACIÓN",843198,933.25,14.0,,False
0310,"LENGUAS, TRADUCCIÓN E INTERPRETACIÓN",844072,772.125,42.0,,False
0310,"LENGUAS, TRADUCCIÓN E INTERPRETACIÓN",829202,746.25,48.0,,False
0310,"LENGUAS, TRADUCCIÓN E INTERPRETACIÓN",864676,813.0,35.0,,False
0310,"LENGUAS, TRADUCCIÓN E INTERPRETACIÓN",896225,947.625,11.0,,False
0310,"LENGUAS, TRADUCCIÓN E INTERPRETACIÓN",877851,1007.125,7.0,,False
0310,"LENGUAS, TRADUCCIÓN E INTERPRETACIÓN",822725,604.5,68.0,,False
0310,"LENGUAS, TRADUCCIÓN E INTERPRETACIÓN",856673,1024.25,5.0,,False
0310,"LENGUAS, TRADUCCIÓN E INTERPRETACIÓN",839436,783.875,39.0,,False
0310,"LENGUAS, TRADUCCIÓN E INTERPRETACIÓN",827784,764.5,46.0,,False
0310,"LENGUAS, TRADUCCIÓN E INTERPRETACIÓN",841205,904.875,18.0,,False
0310,"LENGUAS, TRADUCCIÓN E INTERPRETACIÓN",886470,724.25,50.0,,False
0310,"LENGUAS, TRADUCCIÓN E INTERPRETACIÓN",849842,407.25,76.0,,False
0310,"LENGUAS, TRADUCCIÓN E INTERPRETACIÓN",867392,989.375,8.0,,False
0310,"LENGUAS, TRADUCCIÓN E INTERPRETACIÓN",839083,,,AUSENTE,True
0310,"LENGUAS, TRADUCCIÓN E INTERPRETACIÓN",821736,691.875,55.0,,False
0310,"LENGUAS, TRADUCCIÓN E INTERPRETACIÓN",848075,868.375,24.0,,False
0310,"LENGUAS, TRADUCCIÓN E INTERPRETACIÓN",829680,562.0,74.0,,False
0310,"LENGUAS, TRADUCCIÓN E INTERPRETACIÓN",873441,834.5,29.0,,False
0310,"LENGUAS, TRADUCCIÓN E INTERPRETACIÓN",880640,570.125,73.0,,False
0310,"LENGUAS, TRADUCCIÓN E INTERPRETACIÓN",857566,636.0,62.0,,False
0310,"LENGUAS, TRADUCCIÓN E INTERPRETACIÓN",883666,840.875,28.0,,False
0310,"LENGUAS, TRADUCCIÓN E INTERPRETACIÓN",887796,658.375,59.0,,False
0310,"LENGUAS, TRADUCCIÓN E INTERPRETACIÓN",883528,986.0,9.0,,False
0310,"LENGUAS, TRADUCCIÓN E INTERPRETACIÓN",854849,832.125,32.0,,False
0310,"LENGUAS, TRADUCCIÓN E INTERPRETACIÓN",896369,1022.375,6.0,,False
0310,"LENGUAS, TRADUCCIÓN E INTERPRETACIÓN",868637,766.125,44.0,,False
0310,"LENGUAS, TRADUCCIÓN E INTERPRETACIÓN",858123,588.75,71.0,,False
0310,"LENGUAS, TRADUCCIÓN E INTERPRETACIÓN",830721,872.375,23.0,,False
0310,"LENGUAS, TRADUCCIÓN E INTERPRETACIÓN",883513,831.875,33.0,,False
0310,"LENGUAS, TRADUCCIÓN E INTERPRETACIÓN",852631,789.75,37.0,,False
0310,"LENGUAS, TRADUCCIÓN E INTERPRETACIÓN",890843,861.375,25.0,,False
0310,"LENGUAS, TRADUCCIÓN E INTERPRETACIÓN",872860,1155.0,1.0,,False
0310,"LENGUAS, TRADUCCIÓN E INTERPRETACIÓN",859294,1083.5,4.0,,False
0310,"LENGUAS, TRADUCCIÓN E INTERPRETACIÓN",875428,617.5,66.0,,False
0310,"LENGUAS, TRADUCCIÓN E INTERPRETACIÓN",820823,698.625,54.0,,False
0310,"LENGUAS, TRADUCCIÓN E INTERPRETACIÓN",885540,860.375,26.0,,False
0310,"LENGUAS, TRADUCCIÓN E INTERPRETACIÓN",876349,756.75,47.0,,False
0310,"LENGUAS, TRADUCCIÓN E INTERPRETACIÓN",870756,669.125,58.0,,False
0310,"LENGUAS, TRADUCCIÓN E INTERPRETACIÓN",852705,675.75,57.0,,False
0310,"LENGUAS, TRADUCCIÓN E INTERPRETACIÓN",857509,834.125,30.0,,False
0310,"LENGUAS, TRADUCCIÓN E INTERPRETACIÓN",828082,631.75,64.0,,False
0310,"LENGUAS, TRADUCCIÓN E INTERPRETACIÓN",851291,924.5,16.0,,False
0310,"LENGUAS, TRADUCCIÓN E INTERPRETACIÓN",867467,1148.375,2.0,,False
034,LINGUÍSTICA,844103,1034.875,3.0,,False
034,LINGUÍSTICA,848443,709.25,15.0,,False
034,LINGUÍSTICA,826017,660.0,16.0,,False
034,LINGUÍSTICA,894927,766.75,10.0,,False
034,LINGUÍSTICA,860916,819.25,7.0,,False
034,LINGUÍSTICA,883434,745.375,14.0,,False
034,LINGUÍSTICA,899815,960.875,5.0,,False
034,LINGUÍSTICA,859590,1178.25,1.0,,False
034,LINGUÍSTICA,831001,763.75,11.0,,False
034,LINGUÍSTICA,822666,749.0,12.0,,False
034,LINGUÍSTICA,822642,813.0,8.0,,False
034,LINGUÍSTICA,899385,748.25,13.0,,False
034,LINGUÍSTICA,842001,1099.5,2.0,,False
034,LINGUÍSTICA,861585,392.75,18.0,,False
034,LINGUÍSTICA,832903,953.625,6.0,,False
034,LINGUÍSTICA,843471,1022.25,4.0,,False
034,LINGUÍSTICA,846214,797.75,9.0,,False
034,LINGUÍSTICA,861310,458.0,17.0,,False
031,LITERATURA,826761,512.375,54.0,,False
031,LITERATURA,898490,518.0,53.0,,False
031,LITERATURA,828770,687.25,38.0,,False
031,LITERATURA,897846,646.25,44.0,,False
031,LITERATURA,862439,774.625,29.0,,False
031,LITERATURA,876622,696.375,37.0,,False
031,LITERATURA,875956,482.375,55.0,,False
031,LITERATURA,898433,614.375,48.0,,False
031,LITERATURA,823096,728.5,36.0,,False
031,LITERATURA,881895,954.0,8.0,,False
031,LITERATURA,857527,617.625,47.0,,False
031,LITERATURA,899426,773.5,30.0,,False
031,LITERATURA,893785,923.125,11.0,,False
031,LITERATURA,872272,,,AUSENTE,True
031,LITERATURA,829257,738.875,35.0,,False
031,LITERATURA,876035,543.25,51.0,,False
031,LITERATURA,828961,520.5,52.0,,False
031,LITERATURA,871360,802.25,25.0,,False
031,LITERATURA,851474,1235.5,1.0,,False
031,LITERATURA,863965,614.125,49.0,,False
031,LITERATURA,867968,806.0,24.0,,False
031,LITERATURA,896595,830.125,21.0,,False
031,LITERATURA,849351,686.25,39.0,,False
031,LITERATURA,861878,820.625,22.0,,False
031,LITERATURA,885462,661.125,42.0,,False
031,LITERATURA,890228,914.875,12.0,,False
031,LITERATURA,896336,405.25,59.0,,False
031,LITERATURA,881929,872.375,16.0,,False
031,LITERATURA,834745,863.625,18.0,,False
031,LITERATURA,877009,879.75,14.0,,False
031,LITERATURA,845967,,,AUSENTE,True
031,LITERATURA,822987,634.0,46.0,,False
031,LITERATURA,835244,999.125,6.0,,False
031,LITERATURA,899534,1181.75,3.0,,False
031,LITERATURA,832975,473.5,56.0,,False
031,LITERATURA,831512,670.875,41.0,,False
031,LITERATURA,834188,877.625,15.0,,False
031,LITERATURA,882399,774.75,28.0,,False
031,LITERATURA,862272,864.0,17.0,,False
031,LITERATURA,854050,1118.875,5.0,,False
031,LITERATURA,896186,777.0,27.0,,False
031,LITERATURA,849995,1124.0,4.0,,False
031,LITERATURA,892309,813.125,23.0,,False
031,LITERATURA,842475,885.875,13.0,,False
031,LITERATURA,856619,990.5,7.0,,False
031,LITERATURA,891028,471.875,57.0,,False
031,LITERATURA,879231,842.0,19.0,,False
031,LITERATURA,859086,656.875,43.0,,False
031,LITERATURA,879528,444.875,58.0,,False
031,LITERATURA,826016,635.125,45.0,,False
031,LITERATURA,855441,744.875,34.0,,False
031,LITERATURA,864076,793.25,26.0,,False
031,LITERATURA,830428,582.625,50.0,,False
031,LITERATURA,869441,672.375,40.0,,False
031,LITERATURA,859631,952.125,9.0,,False
031,LITERATURA,846822,753.625,33.0,,False
031,LITERATURA,860992,1214.375,2.0,,False
031,LITERATURA,889879,935.125,10.0,,False
031,LITERATURA,839661,755.0,32.0,,False
031,LITERATURA,899719,839.25,20.0,,False
031,LITERATURA,862145,770.75,31.0,,False
096,MARKETING,789314,897.5,16.0,,False
096,MARKETING,790636,671.625,75.0,,False
096,MARKETING,784291,910.5,13.0,,False
096,MARKETING,747865,494.125,110.0,,False
096,MARKETING,757620,928.25,11.0,,False
096,MARKETING,740175,723.125,47.0,,False
096,MARKETING,752423,525.375,102.0,,False
096,MARKETING,785221,805.375,27.0,,False
096,MARKETING,748889,634.125,78.0,,False
096,MARKETING,774315,678.25,70.0,,False
096,MARKETING,753988,530.5,101.0,,False
096,MARKETING,756337,748.875,39.0,,False
096,MARKETING,733277,822.0,25.0,,False
096,MARKETING,725679,732.5,43.0,,False
096,MARKETING,779562,703.125,53.0,,False
096,MARKETING,743006,487.375,115.0,,False
096,MARKETING,733496,555.5,100.0,,False
096,MARKETING,776096,750.75,38.0,,False
096,MARKETING,745934,581.625,92.0,,False
096,MARKETING,728848,893.75,17.0,,False
096,MARKETING,734856,839.75,22.0,,False
096,MARKETING,798329,942.375,9.0,,False
096,MARKETING,760473,620.25,83.0,,False
096,MARKETING,739424,440.125,119.0,,False
096,MARKETING,795920,802.625,28.0,,False
096,MARKETING,786021,701.875,54.0,,False
096,MARKETING,761526,489.5,113.0,,False
096,MARKETING,731469,838.125,23.0,,False
096,MARKETING,762138,716.375,49.0,,False
096,MARKETING,796590,407.25,121.0,,False
096,MARKETING,758850,853.875,20.0,,False
096,MARKETING,740773,686.25,64.0,,False
096,MARKETING,725711,585.75,91.0,,False
096,MARKETING,744516,731.5,44.0,,False
096,MARKETING,795251,682.625,68.0,,False
096,MARKETING,792103,747.875,40.0,,False
096,MARKETING,760426,559.75,98.0,,False
096,MARKETING,736368,520.625,106.0,,False
096,MARKETING,782079,843.75,21.0,,False
096,MARKETING,770037,689.0,61.0,,False
096,MARKETING,744220,946.0,7.0,,False
096,MARKETING,743730,677.125,72.0,,False
096,MARKETING,739211,478.25,117.0,,False
096,MARKETING,786506,787.875,31.0,,False
096,MARKETING,751588,1067.25,3.0,,False
096,MARKETING,774651,944.25,8.0,,False
096,MARKETING,757654,486.875,116.0,,False
096,MARKETING,799943,887.875,18.0,,False
096,MARKETING,775784,509.875,107.0,,False
096,MARKETING,783138,1031.875,4.0,,False
096,MARKETING,744387,863.875,19.0,,False
096,MARKETING,762349,769.0,35.0,,False
096,MARKETING,742127,493.5,112.0,,False
096,MARKETING,745874,614.625,85.0,,False
096,MARKETING,750135,776.375,34.0,,False
096,MARKETING,759462,568.25,95.0,,False
096,MARKETING,787885,614.125,86.0,,False
096,MARKETING,770851,676.125,73.0,,False
096,MARKETING,798253,686.25,63.0,,False
096,MARKETING,764172,612.375,87.0,,False
096,MARKETING,755847,758.625,37.0,,False
096,MARKETING,734018,525.375,103.0,,False
096,MARKETING,788794,505.125,109.0,,False
096,MARKETING,768636,611.25,89.0,,False
096,MARKETING,791473,,,AUSENTE,True
096,MARKETING,780509,713.5,50.0,,False
096,MARKETING,731240,939.75,10.0,,False
096,MARKETING,725066,556.0,99.0,,False
096,MARKETING,741298,493.875,111.0,,False
096,MARKETING,795739,818.625,26.0,,False
096,MARKETING,776790,560.625,97.0,,False
096,MARKETING,726681,508.0,108.0,,False
096,MARKETING,782319,691.375,57.0,,False
096,MARKETING,781244,633.0,79.0,,False
096,MARKETING,756017,522.0,105.0,,False
096,MARKETING,738186,781.625,32.0,,False
096,MARKETING,787346,456.0,118.0,,False
096,MARKETING,797691,678.0,71.0,,False
096,MARKETING,787546,564.625,96.0,,False
096,MARKETING,784013,578.875,93.0,,False
096,MARKETING,763708,709.375,52.0,,False
096,MARKETING,773065,690.75,60.0,,False
096,MARKETING,770104,1102.5,1.0,,False
096,MARKETING,731155,667.125,76.0,,False
096,MARKETING,721211,699.5,55.0,,False
096,MARKETING,795402,734.125,42.0,,False
096,MARKETING,757600,923.75,12.0,,False
096,MARKETING,735563,728.5,45.0,,False
096,MARKETING,792094,685.375,65.0,,False
096,MARKETING,798880,607.875,90.0,,False
096,MARKETING,764676,362.625,122.0,,False
096,MARKETING,739542,524.875,104.0,,False
096,MARKETING,784308,691.0,58.0,,False
096,MARKETING,798198,717.5,48.0,,False
096,MARKETING,753563,898.625,15.0,,False
096,MARKETING,784310,681.375,69.0,,False
096,MARKETING,757953,687.625,62.0,,False
096,MARKETING,785842,645.125,77.0,,False
096,MARKETING,796238,627.125,82.0,,False
096,MARKETING,789149,724.5,46.0,,False
096,MARKETING,735838,967.625,5.0,,False
096,MARKETING,750563,709.875,51.0,,False
096,MARKETING,731410,436.5,120.0,,False
096,MARKETING,763783,684.875,66.0,,False
096,MARKETING,742898,960.25,6.0,,False
096,MARKETING,740720,800.875,29.0,,False
096,MARKETING,739596,628.125,81.0,,False
096,MARKETING,745222,632.0,80.0,,False
096,MARKETING,744195,618.875,84.0,,False
096,MARKETING,729902,674.75,74.0,,False
096,MARKETING,764857,791.875,30.0,,False
096,MARKETING,773812,766.75,36.0,,False
096,MARKETING,756670,684.125,67.0,,False
096,MARKETING,726479,487.625,114.0,,False
096,MARKETING,778870,826.25,24.0,,False
096,MARKETING,772774,612.125,88.0,,False
096,MARKETING,774279,737.125,41.0,,False
096,MARKETING,794733,901.125,14.0,,False
096,MARKETING,735712,696.375,56.0,,False
096,MARKETING,723612,691.0,59.0,,False
096,MARKETING,795479,776.375,33.0,,False
096,MARKETING,796686,577.625,94.0,,False
096,MARKETING,729866,1071.25,2.0,,False
141,MATEMÁTICA,581890,449.25,29.0,,False
141,MATEMÁTICA,570572,1033.375,2.0,,False
141,MATEMÁTICA,566701,442.5,30.0,,False
141,MATEMÁTICA,593529,703.375,15.0,,False
141,MATEMÁTICA,567102,784.25,11.0,,False
141,MATEMÁTICA,588348,918.625,6.0,,False
141,MATEMÁTICA,571407,921.125,5.0,,False
141,MATEMÁTICA,587413,661.125,18.0,,False
141,MATEMÁTICA,548746,550.875,24.0,,False
141,MATEMÁTICA,592310,494.5,27.0,,False
141,MATEMÁTICA,596304,609.625,23.0,,False
141,MATEMÁTICA,598353,661.125,19.0,,False
141,MATEMÁTICA,554502,522.75,25.0,,False
141,MATEMÁTICA,592552,868.375,8.0,,False
141,MATEMÁTICA,555506,663.375,17.0,,False
141,MATEMÁTICA,587926,690.25,16.0,,False
141,MATEMÁTICA,575475,751.5,14.0,,False
141,MATEMÁTICA,590966,656.0,21.0,,False
141,MATEMÁTICA,594603,843.625,10.0,,False
141,MATEMÁTICA,588923,660.875,20.0,,False
141,MATEMÁTICA,545664,516.125,26.0,,False
141,MATEMÁTICA,526990,771.875,13.0,,False
141,MATEMÁTICA,565863,915.75,7.0,,False
141,MATEMÁTICA,533622,939.75,4.0,,False
141,MATEMÁTICA,582013,1003.125,3.0,,False
141,MATEMÁTICA,533488,1128.125,1.0,,False
141,MATEMÁTICA,564491,479.25,28.0,,False
141,MATEMÁTICA,596290,632.375,22.0,,False
141,MATEMÁTICA,573885,774.625,12.0,,False
141,MATEMÁTICA,562131,847.25,9.0,,False
011,MEDICINA HUMANA,508514,1339.375,72.0,,False
011,MEDICINA HUMANA,512345,910.625,829.0,,False
011,MEDICINA HUMANA,516511,838.125,1171.0,,False
011,MEDICINA HUMANA,518533,436.0,2688.0,,False
011,MEDICINA HUMANA,519348,826.75,1226.0,,False
011,MEDICINA HUMANA,465865,794.125,1385.0,,False
011,MEDICINA HUMANA,510708,369.375,2716.0,,False
011,MEDICINA HUMANA,507016,847.625,1124.0,,False
011,MEDICINA HUMANA,502760,816.625,1271.0,,False
011,MEDICINA HUMANA,476248,1095.0,353.0,,False
011,MEDICINA HUMANA,510907,834.125,1198.0,,False
011,MEDICINA HUMANA,511437,820.375,1253.0,,False
011,MEDICINA HUMANA,505905,557.75,2453.0,,False
011,MEDICINA HUMANA,461173,391.0,2710.0,,False
011,MEDICINA HUMANA,465025,711.125,1825.0,,False
011,MEDICINA HUMANA,515531,652.625,2106.0,,False
011,MEDICINA HUMANA,506608,1150.375,262.0,,False
011,MEDICINA HUMANA,456765,836.625,1177.0,,False
011,MEDICINA HUMANA,514820,1276.375,120.0,,False
011,MEDICINA HUMANA,508601,631.875,2201.0,,False
011,MEDICINA HUMANA,514835,1477.5,9.0,,False
011,MEDICINA HUMANA,476532,763.875,1549.0,,False
011,MEDICINA HUMANA,518947,859.625,1067.0,,False
011,MEDICINA HUMANA,510165,878.625,983.0,,False
011,MEDICINA HUMANA,504045,770.125,1518.0,,False
011,MEDICINA HUMANA,507358,654.0,2097.0,,False
011,MEDICINA HUMANA,506528,1029.375,484.0,,False
011,MEDICINA HUMANA,515536,714.75,1800.0,,False
011,MEDICINA HUMANA,501624,696.5,1897.0,,False
011,MEDICINA HUMANA,516704,765.875,1541.0,,False
011,MEDICINA HUMANA,505920,737.125,1673.0,,False
011,MEDICINA HUMANA,511161,1157.75,237.0,,False
011,MEDICINA HUMANA,510100,793.0,1390.0,,False
011,MEDICINA HUMANA,517533,878.875,978.0,,False
011,MEDICINA HUMANA,510961,616.625,2286.0,,False
011,MEDICINA HUMANA,505060,749.625,1623.0,,False
011,MEDICINA HUMANA,516014,949.875,690.0,,False
011,MEDICINA HUMANA,501672,1104.0,343.0,,False
011,MEDICINA HUMANA,501029,945.875,706.0,,False
011,MEDICINA HUMANA,479096,792.75,1396.0,,False
011,MEDICINA HUMANA,421116,1124.0,301.0,,False
011,MEDICINA HUMANA,507784,669.625,2026.0,,False
011,MEDICINA HUMANA,486914,898.875,882.0,,False
011,MEDICINA HUMANA,516546,554.875,2467.0,,False
011,MEDICINA HUMANA,519396,727.625,1733.0,,False
011,MEDICINA HUMANA,473026,876.375,1004.0,,False
011,MEDICINA HUMANA,513945,897.5,903.0,,False
011,MEDICINA HUMANA,507440,1306.25,90.0,,False
011,MEDICINA HUMANA,426351,1185.0,210.0,,False
011,MEDICINA HUMANA,440332,640.0,2165.0,,False
011,MEDICINA HUMANA,516048,902.875,856.0,,False
011,MEDICINA HUMANA,504097,735.25,1680.0,,False
011,MEDICINA HUMANA,509737,1127.875,298.0,,False
011,MEDICINA HUMANA,518953,,,AUSENTE,True
011,MEDICINA HUMANA,480517,514.25,2567.0,,False
011,MEDICINA HUMANA,509584,599.625,2343.0,,False
011,MEDICINA HUMANA,511389,713.125,1809.0,,False
011,MEDICINA HUMANA,514021,756.125,1583.0,,False
011,MEDICINA HUMANA,488295,639.375,2172.0,,False
011,MEDICINA HUMANA,428525,851.625,1108.0,,False
011,MEDICINA HUMANA,513770,1575.75,4.0,,False
011,MEDICINA HUMANA,493628,920.625,797.0,,False
011,MEDICINA HUMANA,448647,939.75,731.0,,False
011,MEDICINA HUMANA,501835,1619.75,2.0,,False
011,MEDICINA HUMANA,503018,621.5,2256.0,,False
011,MEDICINA HUMANA,500149,887.625,937.0,,False
011,MEDICINA HUMANA,505331,423.875,2696.0,,False
011,MEDICINA HUMANA,507091,816.375,1277.0,,False
011,MEDICINA HUMANA,500356,1011.25,522.0,,False
011,MEDICINA HUMANA,501783,627.875,2220.0,,False
011,MEDICINA HUMANA,504954,1040.0,469.0,,False
011,MEDICINA HUMANA,513272,632.0,2199.0,,False
011,MEDICINA HUMANA,515345,862.25,1054.0,,False
011,MEDICINA HUMANA,507559,670.125,2024.0,,False
011,MEDICINA HUMANA,500113,770.75,1511.0,,False
011,MEDICINA HUMANA,510456,876.875,998.0,,False
011,MEDICINA HUMANA,500890,716.625,1788.0,,False
011,MEDICINA HUMANA,497022,960.875,669.0,,False
011,MEDICINA HUMANA,511709,986.0,582.0,,False
011,MEDICINA HUMANA,509935,,,AUSENTE,True
011,MEDICINA HUMANA,495877,721.125,1766.0,,False
011,MEDICINA HUMANA,500879,709.875,1827.0,,False
011,MEDICINA HUMANA,448939,840.625,1162.0,,False
011,MEDICINA HUMANA,502139,943.75,712.0,,False
011,MEDICINA HUMANA,513920,1366.25,53.0,,False
011,MEDICINA HUMANA,517197,1446.75,14.0,,False
011,MEDICINA HUMANA,502057,726.5,1737.0,,False
011,MEDICINA HUMANA,514554,663.875,2058.0,,False
011,MEDICINA HUMANA,501640,1010.125,524.0,,False
011,MEDICINA HUMANA,514300,608.25,2316.0,,False
011,MEDICINA HUMANA,517079,840.375,1164.0,,False
011,MEDICINA HUMANA,515909,716.875,1785.0,,False
011,MEDICINA HUMANA,510250,547.5,2492.0,,False
011,MEDICINA HUMANA,512117,834.125,1192.0,,False
011,MEDICINA HUMANA,509507,1182.25,213.0,,False
011,MEDICINA HUMANA,509833,730.75,1707.0,,False
011,MEDICINA HUMANA,508946,1065.25,419.0,,False
011,MEDICINA HUMANA,502389,1045.375,459.0,,False
011,MEDICINA HUMANA,514197,649.0,2125.0,,False
011,MEDICINA HUMANA,508324,1214.375,180.0,,False
011,MEDICINA HUMANA,510395,771.875,1497.0,,False
011,MEDICINA HUMANA,500602,376.75,2713.0,,False
011,MEDICINA HUMANA,505169,868.375,1032.0,,False
011,MEDICINA HUMANA,519481,1239.5,161.0,,False
011,MEDICINA HUMANA,509157,1070.5,396.0,,False
011,MEDICINA HUMANA,516451,1429.625,20.0,,False
011,MEDICINA HUMANA,502833,924.25,775.0,,False
011,MEDICINA HUMANA,508310,834.125,1200.0,,False
011,MEDICINA HUMANA,508537,677.125,1994.0,,False
011,MEDICINA HUMANA,437386,808.75,1319.0,,False
011,MEDICINA HUMANA,505013,1178.875,215.0,,False
011,MEDICINA HUMANA,511939,653.125,2101.0,,False
011,MEDICINA HUMANA,506140,1165.125,231.0,,False
011,MEDICINA HUMANA,506604,1199.375,193.0,,False
011,MEDICINA HUMANA,510820,736.875,1675.0,,False
011,MEDICINA HUMANA,504672,916.125,816.0,,False
011,MEDICINA HUMANA,500824,911.75,824.0,,False
011,MEDICINA HUMANA,506736,1194.375,201.0,,False
011,MEDICINA HUMANA,510493,717.5,1779.0,,False
011,MEDICINA HUMANA,507677,876.375,1002.0,,False
011,MEDICINA HUMANA,486896,718.625,1773.0,,False
011,MEDICINA HUMANA,504277,587.875,2372.0,,False
011,MEDICINA HUMANA,491196,713.875,1806.0,,False
011,MEDICINA HUMANA,507789,1383.375,44.0,,False
011,MEDICINA HUMANA,508575,1003.125,548.0,,False
011,MEDICINA HUMANA,517446,,,AUSENTE,True
011,MEDICINA HUMANA,507946,982.0,603.0,,False
011,MEDICINA HUMANA,508297,838.125,1173.0,,False
011,MEDICINA HUMANA,504722,766.75,1533.0,,False
011,MEDICINA HUMANA,486525,802.75,1348.0,,False
011,MEDICINA HUMANA,513598,716.25,1792.0,,False
011,MEDICINA HUMANA,510699,360.875,2721.0,,False
011,MEDICINA HUMANA,507320,1133.875,285.0,,False
011,MEDICINA HUMANA,514503,465.125,2657.0,,False
011,MEDICINA HUMANA,503196,500.0,2592.0,,False
011,MEDICINA HUMANA,450224,855.5,1086.0,,False
011,MEDICINA HUMANA,509375,640.0,2168.0,,False
011,MEDICINA HUMANA,511926,1145.25,269.0,,False
011,MEDICINA HUMANA,507735,959.5,671.0,,False
011,MEDICINA HUMANA,500480,601.125,2337.0,,False
011,MEDICINA HUMANA,514036,779.75,1449.0,,False
011,MEDICINA HUMANA,511129,866.5,1036.0,,False
011,MEDICINA HUMANA,518759,750.75,1614.0,,False
011,MEDICINA HUMANA,518768,763.875,1548.0,,False
011,MEDICINA HUMANA,513094,692.5,1912.0,,False
011,MEDICINA HUMANA,505780,855.25,1089.0,,False
011,MEDICINA HUMANA,504204,793.0,1393.0,,False
011,MEDICINA HUMANA,505960,894.375,913.0,,False
011,MEDICINA HUMANA,516488,664.25,2057.0,,False
011,MEDICINA HUMANA,513975,1177.75,217.0,,False
011,MEDICINA HUMANA,515767,1131.0,289.0,,False
011,MEDICINA HUMANA,502827,1173.0,224.0,,False
011,MEDICINA HUMANA,518687,695.75,1902.0,,False
011,MEDICINA HUMANA,504968,1412.375,30.0,,False
011,MEDICINA HUMANA,501320,1189.25,209.0,,False
011,MEDICINA HUMANA,513519,653.0,2103.0,,False
011,MEDICINA HUMANA,509802,946.0,704.0,,False
011,MEDICINA HUMANA,501132,1170.75,227.0,,False
011,MEDICINA HUMANA,506625,678.875,1986.0,,False
011,MEDICINA HUMANA,457693,859.75,1063.0,,False
011,MEDICINA HUMANA,471615,810.5,1309.0,,False
011,MEDICINA HUMANA,461640,537.75,2516.0,,False
011,MEDICINA HUMANA,500115,1430.125,17.0,,False
011,MEDICINA HUMANA,503184,682.25,1965.0,,False
011,MEDICINA HUMANA,516652,1007.125,535.0,,False
011,MEDICINA HUMANA,518231,675.875,2000.0,,False
011,MEDICINA HUMANA,512646,774.75,1480.0,,False
011,MEDICINA HUMANA,515675,536.125,2518.0,,False
011,MEDICINA HUMANA,509504,753.0,1605.0,,False
011,MEDICINA HUMANA,513556,942.0,723.0,,False
011,MEDICINA HUMANA,505108,765.0,1543.0,,False
011,MEDICINA HUMANA,517836,1067.625,402.0,,False
011,MEDICINA HUMANA,504999,1226.25,168.0,,False
011,MEDICINA HUMANA,518189,614.125,2290.0,,False
011,MEDICINA HUMANA,503056,655.25,2091.0,,False
011,MEDICINA HUMANA,517788,935.5,750.0,,False
011,MEDICINA HUMANA,431781,646.5,2136.0,,False
011,MEDICINA HUMANA,515322,749.625,1624.0,,False
011,MEDICINA HUMANA,519414,554.875,2465.0,,False
011,MEDICINA HUMANA,476427,835.25,1187.0,,False
011,MEDICINA HUMANA,420406,652.25,2108.0,,False
011,MEDICINA HUMANA,518651,791.875,1404.0,,False
011,MEDICINA HUMANA,423928,580.0,2395.0,,False
011,MEDICINA HUMANA,502232,816.375,1274.0,,False
011,MEDICINA HUMANA,515435,811.625,1306.0,,False
011,MEDICINA HUMANA,506194,795.875,1373.0,,False
011,MEDICINA HUMANA,502018,549.625,2484.0,,False
011,MEDICINA HUMANA,505812,614.875,2289.0,,False
011,MEDICINA HUMANA,515515,518.125,2558.0,,False
011,MEDICINA HUMANA,508492,518.875,2556.0,,False
011,MEDICINA HUMANA,514143,906.625,844.0,,False
011,MEDICINA HUMANA,484193,720.5,1768.0,,False
011,MEDICINA HUMANA,514975,613.0,2299.0,,False
011,MEDICINA HUMANA,503660,1341.125,69.0,,False
011,MEDICINA HUMANA,510440,602.5,2330.0,,False
011,MEDICINA HUMANA,508536,626.875,2225.0,,False
011,MEDICINA HUMANA,510928,917.75,814.0,,False
011,MEDICINA HUMANA,512971,614.125,2291.0,,False
011,MEDICINA HUMANA,501302,651.875,2111.0,,False
011,MEDICINA HUMANA,503119,480.125,2631.0,,False
011,MEDICINA HUMANA,505360,654.625,2095.0,,False
011,MEDICINA HUMANA,513740,,,AUSENTE,True
011,MEDICINA HUMANA,501337,526.625,2536.0,,False
011,MEDICINA HUMANA,467037,733.625,1693.0,,False
011,MEDICINA HUMANA,426642,706.5,1846.0,,False
011,MEDICINA HUMANA,489894,927.625,770.0,,False
011,MEDICINA HUMANA,519425,951.25,688.0,,False
011,MEDICINA HUMANA,460747,732.625,1700.0,,False
011,MEDICINA HUMANA,514999,1297.125,103.0,,False
011,MEDICINA HUMANA,510972,664.5,2055.0,,False
011,MEDICINA HUMANA,510240,743.875,1649.0,,False
011,MEDICINA HUMANA,511832,927.75,767.0,,False
011,MEDICINA HUMANA,505995,739.0,1662.0,,False
011,MEDICINA HUMANA,505931,1265.625,125.0,,False
011,MEDICINA HUMANA,507299,799.5,1358.0,,False
011,MEDICINA HUMANA,510979,774.75,1483.0,,False
011,MEDICINA HUMANA,502204,897.25,906.0,,False
011,MEDICINA HUMANA,505582,862.25,1055.0,,False
011,MEDICINA HUMANA,513481,707.375,1840.0,,False
011,MEDICINA HUMANA,431301,619.125,2268.0,,False
011,MEDICINA HUMANA,506217,522.375,2545.0,,False
011,MEDICINA HUMANA,510051,783.375,1434.0,,False
011,MEDICINA HUMANA,488144,835.25,1185.0,,False
011,MEDICINA HUMANA,519394,498.75,2594.0,,False
011,MEDICINA HUMANA,472627,776.375,1471.0,,False
011,MEDICINA HUMANA,501309,666.5,2045.0,,False
011,MEDICINA HUMANA,510993,626.875,2224.0,,False
011,MEDICINA HUMANA,497043,586.25,2376.0,,False
011,MEDICINA HUMANA,518898,982.0,599.0,,False
011,MEDICINA HUMANA,510673,948.75,694.0,,False
011,MEDICINA HUMANA,517016,871.625,1022.0,,False
011,MEDICINA HUMANA,506647,670.25,2023.0,,False
011,MEDICINA HUMANA,502621,748.75,1626.0,,False
011,MEDICINA HUMANA,516858,841.75,1156.0,,False
011,MEDICINA HUMANA,503063,573.5,2418.0,,False
011,MEDICINA HUMANA,502067,722.0,1761.0,,False
011,MEDICINA HUMANA,501665,1024.25,497.0,,False
011,MEDICINA HUMANA,515226,,,AUSENTE,True
011,MEDICINA HUMANA,514030,869.25,1028.0,,False
011,MEDICINA HUMANA,504053,605.75,2322.0,,False
011,MEDICINA HUMANA,432044,939.75,730.0,,False
011,MEDICINA HUMANA,518396,782.875,1436.0,,False
011,MEDICINA HUMANA,500370,891.0,923.0,,False
011,MEDICINA HUMANA,439993,1264.5,126.0,,False
011,MEDICINA HUMANA,510756,1000.0,564.0,,False
011,MEDICINA HUMANA,507090,574.375,2416.0,,False
011,MEDICINA HUMANA,504697,1366.25,55.0,,False
011,MEDICINA HUMANA,516375,834.125,1195.0,,False
011,MEDICINA HUMANA,514421,1323.375,81.0,,False
011,MEDICINA HUMANA,500922,902.875,855.0,,False
011,MEDICINA HUMANA,519145,455.75,2670.0,,False
011,MEDICINA HUMANA,513025,939.75,735.0,,False
011,MEDICINA HUMANA,509348,960.875,663.0,,False
011,MEDICINA HUMANA,500647,1125.875,299.0,,False
011,MEDICINA HUMANA,518842,1178.375,216.0,,False
011,MEDICINA HUMANA,509646,635.0,2189.0,,False
011,MEDICINA HUMANA,501894,1045.375,457.0,,False
011,MEDICINA HUMANA,517328,723.75,1754.0,,False
011,MEDICINA HUMANA,519486,822.0,1243.0,,False
011,MEDICINA HUMANA,498872,974.625,619.0,,False
011,MEDICINA HUMANA,505732,620.0,2265.0,,False
011,MEDICINA HUMANA,429423,669.125,2032.0,,False
011,MEDICINA HUMANA,511559,829.875,1219.0,,False
011,MEDICINA HUMANA,510125,1087.625,370.0,,False
011,MEDICINA HUMANA,503839,697.5,1892.0,,False
011,MEDICINA HUMANA,514654,653.625,2098.0,,False
011,MEDICINA HUMANA,496703,1046.75,453.0,,False
011,MEDICINA HUMANA,513760,834.125,1194.0,,False
011,MEDICINA HUMANA,508263,806.5,1330.0,,False
011,MEDICINA HUMANA,511791,1493.0,8.0,,False
011,MEDICINA HUMANA,519446,699.375,1882.0,,False
011,MEDICINA HUMANA,511987,915.75,818.0,,False
011,MEDICINA HUMANA,513246,952.75,686.0,,False
011,MEDICINA HUMANA,508463,648.75,2127.0,,False
011,MEDICINA HUMANA,510897,778.875,1452.0,,False
011,MEDICINA HUMANA,516682,617.125,2282.0,,False
011,MEDICINA HUMANA,504182,495.5,2601.0,,False
011,MEDICINA HUMANA,517157,728.25,1730.0,,False
011,MEDICINA HUMANA,501816,788.75,1417.0,,False
011,MEDICINA HUMANA,509180,900.875,872.0,,False
011,MEDICINA HUMANA,501955,923.75,781.0,,False
011,MEDICINA HUMANA,500810,,,AUSENTE,True
011,MEDICINA HUMANA,504664,836.375,1178.0,,False
011,MEDICINA HUMANA,502102,1216.625,173.0,,False
011,MEDICINA HUMANA,518626,1005.375,540.0,,False
011,MEDICINA HUMANA,511447,1066.5,412.0,,False
011,MEDICINA HUMANA,507157,1089.0,366.0,,False
011,MEDICINA HUMANA,503943,627.875,2222.0,,False
011,MEDICINA HUMANA,503947,746.5,1636.0,,False
011,MEDICINA HUMANA,507805,811.0,1308.0,,False
011,MEDICINA HUMANA,442300,632.0,2200.0,,False
011,MEDICINA HUMANA,505079,971.625,627.0,,False
011,MEDICINA HUMANA,500455,948.25,697.0,,False
011,MEDICINA HUMANA,503231,,,AUSENTE,True
011,MEDICINA HUMANA,512111,813.0,1291.0,,False
011,MEDICINA HUMANA,500266,635.125,2187.0,,False
011,MEDICINA HUMANA,456498,1045.375,460.0,,False
011,MEDICINA HUMANA,430125,1429.625,18.0,,False
011,MEDICINA HUMANA,517145,1029.25,486.0,,False
011,MEDICINA HUMANA,517238,668.875,2035.0,,False
011,MEDICINA HUMANA,514598,847.625,1123.0,,False
011,MEDICINA HUMANA,511747,939.75,740.0,,False
011,MEDICINA HUMANA,509160,877.25,996.0,,False
011,MEDICINA HUMANA,518596,611.625,2306.0,,False
011,MEDICINA HUMANA,506376,549.875,2482.0,,False
011,MEDICINA HUMANA,458953,1007.125,536.0,,False
011,MEDICINA HUMANA,513467,566.5,2432.0,,False
011,MEDICINA HUMANA,497786,901.5,866.0,,False
011,MEDICINA HUMANA,518470,484.0,2619.0,,False
011,MEDICINA HUMANA,503736,1112.375,321.0,,False
011,MEDICINA HUMANA,500269,860.0,1061.0,,False
011,MEDICINA HUMANA,513555,1139.25,274.0,,False
011,MEDICINA HUMANA,514572,1152.125,255.0,,False
011,MEDICINA HUMANA,461282,897.5,889.0,,False
011,MEDICINA HUMANA,500587,605.125,2325.0,,False
011,MEDICINA HUMANA,514120,1119.5,307.0,,False
011,MEDICINA HUMANA,509349,824.0,1236.0,,False
011,MEDICINA HUMANA,501499,1088.75,367.0,,False
011,MEDICINA HUMANA,507655,1133.875,284.0,,False
011,MEDICINA HUMANA,516160,1373.5,48.0,,False
011,MEDICINA HUMANA,514847,678.0,1990.0,,False
011,MEDICINA HUMANA,501561,1056.125,425.0,,False
011,MEDICINA HUMANA,514282,686.25,1944.0,,False
011,MEDICINA HUMANA,497415,770.75,1512.0,,False
011,MEDICINA HUMANA,513362,534.5,2522.0,,False
011,MEDICINA HUMANA,511596,699.125,1886.0,,False
011,MEDICINA HUMANA,514714,524.75,2539.0,,False
011,MEDICINA HUMANA,506462,897.5,895.0,,False
011,MEDICINA HUMANA,507690,935.75,746.0,,False
011,MEDICINA HUMANA,514230,564.25,2436.0,,False
011,MEDICINA HUMANA,517364,897.5,898.0,,False
011,MEDICINA HUMANA,504881,724.5,1751.0,,False
011,MEDICINA HUMANA,517255,963.125,646.0,,False
011,MEDICINA HUMANA,515307,1302.75,96.0,,False
011,MEDICINA HUMANA,459142,714.625,1802.0,,False
011,MEDICINA HUMANA,506044,733.0,1697.0,,False
011,MEDICINA HUMANA,484629,665.125,2051.0,,False
011,MEDICINA HUMANA,509090,813.0,1290.0,,False
011,MEDICINA HUMANA,506576,831.5,1211.0,,False
011,MEDICINA HUMANA,507466,847.875,1121.0,,False
011,MEDICINA HUMANA,513166,494.125,2603.0,,False
011,MEDICINA HUMANA,508491,549.0,2486.0,,False
011,MEDICINA HUMANA,517422,1342.25,68.0,,False
011,MEDICINA HUMANA,512113,789.875,1411.0,,False
011,MEDICINA HUMANA,519886,966.0,635.0,,False
011,MEDICINA HUMANA,432380,1008.25,531.0,,False
011,MEDICINA HUMANA,464222,813.25,1289.0,,False
011,MEDICINA HUMANA,515150,651.625,2112.0,,False
011,MEDICINA HUMANA,509441,836.375,1179.0,,False
011,MEDICINA HUMANA,509550,632.125,2198.0,,False
011,MEDICINA HUMANA,501423,807.875,1327.0,,False
011,MEDICINA HUMANA,502977,729.625,1712.0,,False
011,MEDICINA HUMANA,505074,795.75,1378.0,,False
011,MEDICINA HUMANA,469590,680.375,1978.0,,False
011,MEDICINA HUMANA,506113,650.25,2120.0,,False
011,MEDICINA HUMANA,519366,791.0,1409.0,,False
011,MEDICINA HUMANA,444160,867.0,1035.0,,False
011,MEDICINA HUMANA,425565,510.625,2575.0,,False
011,MEDICINA HUMANA,500962,882.0,951.0,,False
011,MEDICINA HUMANA,514863,915.75,817.0,,False
011,MEDICINA HUMANA,495231,699.375,1883.0,,False
011,MEDICINA HUMANA,512676,783.875,1430.0,,False
011,MEDICINA HUMANA,428007,700.0,1879.0,,False
011,MEDICINA HUMANA,508692,1313.125,87.0,,False
011,MEDICINA HUMANA,505673,1002.5,556.0,,False
011,MEDICINA HUMANA,503948,764.875,1544.0,,False
011,MEDICINA HUMANA,511734,,,AUSENTE,True
011,MEDICINA HUMANA,503328,943.75,713.0,,False
011,MEDICINA HUMANA,461100,697.875,1890.0,,False
011,MEDICINA HUMANA,508994,1003.125,554.0,,False
011,MEDICINA HUMANA,456022,1256.0,148.0,,False
011,MEDICINA HUMANA,507964,563.5,2438.0,,False
011,MEDICINA HUMANA,517858,985.625,587.0,,False
011,MEDICINA HUMANA,510046,750.75,1615.0,,False
011,MEDICINA HUMANA,519021,1005.625,538.0,,False
011,MEDICINA HUMANA,517724,755.25,1589.0,,False
011,MEDICINA HUMANA,510114,1156.125,240.0,,False
011,MEDICINA HUMANA,460579,737.75,1666.0,,False
011,MEDICINA HUMANA,504318,1129.875,290.0,,False
011,MEDICINA HUMANA,505371,816.375,1276.0,,False
011,MEDICINA HUMANA,442006,872.375,1019.0,,False
011,MEDICINA HUMANA,441013,678.875,1987.0,,False
011,MEDICINA HUMANA,511397,495.5,2600.0,,False
011,MEDICINA HUMANA,503008,1298.875,101.0,,False
011,MEDICINA HUMANA,501343,,,AUSENTE,True
011,MEDICINA HUMANA,503840,620.875,2259.0,,False
011,MEDICINA HUMANA,505903,677.625,1991.0,,False
011,MEDICINA HUMANA,502601,881.5,953.0,,False
011,MEDICINA HUMANA,500953,758.875,1571.0,,False
011,MEDICINA HUMANA,501261,755.0,1590.0,,False
011,MEDICINA HUMANA,508831,452.375,2675.0,,False
011,MEDICINA HUMANA,507836,738.625,1663.0,,False
011,MEDICINA HUMANA,503420,821.75,1247.0,,False
011,MEDICINA HUMANA,515244,1388.5,40.0,,False
011,MEDICINA HUMANA,515459,891.0,924.0,,False
011,MEDICINA HUMANA,515212,745.0,1644.0,,False
011,MEDICINA HUMANA,508889,1108.75,333.0,,False
011,MEDICINA HUMANA,502535,685.875,1953.0,,False
011,MEDICINA HUMANA,511159,808.0,1326.0,,False
011,MEDICINA HUMANA,464188,838.125,1169.0,,False
011,MEDICINA HUMANA,503303,902.25,861.0,,False
011,MEDICINA HUMANA,506888,817.0,1270.0,,False
011,MEDICINA HUMANA,510717,542.75,2503.0,,False
011,MEDICINA HUMANA,507652,1024.25,495.0,,False
011,MEDICINA HUMANA,450281,644.0,2145.0,,False
011,MEDICINA HUMANA,501347,554.875,2468.0,,False
011,MEDICINA HUMANA,504117,480.0,2632.0,,False
011,MEDICINA HUMANA,506068,1096.125,350.0,,False
011,MEDICINA HUMANA,500691,,,AUSENTE,True
011,MEDICINA HUMANA,445162,774.75,1481.0,,False
011,MEDICINA HUMANA,431979,771.25,1503.0,,False
011,MEDICINA HUMANA,502458,878.625,981.0,,False
011,MEDICINA HUMANA,502487,747.0,1633.0,,False
011,MEDICINA HUMANA,509553,556.375,2458.0,,False
011,MEDICINA HUMANA,501724,707.375,1841.0,,False
011,MEDICINA HUMANA,502920,1404.5,35.0,,False
011,MEDICINA HUMANA,449073,904.25,850.0,,False
011,MEDICINA HUMANA,518719,539.5,2511.0,,False
011,MEDICINA HUMANA,505415,1151.0,258.0,,False
011,MEDICINA HUMANA,506875,630.625,2206.0,,False
011,MEDICINA HUMANA,505389,622.875,2249.0,,False
011,MEDICINA HUMANA,500520,648.625,2128.0,,False
011,MEDICINA HUMANA,428581,733.875,1692.0,,False
011,MEDICINA HUMANA,517841,515.75,2565.0,,False
011,MEDICINA HUMANA,504092,799.75,1357.0,,False
011,MEDICINA HUMANA,509959,584.0,2384.0,,False
011,MEDICINA HUMANA,504067,,,AUSENTE,True
011,MEDICINA HUMANA,508766,939.75,732.0,,False
011,MEDICINA HUMANA,518965,639.375,2171.0,,False
011,MEDICINA HUMANA,504176,,,AUSENTE,True
011,MEDICINA HUMANA,501907,554.875,2469.0,,False
011,MEDICINA HUMANA,508792,982.25,598.0,,False
011,MEDICINA HUMANA,514015,1208.5,186.0,,False
011,MEDICINA HUMANA,505385,809.0,1318.0,,False
011,MEDICINA HUMANA,506162,809.875,1314.0,,False
011,MEDICINA HUMANA,486485,967.625,633.0,,False
011,MEDICINA HUMANA,518018,613.5,2295.0,,False
011,MEDICINA HUMANA,500409,1239.5,162.0,,False
011,MEDICINA HUMANA,511999,1137.5,275.0,,False
011,MEDICINA HUMANA,481554,1006.75,537.0,,False
011,MEDICINA HUMANA,511865,932.875,754.0,,False
011,MEDICINA HUMANA,518603,1169.25,228.0,,False
011,MEDICINA HUMANA,509166,829.0,1221.0,,False
011,MEDICINA HUMANA,505882,747.875,1630.0,,False
011,MEDICINA HUMANA,429068,1023.375,501.0,,False
011,MEDICINA HUMANA,500867,,,AUSENTE,True
011,MEDICINA HUMANA,519197,891.0,925.0,,False
011,MEDICINA HUMANA,509043,1053.25,431.0,,False
011,MEDICINA HUMANA,502611,744.0,1648.0,,False
011,MEDICINA HUMANA,499182,878.625,982.0,,False
011,MEDICINA HUMANA,454045,1156.125,242.0,,False
011,MEDICINA HUMANA,491477,856.375,1083.0,,False
011,MEDICINA HUMANA,513461,831.0,1213.0,,False
011,MEDICINA HUMANA,519905,1045.375,458.0,,False
011,MEDICINA HUMANA,500278,1133.875,280.0,,False
011,MEDICINA HUMANA,444299,843.75,1147.0,,False
011,MEDICINA HUMANA,504707,874.375,1016.0,,False
011,MEDICINA HUMANA,455011,636.625,2180.0,,False
011,MEDICINA HUMANA,505762,796.375,1371.0,,False
011,MEDICINA HUMANA,502789,635.625,2184.0,,False
011,MEDICINA HUMANA,505603,617.75,2279.0,,False
011,MEDICINA HUMANA,510202,658.875,2076.0,,False
011,MEDICINA HUMANA,518188,1429.0,21.0,,False
011,MEDICINA HUMANA,507450,795.5,1380.0,,False
011,MEDICINA HUMANA,509629,918.625,809.0,,False
011,MEDICINA HUMANA,509036,1383.375,45.0,,False
011,MEDICINA HUMANA,514955,756.125,1584.0,,False
011,MEDICINA HUMANA,503273,639.125,2175.0,,False
011,MEDICINA HUMANA,507020,651.5,2113.0,,False
011,MEDICINA HUMANA,517095,1281.75,113.0,,False
011,MEDICINA HUMANA,510289,449.875,2678.0,,False
011,MEDICINA HUMANA,515137,1260.5,135.0,,False
011,MEDICINA HUMANA,517148,1044.75,462.0,,False
011,MEDICINA HUMANA,517722,1118.875,309.0,,False
011,MEDICINA HUMANA,513554,935.25,752.0,,False
011,MEDICINA HUMANA,511025,847.125,1133.0,,False
011,MEDICINA HUMANA,509881,1215.5,175.0,,False
011,MEDICINA HUMANA,517916,616.375,2287.0,,False
011,MEDICINA HUMANA,510305,897.5,901.0,,False
011,MEDICINA HUMANA,500165,1404.5,36.0,,False
011,MEDICINA HUMANA,501931,904.25,848.0,,False
011,MEDICINA HUMANA,510789,,,AUSENTE,True
011,MEDICINA HUMANA,517160,857.5,1079.0,,False
011,MEDICINA HUMANA,456184,871.0,1024.0,,False
011,MEDICINA HUMANA,505179,720.25,1769.0,,False
011,MEDICINA HUMANA,507510,1327.875,76.0,,False
011,MEDICINA HUMANA,483329,715.75,1795.0,,False
011,MEDICINA HUMANA,508996,555.5,2462.0,,False
011,MEDICINA HUMANA,508174,751.0,1612.0,,False
011,MEDICINA HUMANA,511358,1256.625,145.0,,False
011,MEDICINA HUMANA,518808,956.875,674.0,,False
011,MEDICINA HUMANA,517122,481.125,2629.0,,False
011,MEDICINA HUMANA,513091,880.0,972.0,,False
011,MEDICINA HUMANA,515472,1165.125,230.0,,False
011,MEDICINA HUMANA,512605,1298.875,99.0,,False
011,MEDICINA HUMANA,500399,1023.0,502.0,,False
011,MEDICINA HUMANA,514185,510.375,2577.0,,False
011,MEDICINA HUMANA,519099,1108.75,328.0,,False
011,MEDICINA HUMANA,506603,492.125,2608.0,,False
011,MEDICINA HUMANA,515769,793.0,1389.0,,False
011,MEDICINA HUMANA,516447,1013.0,517.0,,False
011,MEDICINA HUMANA,502537,715.125,1799.0,,False
011,MEDICINA HUMANA,517135,601.75,2333.0,,False
011,MEDICINA HUMANA,518880,1013.25,515.0,,False
011,MEDICINA HUMANA,503046,929.875,761.0,,False
011,MEDICINA HUMANA,505778,1407.875,34.0,,False
011,MEDICINA HUMANA,489900,855.25,1099.0,,False
011,MEDICINA HUMANA,508507,618.0,2275.0,,False
011,MEDICINA HUMANA,513839,805.125,1336.0,,False
011,MEDICINA HUMANA,437602,847.375,1128.0,,False
011,MEDICINA HUMANA,518742,960.875,664.0,,False
011,MEDICINA HUMANA,500593,754.75,1597.0,,False
011,MEDICINA HUMANA,508388,729.375,1716.0,,False
011,MEDICINA HUMANA,512179,796.75,1370.0,,False
011,MEDICINA HUMANA,509738,1080.0,381.0,,False
011,MEDICINA HUMANA,503040,560.75,2446.0,,False
011,MEDICINA HUMANA,512176,1151.0,259.0,,False
011,MEDICINA HUMANA,511158,620.625,2260.0,,False
011,MEDICINA HUMANA,509699,767.875,1529.0,,False
011,MEDICINA HUMANA,509861,866.0,1038.0,,False
011,MEDICINA HUMANA,438801,877.5,987.0,,False
011,MEDICINA HUMANA,503276,517.25,2560.0,,False
011,MEDICINA HUMANA,518863,686.25,1945.0,,False
011,MEDICINA HUMANA,514821,943.75,715.0,,False
011,MEDICINA HUMANA,512297,631.0,2203.0,,False
011,MEDICINA HUMANA,515761,387.0,2711.0,,False
011,MEDICINA HUMANA,519920,,,AUSENTE,True
011,MEDICINA HUMANA,422327,855.25,1097.0,,False
011,MEDICINA HUMANA,497537,902.625,857.0,,False
011,MEDICINA HUMANA,514118,689.5,1929.0,,False
011,MEDICINA HUMANA,513551,458.625,2668.0,,False
011,MEDICINA HUMANA,444371,772.0,1494.0,,False
011,MEDICINA HUMANA,507368,618.875,2270.0,,False
011,MEDICINA HUMANA,515913,879.75,975.0,,False
011,MEDICINA HUMANA,513649,552.625,2473.0,,False
011,MEDICINA HUMANA,513418,1003.125,549.0,,False
011,MEDICINA HUMANA,504598,1070.5,398.0,,False
011,MEDICINA HUMANA,511472,748.25,1627.0,,False
011,MEDICINA HUMANA,517792,962.0,651.0,,False
011,MEDICINA HUMANA,505834,422.375,2698.0,,False
011,MEDICINA HUMANA,510303,1235.5,166.0,,False
011,MEDICINA HUMANA,512955,975.0,617.0,,False
011,MEDICINA HUMANA,508714,801.5,1353.0,,False
011,MEDICINA HUMANA,510298,937.375,743.0,,False
011,MEDICINA HUMANA,500460,705.0,1852.0,,False
011,MEDICINA HUMANA,501785,599.75,2342.0,,False
011,MEDICINA HUMANA,512554,689.25,1930.0,,False
011,MEDICINA HUMANA,514098,1107.0,336.0,,False
011,MEDICINA HUMANA,517878,1045.375,461.0,,False
011,MEDICINA HUMANA,507370,,,AUSENTE,True
011,MEDICINA HUMANA,503291,686.125,1950.0,,False
011,MEDICINA HUMANA,518311,658.125,2080.0,,False
011,MEDICINA HUMANA,502657,847.5,1126.0,,False
011,MEDICINA HUMANA,468875,1282.875,111.0,,False
011,MEDICINA HUMANA,502858,901.625,864.0,,False
011,MEDICINA HUMANA,517303,1066.5,410.0,,False
011,MEDICINA HUMANA,511903,974.625,620.0,,False
011,MEDICINA HUMANA,510531,,,AUSENTE,True
011,MEDICINA HUMANA,504209,779.75,1448.0,,False
011,MEDICINA HUMANA,512235,440.5,2687.0,,False
011,MEDICINA HUMANA,506618,545.75,2498.0,,False
011,MEDICINA HUMANA,504001,769.375,1521.0,,False
011,MEDICINA HUMANA,430776,707.75,1836.0,,False
011,MEDICINA HUMANA,516171,724.75,1746.0,,False
011,MEDICINA HUMANA,504866,749.875,1618.0,,False
011,MEDICINA HUMANA,518852,857.5,1078.0,,False
011,MEDICINA HUMANA,507343,1366.75,52.0,,False
011,MEDICINA HUMANA,506969,1106.5,338.0,,False
011,MEDICINA HUMANA,507767,756.625,1581.0,,False
011,MEDICINA HUMANA,509273,685.0,1957.0,,False
011,MEDICINA HUMANA,511530,1112.75,316.0,,False
011,MEDICINA HUMANA,500388,1092.125,359.0,,False
011,MEDICINA HUMANA,514037,455.0,2673.0,,False
011,MEDICINA HUMANA,485725,807.125,1329.0,,False
011,MEDICINA HUMANA,512804,645.125,2140.0,,False
011,MEDICINA HUMANA,507737,1154.375,252.0,,False
011,MEDICINA HUMANA,510793,1086.25,373.0,,False
011,MEDICINA HUMANA,510038,923.75,779.0,,False
011,MEDICINA HUMANA,505439,864.25,1048.0,,False
011,MEDICINA HUMANA,507623,918.625,811.0,,False
011,MEDICINA HUMANA,511536,1172.125,225.0,,False
011,MEDICINA HUMANA,515043,946.0,703.0,,False
011,MEDICINA HUMANA,519604,808.5,1323.0,,False
011,MEDICINA HUMANA,502780,1001.75,558.0,,False
011,MEDICINA HUMANA,506828,774.75,1482.0,,False
011,MEDICINA HUMANA,504826,762.0,1561.0,,False
011,MEDICINA HUMANA,500781,633.5,2193.0,,False
011,MEDICINA HUMANA,484750,855.125,1100.0,,False
011,MEDICINA HUMANA,478522,813.0,1296.0,,False
011,MEDICINA HUMANA,518946,431.75,2691.0,,False
011,MEDICINA HUMANA,509547,880.25,970.0,,False
011,MEDICINA HUMANA,508139,855.25,1094.0,,False
011,MEDICINA HUMANA,505983,652.5,2107.0,,False
011,MEDICINA HUMANA,506555,1155.0,246.0,,False
011,MEDICINA HUMANA,517291,482.25,2624.0,,False
011,MEDICINA HUMANA,505456,577.75,2400.0,,False
011,MEDICINA HUMANA,503175,1118.375,311.0,,False
011,MEDICINA HUMANA,508924,774.375,1484.0,,False
011,MEDICINA HUMANA,506720,750.75,1613.0,,False
011,MEDICINA HUMANA,511506,511.625,2573.0,,False
011,MEDICINA HUMANA,456167,563.125,2441.0,,False
011,MEDICINA HUMANA,501764,576.625,2405.0,,False
011,MEDICINA HUMANA,496516,726.75,1736.0,,False
011,MEDICINA HUMANA,515463,658.5,2078.0,,False
011,MEDICINA HUMANA,506071,1144.625,271.0,,False
011,MEDICINA HUMANA,512817,640.375,2162.0,,False
011,MEDICINA HUMANA,510028,,,AUSENTE,True
011,MEDICINA HUMANA,439599,860.0,1062.0,,False
011,MEDICINA HUMANA,502787,935.75,747.0,,False
011,MEDICINA HUMANA,508645,723.125,1757.0,,False
011,MEDICINA HUMANA,507050,715.75,1796.0,,False
011,MEDICINA HUMANA,503806,969.875,630.0,,False
011,MEDICINA HUMANA,503597,1146.75,267.0,,False
011,MEDICINA HUMANA,505363,540.625,2509.0,,False
011,MEDICINA HUMANA,517377,958.25,672.0,,False
011,MEDICINA HUMANA,513565,876.125,1012.0,,False
011,MEDICINA HUMANA,513720,752.125,1607.0,,False
011,MEDICINA HUMANA,515060,859.25,1072.0,,False
011,MEDICINA HUMANA,459044,845.875,1137.0,,False
011,MEDICINA HUMANA,516214,804.75,1339.0,,False
011,MEDICINA HUMANA,501231,1015.0,514.0,,False
011,MEDICINA HUMANA,503232,780.875,1445.0,,False
011,MEDICINA HUMANA,506803,538.375,2515.0,,False
011,MEDICINA HUMANA,442151,866.5,1037.0,,False
011,MEDICINA HUMANA,496332,1221.625,169.0,,False
011,MEDICINA HUMANA,513366,1025.375,494.0,,False
011,MEDICINA HUMANA,503438,630.25,2207.0,,False
011,MEDICINA HUMANA,512344,687.875,1934.0,,False
011,MEDICINA HUMANA,501202,939.75,738.0,,False
011,MEDICINA HUMANA,500690,1105.625,340.0,,False
011,MEDICINA HUMANA,500506,612.375,2301.0,,False
011,MEDICINA HUMANA,506091,897.5,896.0,,False
011,MEDICINA HUMANA,509446,707.375,1842.0,,False
011,MEDICINA HUMANA,515236,582.25,2389.0,,False
011,MEDICINA HUMANA,508808,962.0,650.0,,False
011,MEDICINA HUMANA,515954,564.0,2437.0,,False
011,MEDICINA HUMANA,518556,743.375,1651.0,,False
011,MEDICINA HUMANA,503836,1299.375,98.0,,False
011,MEDICINA HUMANA,514807,877.5,991.0,,False
011,MEDICINA HUMANA,500044,893.25,919.0,,False
011,MEDICINA HUMANA,502695,1239.5,159.0,,False
011,MEDICINA HUMANA,500299,606.5,2320.0,,False
011,MEDICINA HUMANA,495160,1155.5,244.0,,False
011,MEDICINA HUMANA,518797,944.875,709.0,,False
011,MEDICINA HUMANA,519067,460.0,2662.0,,False
011,MEDICINA HUMANA,517132,709.0,1830.0,,False
011,MEDICINA HUMANA,514973,820.875,1251.0,,False
011,MEDICINA HUMANA,513463,286.125,2730.0,,False
011,MEDICINA HUMANA,503393,1131.0,288.0,,False
011,MEDICINA HUMANA,510652,752.0,1608.0,,False
011,MEDICINA HUMANA,503200,734.125,1691.0,,False
011,MEDICINA HUMANA,496612,471.25,2648.0,,False
011,MEDICINA HUMANA,451305,1083.625,376.0,,False
011,MEDICINA HUMANA,507259,667.375,2041.0,,False
011,MEDICINA HUMANA,455179,696.75,1895.0,,False
011,MEDICINA HUMANA,513145,970.5,629.0,,False
011,MEDICINA HUMANA,517450,805.375,1333.0,,False
011,MEDICINA HUMANA,503115,705.375,1848.0,,False
011,MEDICINA HUMANA,505958,696.375,1898.0,,False
011,MEDICINA HUMANA,509623,799.75,1356.0,,False
011,MEDICINA HUMANA,519806,1326.25,78.0,,False
011,MEDICINA HUMANA,515305,488.125,2612.0,,False
011,MEDICINA HUMANA,506598,925.375,773.0,,False
011,MEDICINA HUMANA,506666,885.875,943.0,,False
011,MEDICINA HUMANA,472287,961.75,653.0,,False
011,MEDICINA HUMANA,504208,662.625,2061.0,,False
011,MEDICINA HUMANA,516338,834.375,1191.0,,False
011,MEDICINA HUMANA,453719,575.875,2409.0,,False
011,MEDICINA HUMANA,424169,408.0,2702.0,,False
011,MEDICINA HUMANA,513276,994.375,572.0,,False
011,MEDICINA HUMANA,516606,692.125,1915.0,,False
011,MEDICINA HUMANA,507670,846.75,1136.0,,False
011,MEDICINA HUMANA,502798,675.25,2002.0,,False
011,MEDICINA HUMANA,511618,623.0,2246.0,,False
011,MEDICINA HUMANA,505444,949.375,692.0,,False
011,MEDICINA HUMANA,465925,,,AUSENTE,True
011,MEDICINA HUMANA,510000,1066.5,416.0,,False
011,MEDICINA HUMANA,466067,646.25,2137.0,,False
011,MEDICINA HUMANA,510041,1092.125,360.0,,False
011,MEDICINA HUMANA,517244,897.5,890.0,,False
011,MEDICINA HUMANA,508576,1077.75,385.0,,False
011,MEDICINA HUMANA,501514,681.875,1968.0,,False
011,MEDICINA HUMANA,512373,1045.375,455.0,,False
011,MEDICINA HUMANA,501840,996.125,570.0,,False
011,MEDICINA HUMANA,504625,455.5,2671.0,,False
011,MEDICINA HUMANA,517885,726.75,1735.0,,False
011,MEDICINA HUMANA,506492,675.0,2004.0,,False
011,MEDICINA HUMANA,466383,1108.5,335.0,,False
011,MEDICINA HUMANA,515629,815.5,1283.0,,False
011,MEDICINA HUMANA,503411,880.875,963.0,,False
011,MEDICINA HUMANA,498847,1108.75,332.0,,False
011,MEDICINA HUMANA,504002,595.375,2353.0,,False
011,MEDICINA HUMANA,516866,593.75,2359.0,,False
011,MEDICINA HUMANA,511927,795.5,1379.0,,False
011,MEDICINA HUMANA,507208,897.25,905.0,,False
011,MEDICINA HUMANA,503708,958.0,673.0,,False
011,MEDICINA HUMANA,501703,612.0,2304.0,,False
011,MEDICINA HUMANA,464190,593.125,2360.0,,False
011,MEDICINA HUMANA,504950,639.25,2173.0,,False
011,MEDICINA HUMANA,507268,719.25,1772.0,,False
011,MEDICINA HUMANA,507931,688.625,1933.0,,False
011,MEDICINA HUMANA,519677,620.0,2263.0,,False
011,MEDICINA HUMANA,516877,443.25,2685.0,,False
011,MEDICINA HUMANA,514252,904.625,845.0,,False
011,MEDICINA HUMANA,432487,1210.375,185.0,,False
011,MEDICINA HUMANA,509860,609.125,2312.0,,False
011,MEDICINA HUMANA,500016,1002.25,557.0,,False
011,MEDICINA HUMANA,518048,1197.25,199.0,,False
011,MEDICINA HUMANA,514926,851.25,1113.0,,False
011,MEDICINA HUMANA,505320,1147.0,265.0,,False
011,MEDICINA HUMANA,517865,811.125,1307.0,,False
011,MEDICINA HUMANA,504153,855.25,1090.0,,False
011,MEDICINA HUMANA,501926,1026.25,493.0,,False
011,MEDICINA HUMANA,508738,591.625,2364.0,,False
011,MEDICINA HUMANA,503690,999.125,565.0,,False
011,MEDICINA HUMANA,506887,1104.75,342.0,,False
011,MEDICINA HUMANA,503722,559.375,2450.0,,False
011,MEDICINA HUMANA,468333,1155.0,245.0,,False
011,MEDICINA HUMANA,507179,854.625,1102.0,,False
011,MEDICINA HUMANA,504611,651.0,2118.0,,False
011,MEDICINA HUMANA,503550,623.375,2244.0,,False
011,MEDICINA HUMANA,514445,683.0,1961.0,,False
011,MEDICINA HUMANA,480132,900.25,875.0,,False
011,MEDICINA HUMANA,513755,783.875,1431.0,,False
011,MEDICINA HUMANA,508154,,,AUSENTE,True
011,MEDICINA HUMANA,515977,490.375,2610.0,,False
011,MEDICINA HUMANA,503856,782.625,1440.0,,False
011,MEDICINA HUMANA,513488,1066.5,413.0,,False
011,MEDICINA HUMANA,510623,1156.125,239.0,,False
011,MEDICINA HUMANA,513167,768.375,1527.0,,False
011,MEDICINA HUMANA,510816,805.0,1338.0,,False
011,MEDICINA HUMANA,507893,1057.25,424.0,,False
011,MEDICINA HUMANA,506837,1017.75,509.0,,False
011,MEDICINA HUMANA,513397,1408.5,31.0,,False
011,MEDICINA HUMANA,503764,,,AUSENTE,True
011,MEDICINA HUMANA,504990,497.375,2596.0,,False
011,MEDICINA HUMANA,500344,479.5,2636.0,,False
011,MEDICINA HUMANA,515693,570.25,2423.0,,False
011,MEDICINA HUMANA,501387,647.375,2133.0,,False
011,MEDICINA HUMANA,517647,622.875,2247.0,,False
011,MEDICINA HUMANA,423044,893.5,915.0,,False
011,MEDICINA HUMANA,516407,,,AUSENTE,True
011,MEDICINA HUMANA,458514,755.25,1587.0,,False
011,MEDICINA HUMANA,505102,1429.625,19.0,,False
011,MEDICINA HUMANA,510382,692.5,1911.0,,False
011,MEDICINA HUMANA,505667,1301.125,97.0,,False
011,MEDICINA HUMANA,502437,754.75,1595.0,,False
011,MEDICINA HUMANA,507115,931.625,756.0,,False
011,MEDICINA HUMANA,507026,648.0,2132.0,,False
011,MEDICINA HUMANA,518328,796.875,1369.0,,False
011,MEDICINA HUMANA,504811,824.875,1233.0,,False
011,MEDICINA HUMANA,505250,1009.25,530.0,,False
011,MEDICINA HUMANA,512230,776.25,1472.0,,False
011,MEDICINA HUMANA,501858,815.5,1282.0,,False
011,MEDICINA HUMANA,500024,661.125,2065.0,,False
011,MEDICINA HUMANA,516294,776.5,1468.0,,False
011,MEDICINA HUMANA,506096,760.375,1565.0,,False
011,MEDICINA HUMANA,514865,1112.75,317.0,,False
011,MEDICINA HUMANA,500038,977.75,610.0,,False
011,MEDICINA HUMANA,504546,822.25,1242.0,,False
011,MEDICINA HUMANA,510372,1206.75,187.0,,False
011,MEDICINA HUMANA,514531,1039.625,470.0,,False
011,MEDICINA HUMANA,509261,,,AUSENTE,True
011,MEDICINA HUMANA,500893,640.5,2161.0,,False
011,MEDICINA HUMANA,507453,628.25,2217.0,,False
011,MEDICINA HUMANA,510189,815.5,1281.0,,False
011,MEDICINA HUMANA,508628,503.875,2584.0,,False
011,MEDICINA HUMANA,510852,966.0,636.0,,False
011,MEDICINA HUMANA,512023,880.0,971.0,,False
011,MEDICINA HUMANA,510168,786.625,1426.0,,False
011,MEDICINA HUMANA,486824,1115.5,313.0,,False
011,MEDICINA HUMANA,497345,1129.875,292.0,,False
011,MEDICINA HUMANA,515185,,,AUSENTE,True
011,MEDICINA HUMANA,506271,910.625,828.0,,False
011,MEDICINA HUMANA,510023,1054.25,429.0,,False
011,MEDICINA HUMANA,515683,755.0,1591.0,,False
011,MEDICINA HUMANA,511138,960.875,656.0,,False
011,MEDICINA HUMANA,518633,728.5,1727.0,,False
011,MEDICINA HUMANA,502047,,,AUSENTE,True
011,MEDICINA HUMANA,509322,618.875,2273.0,,False
011,MEDICINA HUMANA,512929,721.625,1765.0,,False
011,MEDICINA HUMANA,459583,853.25,1104.0,,False
011,MEDICINA HUMANA,505923,1425.625,24.0,,False
011,MEDICINA HUMANA,515166,808.75,1321.0,,False
011,MEDICINA HUMANA,514000,1260.625,131.0,,False
011,MEDICINA HUMANA,516583,984.75,591.0,,False
011,MEDICINA HUMANA,504713,1193.25,203.0,,False
011,MEDICINA HUMANA,506130,679.375,1983.0,,False
011,MEDICINA HUMANA,506326,559.125,2451.0,,False
011,MEDICINA HUMANA,457366,722.125,1758.0,,False
011,MEDICINA HUMANA,508848,525.75,2538.0,,False
011,MEDICINA HUMANA,470480,1256.625,142.0,,False
011,MEDICINA HUMANA,514168,704.5,1857.0,,False
011,MEDICINA HUMANA,505069,734.375,1690.0,,False
011,MEDICINA HUMANA,501543,449.625,2679.0,,False
011,MEDICINA HUMANA,519255,1095.0,354.0,,False
011,MEDICINA HUMANA,519375,1051.625,436.0,,False
011,MEDICINA HUMANA,513947,825.375,1232.0,,False
011,MEDICINA HUMANA,510443,1089.0,364.0,,False
011,MEDICINA HUMANA,500545,557.5,2454.0,,False
011,MEDICINA HUMANA,513391,1058.5,422.0,,False
011,MEDICINA HUMANA,516112,797.5,1366.0,,False
011,MEDICINA HUMANA,501127,547.625,2490.0,,False
011,MEDICINA HUMANA,504012,986.0,584.0,,False
011,MEDICINA HUMANA,506557,1141.125,273.0,,False
011,MEDICINA HUMANA,502465,783.875,1432.0,,False
011,MEDICINA HUMANA,505718,1016.625,511.0,,False
011,MEDICINA HUMANA,510532,964.875,639.0,,False
011,MEDICINA HUMANA,517064,586.375,2375.0,,False
011,MEDICINA HUMANA,519296,1017.375,510.0,,False
011,MEDICINA HUMANA,514765,479.75,2633.0,,False
011,MEDICINA HUMANA,508258,559.5,2449.0,,False
011,MEDICINA HUMANA,510696,1345.125,66.0,,False
011,MEDICINA HUMANA,505709,770.125,1517.0,,False
011,MEDICINA HUMANA,475171,713.25,1808.0,,False
011,MEDICINA HUMANA,519853,703.375,1863.0,,False
011,MEDICINA HUMANA,501083,,,AUSENTE,True
011,MEDICINA HUMANA,500576,897.5,897.0,,False
011,MEDICINA HUMANA,500996,1191.25,208.0,,False
011,MEDICINA HUMANA,517071,757.0,1580.0,,False
011,MEDICINA HUMANA,502351,906.75,843.0,,False
011,MEDICINA HUMANA,511339,827.25,1225.0,,False
011,MEDICINA HUMANA,504166,813.0,1292.0,,False
011,MEDICINA HUMANA,517425,1003.125,555.0,,False
011,MEDICINA HUMANA,512193,943.75,719.0,,False
011,MEDICINA HUMANA,513395,814.625,1286.0,,False
011,MEDICINA HUMANA,517115,629.625,2211.0,,False
011,MEDICINA HUMANA,511928,1125.875,300.0,,False
011,MEDICINA HUMANA,519352,973.875,622.0,,False
011,MEDICINA HUMANA,474949,687.375,1938.0,,False
011,MEDICINA HUMANA,467108,728.5,1722.0,,False
011,MEDICINA HUMANA,509666,781.75,1442.0,,False
011,MEDICINA HUMANA,507094,964.75,641.0,,False
011,MEDICINA HUMANA,454044,859.25,1074.0,,False
011,MEDICINA HUMANA,504361,1329.625,75.0,,False
011,MEDICINA HUMANA,479022,,,AUSENTE,True
011,MEDICINA HUMANA,519034,889.875,928.0,,False
011,MEDICINA HUMANA,513855,618.375,2274.0,,False
011,MEDICINA HUMANA,509335,763.625,1551.0,,False
011,MEDICINA HUMANA,460646,544.5,2500.0,,False
011,MEDICINA HUMANA,516382,642.25,2154.0,,False
011,MEDICINA HUMANA,511487,483.125,2623.0,,False
011,MEDICINA HUMANA,464857,1147.0,264.0,,False
011,MEDICINA HUMANA,507394,1447.875,12.0,,False
011,MEDICINA HUMANA,506928,,,AUSENTE,True
011,MEDICINA HUMANA,514540,786.5,1427.0,,False
011,MEDICINA HUMANA,506050,1313.0,88.0,,False
011,MEDICINA HUMANA,505841,732.5,1703.0,,False
011,MEDICINA HUMANA,517524,1425.625,25.0,,False
011,MEDICINA HUMANA,437847,1385.625,42.0,,False
011,MEDICINA HUMANA,506214,808.75,1320.0,,False
011,MEDICINA HUMANA,511444,940.875,727.0,,False
011,MEDICINA HUMANA,506459,982.0,604.0,,False
011,MEDICINA HUMANA,507066,,,AUSENTE,True
011,MEDICINA HUMANA,500438,687.125,1940.0,,False
011,MEDICINA HUMANA,501028,812.125,1304.0,,False
011,MEDICINA HUMANA,510507,691.875,1917.0,,False
011,MEDICINA HUMANA,516463,863.625,1049.0,,False
011,MEDICINA HUMANA,516345,902.25,860.0,,False
011,MEDICINA HUMANA,505391,950.5,689.0,,False
011,MEDICINA HUMANA,501655,730.125,1709.0,,False
011,MEDICINA HUMANA,511492,1244.5,152.0,,False
011,MEDICINA HUMANA,506643,774.125,1486.0,,False
011,MEDICINA HUMANA,510181,944.875,710.0,,False
011,MEDICINA HUMANA,510353,732.625,1701.0,,False
011,MEDICINA HUMANA,504443,509.0,2580.0,,False
011,MEDICINA HUMANA,506282,510.125,2579.0,,False
011,MEDICINA HUMANA,502667,849.375,1117.0,,False
011,MEDICINA HUMANA,502127,853.25,1105.0,,False
011,MEDICINA HUMANA,513044,1214.375,178.0,,False
011,MEDICINA HUMANA,482239,496.5,2598.0,,False
011,MEDICINA HUMANA,514294,1109.25,326.0,,False
011,MEDICINA HUMANA,436811,839.25,1167.0,,False
011,MEDICINA HUMANA,501112,482.25,2625.0,,False
011,MEDICINA HUMANA,505736,813.0,1293.0,,False
011,MEDICINA HUMANA,468024,1334.125,74.0,,False
011,MEDICINA HUMANA,516295,1214.375,181.0,,False
011,MEDICINA HUMANA,519043,1007.125,534.0,,False
011,MEDICINA HUMANA,504622,461.25,2660.0,,False
011,MEDICINA HUMANA,512681,902.625,858.0,,False
011,MEDICINA HUMANA,518793,728.875,1718.0,,False
011,MEDICINA HUMANA,421433,803.125,1346.0,,False
011,MEDICINA HUMANA,461750,1047.0,452.0,,False
011,MEDICINA HUMANA,503413,571.25,2420.0,,False
011,MEDICINA HUMANA,502878,492.25,2607.0,,False
011,MEDICINA HUMANA,495897,581.875,2391.0,,False
011,MEDICINA HUMANA,506742,1220.5,171.0,,False
011,MEDICINA HUMANA,508762,813.0,1299.0,,False
011,MEDICINA HUMANA,439539,962.0,652.0,,False
011,MEDICINA HUMANA,515897,835.5,1183.0,,False
011,MEDICINA HUMANA,513867,1024.25,499.0,,False
011,MEDICINA HUMANA,509167,568.625,2426.0,,False
011,MEDICINA HUMANA,516246,935.25,751.0,,False
011,MEDICINA HUMANA,508806,681.0,1973.0,,False
011,MEDICINA HUMANA,478268,910.625,830.0,,False
011,MEDICINA HUMANA,460674,517.5,2559.0,,False
011,MEDICINA HUMANA,454416,556.875,2456.0,,False
011,MEDICINA HUMANA,511643,878.625,984.0,,False
011,MEDICINA HUMANA,508533,771.0,1507.0,,False
011,MEDICINA HUMANA,514220,787.875,1419.0,,False
011,MEDICINA HUMANA,511657,1053.875,430.0,,False
011,MEDICINA HUMANA,505993,804.0,1343.0,,False
011,MEDICINA HUMANA,505375,922.625,789.0,,False
011,MEDICINA HUMANA,515293,725.5,1743.0,,False
011,MEDICINA HUMANA,510646,500.875,2590.0,,False
011,MEDICINA HUMANA,508993,923.75,780.0,,False
011,MEDICINA HUMANA,500140,861.5,1057.0,,False
011,MEDICINA HUMANA,516140,920.875,795.0,,False
011,MEDICINA HUMANA,515509,749.625,1619.0,,False
011,MEDICINA HUMANA,476787,960.875,665.0,,False
011,MEDICINA HUMANA,501568,620.5,2262.0,,False
011,MEDICINA HUMANA,500310,645.5,2139.0,,False
011,MEDICINA HUMANA,512212,712.125,1815.0,,False
011,MEDICINA HUMANA,425639,918.625,801.0,,False
011,MEDICINA HUMANA,503268,541.25,2506.0,,False
011,MEDICINA HUMANA,514067,820.375,1252.0,,False
011,MEDICINA HUMANA,506659,943.75,716.0,,False
011,MEDICINA HUMANA,480700,695.0,1903.0,,False
011,MEDICINA HUMANA,513629,843.75,1148.0,,False
011,MEDICINA HUMANA,511946,460.875,2661.0,,False
011,MEDICINA HUMANA,510555,1277.75,116.0,,False
011,MEDICINA HUMANA,510232,939.75,736.0,,False
011,MEDICINA HUMANA,516549,660.75,2068.0,,False
011,MEDICINA HUMANA,504806,1046.5,454.0,,False
011,MEDICINA HUMANA,510323,725.625,1741.0,,False
011,MEDICINA HUMANA,515303,813.0,1300.0,,False
011,MEDICINA HUMANA,502907,953.875,681.0,,False
011,MEDICINA HUMANA,510855,973.25,625.0,,False
011,MEDICINA HUMANA,480940,708.5,1833.0,,False
011,MEDICINA HUMANA,501490,628.25,2218.0,,False
011,MEDICINA HUMANA,502854,574.625,2415.0,,False
011,MEDICINA HUMANA,516850,565.75,2434.0,,False
011,MEDICINA HUMANA,516044,1044.0,463.0,,False
011,MEDICINA HUMANA,514996,580.0,2394.0,,False
011,MEDICINA HUMANA,517183,735.25,1681.0,,False
011,MEDICINA HUMANA,435132,707.625,1837.0,,False
011,MEDICINA HUMANA,511356,660.0,2071.0,,False
011,MEDICINA HUMANA,509098,367.75,2718.0,,False
011,MEDICINA HUMANA,425030,779.25,1451.0,,False
011,MEDICINA HUMANA,447845,863.125,1051.0,,False
011,MEDICINA HUMANA,505263,1021.75,504.0,,False
011,MEDICINA HUMANA,462755,918.625,803.0,,False
011,MEDICINA HUMANA,513200,492.5,2606.0,,False
011,MEDICINA HUMANA,502585,815.875,1278.0,,False
011,MEDICINA HUMANA,501853,859.25,1070.0,,False
011,MEDICINA HUMANA,432655,710.75,1826.0,,False
011,MEDICINA HUMANA,462976,1357.0,60.0,,False
011,MEDICINA HUMANA,502819,876.375,999.0,,False
011,MEDICINA HUMANA,506586,499.125,2593.0,,False
011,MEDICINA HUMANA,514328,1031.625,480.0,,False
011,MEDICINA HUMANA,507985,712.125,1814.0,,False
011,MEDICINA HUMANA,504183,1000.0,563.0,,False
011,MEDICINA HUMANA,514280,766.75,1534.0,,False
011,MEDICINA HUMANA,501620,788.875,1415.0,,False
011,MEDICINA HUMANA,502717,541.5,2505.0,,False
011,MEDICINA HUMANA,508881,1615.75,3.0,,False
011,MEDICINA HUMANA,507594,1338.25,73.0,,False
011,MEDICINA HUMANA,504390,1366.25,54.0,,False
011,MEDICINA HUMANA,513041,1066.25,418.0,,False
011,MEDICINA HUMANA,515945,679.25,1984.0,,False
011,MEDICINA HUMANA,516258,669.125,2031.0,,False
011,MEDICINA HUMANA,509115,1066.25,417.0,,False
011,MEDICINA HUMANA,519931,947.375,700.0,,False
011,MEDICINA HUMANA,501814,904.0,854.0,,False
011,MEDICINA HUMANA,464062,782.875,1437.0,,False
011,MEDICINA HUMANA,518465,789.25,1413.0,,False
011,MEDICINA HUMANA,507318,517.25,2561.0,,False
011,MEDICINA HUMANA,434612,985.25,589.0,,False
011,MEDICINA HUMANA,514803,918.625,802.0,,False
011,MEDICINA HUMANA,505202,745.625,1639.0,,False
011,MEDICINA HUMANA,501158,694.125,1907.0,,False
011,MEDICINA HUMANA,519024,907.75,838.0,,False
011,MEDICINA HUMANA,502807,825.75,1230.0,,False
011,MEDICINA HUMANA,439417,836.375,1181.0,,False
011,MEDICINA HUMANA,502186,725.5,1744.0,,False
011,MEDICINA HUMANA,508489,584.625,2381.0,,False
011,MEDICINA HUMANA,517345,612.75,2300.0,,False
011,MEDICINA HUMANA,515446,833.0,1206.0,,False
011,MEDICINA HUMANA,511784,,,AUSENTE,True
011,MEDICINA HUMANA,515094,760.375,1564.0,,False
011,MEDICINA HUMANA,518419,677.5,1992.0,,False
011,MEDICINA HUMANA,509946,908.75,836.0,,False
011,MEDICINA HUMANA,514184,1151.0,257.0,,False
011,MEDICINA HUMANA,514275,943.75,717.0,,False
011,MEDICINA HUMANA,501023,722.0,1760.0,,False
011,MEDICINA HUMANA,505624,843.25,1152.0,,False
011,MEDICINA HUMANA,510315,1072.75,388.0,,False
011,MEDICINA HUMANA,505067,1184.5,211.0,,False
011,MEDICINA HUMANA,497896,1281.75,112.0,,False
011,MEDICINA HUMANA,515057,901.125,869.0,,False
011,MEDICINA HUMANA,476211,769.875,1519.0,,False
011,MEDICINA HUMANA,515276,716.625,1787.0,,False
011,MEDICINA HUMANA,500991,778.125,1456.0,,False
011,MEDICINA HUMANA,505891,630.75,2205.0,,False
011,MEDICINA HUMANA,509383,655.375,2090.0,,False
011,MEDICINA HUMANA,505372,936.5,745.0,,False
011,MEDICINA HUMANA,508090,1101.125,345.0,,False
011,MEDICINA HUMANA,503161,848.75,1119.0,,False
011,MEDICINA HUMANA,509684,533.125,2524.0,,False
011,MEDICINA HUMANA,503553,736.125,1678.0,,False
011,MEDICINA HUMANA,506058,935.75,748.0,,False
011,MEDICINA HUMANA,440681,940.875,726.0,,False
011,MEDICINA HUMANA,507198,676.625,1997.0,,False
011,MEDICINA HUMANA,510002,600.875,2339.0,,False
011,MEDICINA HUMANA,510955,625.625,2235.0,,False
011,MEDICINA HUMANA,511802,719.75,1771.0,,False
011,MEDICINA HUMANA,446004,,,AUSENTE,True
011,MEDICINA HUMANA,516155,897.5,902.0,,False
011,MEDICINA HUMANA,511417,629.0,2214.0,,False
011,MEDICINA HUMANA,509088,818.125,1264.0,,False
011,MEDICINA HUMANA,506465,1166.875,229.0,,False
011,MEDICINA HUMANA,505279,621.5,2255.0,,False
011,MEDICINA HUMANA,518515,644.5,2144.0,,False
011,MEDICINA HUMANA,433722,694.375,1905.0,,False
011,MEDICINA HUMANA,471589,483.625,2620.0,,False
011,MEDICINA HUMANA,503988,789.875,1410.0,,False
011,MEDICINA HUMANA,498831,1091.625,362.0,,False
011,MEDICINA HUMANA,483836,1131.5,286.0,,False
011,MEDICINA HUMANA,515180,915.5,819.0,,False
011,MEDICINA HUMANA,501292,976.125,615.0,,False
011,MEDICINA HUMANA,514672,526.875,2534.0,,False
011,MEDICINA HUMANA,514838,690.75,1923.0,,False
011,MEDICINA HUMANA,511065,571.125,2422.0,,False
011,MEDICINA HUMANA,436110,674.125,2009.0,,False
011,MEDICINA HUMANA,515198,576.375,2408.0,,False
011,MEDICINA HUMANA,518415,741.625,1655.0,,False
011,MEDICINA HUMANA,515857,966.75,634.0,,False
011,MEDICINA HUMANA,506962,841.5,1157.0,,False
011,MEDICINA HUMANA,506563,1129.875,293.0,,False
011,MEDICINA HUMANA,513400,397.25,2707.0,,False
011,MEDICINA HUMANA,504789,808.5,1322.0,,False
011,MEDICINA HUMANA,515925,687.375,1936.0,,False
011,MEDICINA HUMANA,439245,624.0,2241.0,,False
011,MEDICINA HUMANA,505323,1154.375,251.0,,False
011,MEDICINA HUMANA,500082,729.0,1717.0,,False
011,MEDICINA HUMANA,506439,1305.0,91.0,,False
011,MEDICINA HUMANA,515854,689.875,1927.0,,False
011,MEDICINA HUMANA,516932,1197.25,196.0,,False
011,MEDICINA HUMANA,500290,673.25,2010.0,,False
011,MEDICINA HUMANA,500347,1214.375,177.0,,False
011,MEDICINA HUMANA,432750,690.75,1924.0,,False
011,MEDICINA HUMANA,512691,729.375,1715.0,,False
011,MEDICINA HUMANA,513772,470.625,2649.0,,False
011,MEDICINA HUMANA,504024,890.5,927.0,,False
011,MEDICINA HUMANA,510647,897.375,904.0,,False
011,MEDICINA HUMANA,514834,608.375,2315.0,,False
011,MEDICINA HUMANA,500065,843.25,1150.0,,False
011,MEDICINA HUMANA,504782,1298.875,102.0,,False
011,MEDICINA HUMANA,505604,791.875,1405.0,,False
011,MEDICINA HUMANA,496966,726.5,1739.0,,False
011,MEDICINA HUMANA,501156,1109.25,327.0,,False
011,MEDICINA HUMANA,515339,737.5,1671.0,,False
011,MEDICINA HUMANA,435665,620.0,2264.0,,False
011,MEDICINA HUMANA,430422,953.875,682.0,,False
011,MEDICINA HUMANA,431503,897.5,893.0,,False
011,MEDICINA HUMANA,510380,704.125,1860.0,,False
011,MEDICINA HUMANA,504526,,,AUSENTE,True
011,MEDICINA HUMANA,473776,826.125,1228.0,,False
011,MEDICINA HUMANA,514711,648.125,2130.0,,False
011,MEDICINA HUMANA,502095,855.25,1093.0,,False
011,MEDICINA HUMANA,501972,792.125,1398.0,,False
011,MEDICINA HUMANA,519208,1201.75,189.0,,False
011,MEDICINA HUMANA,500900,723.125,1756.0,,False
011,MEDICINA HUMANA,517509,,,AUSENTE,True
011,MEDICINA HUMANA,500763,824.375,1234.0,,False
011,MEDICINA HUMANA,506574,877.5,994.0,,False
011,MEDICINA HUMANA,508093,697.125,1894.0,,False
011,MEDICINA HUMANA,502078,1200.625,190.0,,False
011,MEDICINA HUMANA,500778,617.0,2284.0,,False
011,MEDICINA HUMANA,508685,931.0,757.0,,False
011,MEDICINA HUMANA,507755,1092.75,358.0,,False
011,MEDICINA HUMANA,464116,795.875,1374.0,,False
011,MEDICINA HUMANA,456078,758.0,1575.0,,False
011,MEDICINA HUMANA,459034,740.875,1660.0,,False
011,MEDICINA HUMANA,503577,821.875,1245.0,,False
011,MEDICINA HUMANA,502708,1033.25,479.0,,False
011,MEDICINA HUMANA,513672,1004.25,543.0,,False
011,MEDICINA HUMANA,514205,1087.625,369.0,,False
011,MEDICINA HUMANA,507017,1047.375,451.0,,False
011,MEDICINA HUMANA,503399,669.125,2029.0,,False
011,MEDICINA HUMANA,509063,1241.75,157.0,,False
011,MEDICINA HUMANA,505970,687.375,1937.0,,False
011,MEDICINA HUMANA,505326,640.0,2169.0,,False
011,MEDICINA HUMANA,502549,946.0,705.0,,False
011,MEDICINA HUMANA,518883,1240.0,158.0,,False
011,MEDICINA HUMANA,514802,,,AUSENTE,True
011,MEDICINA HUMANA,478944,656.0,2086.0,,False
011,MEDICINA HUMANA,518222,550.125,2481.0,,False
011,MEDICINA HUMANA,479697,858.875,1075.0,,False
011,MEDICINA HUMANA,500598,598.875,2346.0,,False
011,MEDICINA HUMANA,501632,482.0,2626.0,,False
011,MEDICINA HUMANA,509391,659.375,2074.0,,False
011,MEDICINA HUMANA,513317,666.25,2047.0,,False
011,MEDICINA HUMANA,500667,512.875,2571.0,,False
011,MEDICINA HUMANA,500728,500.875,2591.0,,False
011,MEDICINA HUMANA,505654,660.875,2067.0,,False
011,MEDICINA HUMANA,517258,964.875,637.0,,False
011,MEDICINA HUMANA,475025,697.5,1893.0,,False
011,MEDICINA HUMANA,466309,791.875,1401.0,,False
011,MEDICINA HUMANA,506897,689.25,1931.0,,False
011,MEDICINA HUMANA,512863,685.25,1955.0,,False
011,MEDICINA HUMANA,516560,817.0,1269.0,,False
011,MEDICINA HUMANA,515347,963.125,644.0,,False
011,MEDICINA HUMANA,444589,841.125,1159.0,,False
011,MEDICINA HUMANA,502452,923.125,783.0,,False
011,MEDICINA HUMANA,515343,1363.375,57.0,,False
011,MEDICINA HUMANA,477567,551.5,2476.0,,False
011,MEDICINA HUMANA,500584,904.5,847.0,,False
011,MEDICINA HUMANA,473905,498.25,2595.0,,False
011,MEDICINA HUMANA,422188,739.75,1661.0,,False
011,MEDICINA HUMANA,481183,920.875,794.0,,False
011,MEDICINA HUMANA,500582,1321.125,82.0,,False
011,MEDICINA HUMANA,508204,701.125,1875.0,,False
011,MEDICINA HUMANA,504723,838.125,1168.0,,False
011,MEDICINA HUMANA,517220,749.375,1625.0,,False
011,MEDICINA HUMANA,505652,848.75,1118.0,,False
011,MEDICINA HUMANA,498496,703.125,1868.0,,False
011,MEDICINA HUMANA,515153,763.125,1553.0,,False
011,MEDICINA HUMANA,504602,700.875,1876.0,,False
011,MEDICINA HUMANA,511197,722.0,1762.0,,False
011,MEDICINA HUMANA,515407,668.625,2036.0,,False
011,MEDICINA HUMANA,508251,834.125,1196.0,,False
011,MEDICINA HUMANA,515978,875.0,1015.0,,False
011,MEDICINA HUMANA,509420,733.0,1696.0,,False
011,MEDICINA HUMANA,505642,577.75,2399.0,,False
011,MEDICINA HUMANA,461716,652.625,2105.0,,False
011,MEDICINA HUMANA,511019,1095.5,352.0,,False
011,MEDICINA HUMANA,517729,1036.625,474.0,,False
011,MEDICINA HUMANA,502554,,,AUSENTE,True
011,MEDICINA HUMANA,506851,511.25,2574.0,,False
011,MEDICINA HUMANA,454732,777.5,1460.0,,False
011,MEDICINA HUMANA,502230,581.375,2392.0,,False
011,MEDICINA HUMANA,515662,778.625,1454.0,,False
011,MEDICINA HUMANA,515795,816.625,1272.0,,False
011,MEDICINA HUMANA,512381,531.5,2526.0,,False
011,MEDICINA HUMANA,514756,829.875,1220.0,,False
011,MEDICINA HUMANA,516120,880.375,964.0,,False
011,MEDICINA HUMANA,502044,551.5,2478.0,,False
011,MEDICINA HUMANA,509551,459.375,2664.0,,False
011,MEDICINA HUMANA,502004,653.0,2104.0,,False
011,MEDICINA HUMANA,508069,771.875,1498.0,,False
011,MEDICINA HUMANA,519217,772.125,1493.0,,False
011,MEDICINA HUMANA,445963,855.75,1085.0,,False
011,MEDICINA HUMANA,508279,669.625,2027.0,,False
011,MEDICINA HUMANA,507502,711.875,1817.0,,False
011,MEDICINA HUMANA,511164,922.625,787.0,,False
011,MEDICINA HUMANA,513468,1235.5,164.0,,False
011,MEDICINA HUMANA,519558,927.625,769.0,,False
011,MEDICINA HUMANA,509889,622.0,2252.0,,False
011,MEDICINA HUMANA,506559,832.125,1209.0,,False
011,MEDICINA HUMANA,513267,576.625,2404.0,,False
011,MEDICINA HUMANA,471556,764.25,1545.0,,False
011,MEDICINA HUMANA,460376,501.875,2589.0,,False
011,MEDICINA HUMANA,481479,820.25,1255.0,,False
011,MEDICINA HUMANA,514075,771.875,1495.0,,False
011,MEDICINA HUMANA,507325,758.125,1574.0,,False
011,MEDICINA HUMANA,515465,686.25,1946.0,,False
011,MEDICINA HUMANA,497693,907.625,839.0,,False
011,MEDICINA HUMANA,504437,864.875,1045.0,,False
011,MEDICINA HUMANA,500921,680.5,1976.0,,False
011,MEDICINA HUMANA,500669,1123.25,302.0,,False
011,MEDICINA HUMANA,510401,699.375,1880.0,,False
011,MEDICINA HUMANA,500855,1383.375,43.0,,False
011,MEDICINA HUMANA,509688,767.625,1530.0,,False
011,MEDICINA HUMANA,506583,718.625,1774.0,,False
011,MEDICINA HUMANA,510523,1242.25,154.0,,False
011,MEDICINA HUMANA,508111,686.25,1948.0,,False
011,MEDICINA HUMANA,508687,896.5,908.0,,False
011,MEDICINA HUMANA,519810,,,AUSENTE,True
011,MEDICINA HUMANA,427003,521.75,2548.0,,False
011,MEDICINA HUMANA,513315,422.875,2697.0,,False
011,MEDICINA HUMANA,502228,664.25,2056.0,,False
011,MEDICINA HUMANA,517437,1103.375,344.0,,False
011,MEDICINA HUMANA,512699,522.875,2544.0,,False
011,MEDICINA HUMANA,507907,621.75,2254.0,,False
011,MEDICINA HUMANA,448301,762.75,1557.0,,False
011,MEDICINA HUMANA,511299,1028.25,488.0,,False
011,MEDICINA HUMANA,509675,960.875,658.0,,False
011,MEDICINA HUMANA,513704,793.875,1387.0,,False
011,MEDICINA HUMANA,511115,594.0,2358.0,,False
011,MEDICINA HUMANA,500928,626.75,2229.0,,False
011,MEDICINA HUMANA,502183,655.5,2088.0,,False
011,MEDICINA HUMANA,501177,734.625,1689.0,,False
011,MEDICINA HUMANA,502970,1135.0,276.0,,False
011,MEDICINA HUMANA,513332,787.375,1424.0,,False
011,MEDICINA HUMANA,519278,693.0,1909.0,,False
011,MEDICINA HUMANA,506629,769.0,1522.0,,False
011,MEDICINA HUMANA,509353,1020.25,506.0,,False
011,MEDICINA HUMANA,510295,708.125,1835.0,,False
011,MEDICINA HUMANA,508595,880.375,968.0,,False
011,MEDICINA HUMANA,502301,882.25,950.0,,False
011,MEDICINA HUMANA,516916,611.0,2307.0,,False
011,MEDICINA HUMANA,516142,1174.375,222.0,,False
011,MEDICINA HUMANA,507111,953.25,683.0,,False
011,MEDICINA HUMANA,516623,1261.125,128.0,,False
011,MEDICINA HUMANA,504648,887.625,934.0,,False
011,MEDICINA HUMANA,512953,768.25,1528.0,,False
011,MEDICINA HUMANA,478258,886.5,939.0,,False
011,MEDICINA HUMANA,516349,701.375,1874.0,,False
011,MEDICINA HUMANA,508281,1003.125,547.0,,False
011,MEDICINA HUMANA,510686,680.625,1975.0,,False
011,MEDICINA HUMANA,507712,556.625,2457.0,,False
011,MEDICINA HUMANA,517886,724.625,1747.0,,False
011,MEDICINA HUMANA,502525,922.25,790.0,,False
011,MEDICINA HUMANA,519374,629.875,2210.0,,False
011,MEDICINA HUMANA,508327,766.25,1538.0,,False
011,MEDICINA HUMANA,513031,568.0,2429.0,,False
011,MEDICINA HUMANA,505373,1052.875,432.0,,False
011,MEDICINA HUMANA,461112,879.75,973.0,,False
011,MEDICINA HUMANA,503058,553.125,2472.0,,False
011,MEDICINA HUMANA,503439,809.875,1316.0,,False
011,MEDICINA HUMANA,516320,1049.375,445.0,,False
011,MEDICINA HUMANA,519226,517.0,2562.0,,False
011,MEDICINA HUMANA,509810,793.25,1388.0,,False
011,MEDICINA HUMANA,518286,704.25,1859.0,,False
011,MEDICINA HUMANA,513836,983.375,594.0,,False
011,MEDICINA HUMANA,516141,847.25,1130.0,,False
011,MEDICINA HUMANA,505033,1391.25,39.0,,False
011,MEDICINA HUMANA,501963,610.625,2310.0,,False
011,MEDICINA HUMANA,505005,717.75,1778.0,,False
011,MEDICINA HUMANA,506457,756.375,1582.0,,False
011,MEDICINA HUMANA,421772,496.875,2597.0,,False
011,MEDICINA HUMANA,511675,602.625,2329.0,,False
011,MEDICINA HUMANA,513708,753.625,1599.0,,False
011,MEDICINA HUMANA,507528,987.125,579.0,,False
011,MEDICINA HUMANA,511627,477.5,2639.0,,False
011,MEDICINA HUMANA,510632,665.625,2048.0,,False
011,MEDICINA HUMANA,508213,814.625,1285.0,,False
011,MEDICINA HUMANA,513769,984.75,590.0,,False
011,MEDICINA HUMANA,514841,986.0,586.0,,False
011,MEDICINA HUMANA,505514,830.125,1214.0,,False
011,MEDICINA HUMANA,513345,1093.875,356.0,,False
011,MEDICINA HUMANA,514553,770.75,1515.0,,False
011,MEDICINA HUMANA,460895,745.625,1638.0,,False
011,MEDICINA HUMANA,517773,704.75,1853.0,,False
011,MEDICINA HUMANA,512915,589.0,2366.0,,False
011,MEDICINA HUMANA,505531,546.125,2496.0,,False
011,MEDICINA HUMANA,509594,733.0,1698.0,,False
011,MEDICINA HUMANA,505178,902.0,862.0,,False
011,MEDICINA HUMANA,516555,830.125,1217.0,,False
011,MEDICINA HUMANA,513049,674.375,2007.0,,False
011,MEDICINA HUMANA,514444,908.25,837.0,,False
011,MEDICINA HUMANA,508301,556.125,2460.0,,False
011,MEDICINA HUMANA,517747,723.875,1753.0,,False
011,MEDICINA HUMANA,470776,1108.75,330.0,,False
011,MEDICINA HUMANA,502234,459.0,2665.0,,False
011,MEDICINA HUMANA,503694,1051.625,437.0,,False
011,MEDICINA HUMANA,513972,1395.75,38.0,,False
011,MEDICINA HUMANA,500229,608.625,2313.0,,False
011,MEDICINA HUMANA,503938,1129.875,294.0,,False
011,MEDICINA HUMANA,504558,996.625,569.0,,False
011,MEDICINA HUMANA,480991,620.5,2261.0,,False
011,MEDICINA HUMANA,509163,855.25,1091.0,,False
011,MEDICINA HUMANA,502967,741.125,1656.0,,False
011,MEDICINA HUMANA,503593,680.75,1974.0,,False
011,MEDICINA HUMANA,502397,502.75,2588.0,,False
011,MEDICINA HUMANA,508976,1066.5,411.0,,False
011,MEDICINA HUMANA,474741,528.375,2532.0,,False
011,MEDICINA HUMANA,508086,,,AUSENTE,True
011,MEDICINA HUMANA,519829,737.75,1667.0,,False
011,MEDICINA HUMANA,513505,823.75,1238.0,,False
011,MEDICINA HUMANA,507210,856.375,1082.0,,False
011,MEDICINA HUMANA,514878,886.5,940.0,,False
011,MEDICINA HUMANA,513517,692.0,1916.0,,False
011,MEDICINA HUMANA,516456,918.625,806.0,,False
011,MEDICINA HUMANA,507785,983.125,595.0,,False
011,MEDICINA HUMANA,506171,824.25,1235.0,,False
011,MEDICINA HUMANA,435260,687.25,1939.0,,False
011,MEDICINA HUMANA,512647,1260.625,132.0,,False
011,MEDICINA HUMANA,514132,1012.25,518.0,,False
011,MEDICINA HUMANA,508938,859.5,1068.0,,False
011,MEDICINA HUMANA,459943,736.875,1674.0,,False
011,MEDICINA HUMANA,425704,1074.375,387.0,,False
011,MEDICINA HUMANA,503735,818.75,1263.0,,False
011,MEDICINA HUMANA,466572,613.625,2294.0,,False
011,MEDICINA HUMANA,509447,804.25,1342.0,,False
011,MEDICINA HUMANA,509177,806.0,1331.0,,False
011,MEDICINA HUMANA,506577,839.75,1165.0,,False
011,MEDICINA HUMANA,503966,545.625,2499.0,,False
011,MEDICINA HUMANA,515533,586.125,2378.0,,False
011,MEDICINA HUMANA,507899,505.125,2583.0,,False
011,MEDICINA HUMANA,502286,1447.875,13.0,,False
011,MEDICINA HUMANA,506970,591.875,2363.0,,False
011,MEDICINA HUMANA,504313,1160.125,236.0,,False
011,MEDICINA HUMANA,502073,892.125,922.0,,False
011,MEDICINA HUMANA,510300,813.0,1294.0,,False
011,MEDICINA HUMANA,494301,,,AUSENTE,True
011,MEDICINA HUMANA,517982,1001.375,559.0,,False
011,MEDICINA HUMANA,518387,821.5,1248.0,,False
011,MEDICINA HUMANA,513478,980.0,607.0,,False
011,MEDICINA HUMANA,504833,703.375,1866.0,,False
011,MEDICINA HUMANA,501447,824.0,1237.0,,False
011,MEDICINA HUMANA,509492,325.375,2725.0,,False
011,MEDICINA HUMANA,508461,833.875,1203.0,,False
011,MEDICINA HUMANA,451788,396.375,2708.0,,False
011,MEDICINA HUMANA,511568,445.375,2684.0,,False
011,MEDICINA HUMANA,502140,547.875,2489.0,,False
011,MEDICINA HUMANA,435451,792.125,1400.0,,False
011,MEDICINA HUMANA,490265,471.625,2647.0,,False
011,MEDICINA HUMANA,509181,603.625,2328.0,,False
011,MEDICINA HUMANA,507188,683.375,1960.0,,False
011,MEDICINA HUMANA,503779,762.875,1556.0,,False
011,MEDICINA HUMANA,508841,918.625,804.0,,False
011,MEDICINA HUMANA,475204,591.375,2365.0,,False
011,MEDICINA HUMANA,504387,745.375,1640.0,,False
011,MEDICINA HUMANA,485368,1000.25,562.0,,False
011,MEDICINA HUMANA,462739,836.375,1180.0,,False
011,MEDICINA HUMANA,501601,878.625,980.0,,False
011,MEDICINA HUMANA,448551,626.5,2232.0,,False
011,MEDICINA HUMANA,517853,1147.0,266.0,,False
011,MEDICINA HUMANA,514990,605.5,2323.0,,False
011,MEDICINA HUMANA,515481,822.0,1244.0,,False
011,MEDICINA HUMANA,512476,830.125,1215.0,,False
011,MEDICINA HUMANA,508414,648.25,2129.0,,False
011,MEDICINA HUMANA,449000,,,AUSENTE,True
011,MEDICINA HUMANA,496391,733.25,1695.0,,False
011,MEDICINA HUMANA,506497,617.5,2280.0,,False
011,MEDICINA HUMANA,433907,732.5,1702.0,,False
011,MEDICINA HUMANA,502761,588.25,2370.0,,False
011,MEDICINA HUMANA,502243,868.75,1029.0,,False
011,MEDICINA HUMANA,519157,617.875,2276.0,,False
011,MEDICINA HUMANA,511572,1278.875,114.0,,False
011,MEDICINA HUMANA,508745,844.5,1143.0,,False
011,MEDICINA HUMANA,512462,724.5,1749.0,,False
011,MEDICINA HUMANA,423406,758.75,1573.0,,False
011,MEDICINA HUMANA,514852,1197.25,198.0,,False
011,MEDICINA HUMANA,505922,717.25,1783.0,,False
011,MEDICINA HUMANA,511239,634.75,2190.0,,False
011,MEDICINA HUMANA,518229,761.375,1562.0,,False
011,MEDICINA HUMANA,512927,588.75,2368.0,,False
011,MEDICINA HUMANA,513540,538.375,2514.0,,False
011,MEDICINA HUMANA,502224,473.25,2645.0,,False
011,MEDICINA HUMANA,500528,942.0,722.0,,False
011,MEDICINA HUMANA,503977,447.375,2681.0,,False
011,MEDICINA HUMANA,420088,646.75,2135.0,,False
011,MEDICINA HUMANA,503505,821.75,1246.0,,False
011,MEDICINA HUMANA,484231,766.0,1540.0,,False
011,MEDICINA HUMANA,511737,1077.75,384.0,,False
011,MEDICINA HUMANA,502650,712.5,1812.0,,False
011,MEDICINA HUMANA,517235,904.25,849.0,,False
011,MEDICINA HUMANA,517606,687.125,1941.0,,False
011,MEDICINA HUMANA,426791,835.25,1186.0,,False
011,MEDICINA HUMANA,515065,542.5,2504.0,,False
011,MEDICINA HUMANA,452854,561.375,2444.0,,False
011,MEDICINA HUMANA,468208,715.25,1798.0,,False
011,MEDICINA HUMANA,505208,1093.25,357.0,,False
011,MEDICINA HUMANA,510040,419.0,2699.0,,False
011,MEDICINA HUMANA,512792,714.75,1801.0,,False
011,MEDICINA HUMANA,517347,680.375,1979.0,,False
011,MEDICINA HUMANA,507207,794.125,1384.0,,False
011,MEDICINA HUMANA,506137,1200.5,192.0,,False
011,MEDICINA HUMANA,519907,1051.875,434.0,,False
011,MEDICINA HUMANA,514177,709.5,1828.0,,False
011,MEDICINA HUMANA,507974,859.75,1066.0,,False
011,MEDICINA HUMANA,501944,554.5,2470.0,,False
011,MEDICINA HUMANA,507279,1129.0,297.0,,False
011,MEDICINA HUMANA,507459,1112.75,320.0,,False
011,MEDICINA HUMANA,508921,1194.375,202.0,,False
011,MEDICINA HUMANA,509147,1040.625,468.0,,False
011,MEDICINA HUMANA,478057,562.5,2442.0,,False
011,MEDICINA HUMANA,504673,734.875,1684.0,,False
011,MEDICINA HUMANA,516205,1345.125,67.0,,False
011,MEDICINA HUMANA,506707,845.375,1140.0,,False
011,MEDICINA HUMANA,513014,702.0,1872.0,,False
011,MEDICINA HUMANA,507775,954.375,679.0,,False
011,MEDICINA HUMANA,508629,716.5,1789.0,,False
011,MEDICINA HUMANA,466404,1416.375,28.0,,False
011,MEDICINA HUMANA,513096,479.75,2634.0,,False
011,MEDICINA HUMANA,512846,963.375,643.0,,False
011,MEDICINA HUMANA,517631,776.5,1467.0,,False
011,MEDICINA HUMANA,515389,617.75,2278.0,,False
011,MEDICINA HUMANA,502315,879.625,977.0,,False
011,MEDICINA HUMANA,503591,,,AUSENTE,True
011,MEDICINA HUMANA,507372,827.875,1224.0,,False
011,MEDICINA HUMANA,512943,868.375,1031.0,,False
011,MEDICINA HUMANA,508020,661.5,2064.0,,False
011,MEDICINA HUMANA,513903,1214.375,179.0,,False
011,MEDICINA HUMANA,503523,817.5,1268.0,,False
011,MEDICINA HUMANA,505410,1283.375,110.0,,False
011,MEDICINA HUMANA,503561,510.375,2576.0,,False
011,MEDICINA HUMANA,511839,649.125,2123.0,,False
011,MEDICINA HUMANA,505696,1155.0,247.0,,False
011,MEDICINA HUMANA,439445,537.125,2517.0,,False
011,MEDICINA HUMANA,515642,968.75,632.0,,False
011,MEDICINA HUMANA,507962,836.375,1182.0,,False
011,MEDICINA HUMANA,512093,805.125,1335.0,,False
011,MEDICINA HUMANA,518786,582.0,2390.0,,False
011,MEDICINA HUMANA,518579,883.875,946.0,,False
011,MEDICINA HUMANA,502644,962.875,649.0,,False
011,MEDICINA HUMANA,505874,711.875,1816.0,,False
011,MEDICINA HUMANA,511131,1003.125,550.0,,False
011,MEDICINA HUMANA,518690,993.25,575.0,,False
011,MEDICINA HUMANA,516162,1067.625,405.0,,False
011,MEDICINA HUMANA,509207,367.75,2717.0,,False
011,MEDICINA HUMANA,500236,1260.0,137.0,,False
011,MEDICINA HUMANA,510050,899.5,881.0,,False
011,MEDICINA HUMANA,505680,1152.125,254.0,,False
011,MEDICINA HUMANA,507222,467.125,2654.0,,False
011,MEDICINA HUMANA,515668,789.0,1414.0,,False
011,MEDICINA HUMANA,489333,1105.125,341.0,,False
011,MEDICINA HUMANA,438109,641.75,2158.0,,False
011,MEDICINA HUMANA,518819,729.875,1711.0,,False
011,MEDICINA HUMANA,517996,1260.0,136.0,,False
011,MEDICINA HUMANA,460717,726.25,1740.0,,False
011,MEDICINA HUMANA,459332,700.75,1877.0,,False
011,MEDICINA HUMANA,428935,750.125,1617.0,,False
011,MEDICINA HUMANA,506342,877.5,993.0,,False
011,MEDICINA HUMANA,503574,1000.25,561.0,,False
011,MEDICINA HUMANA,502928,601.125,2338.0,,False
011,MEDICINA HUMANA,512604,523.5,2541.0,,False
011,MEDICINA HUMANA,516324,530.375,2529.0,,False
011,MEDICINA HUMANA,501048,820.0,1258.0,,False
011,MEDICINA HUMANA,512340,556.125,2461.0,,False
011,MEDICINA HUMANA,517513,588.375,2369.0,,False
011,MEDICINA HUMANA,502313,719.75,1770.0,,False
011,MEDICINA HUMANA,515164,757.375,1577.0,,False
011,MEDICINA HUMANA,500835,706.0,1847.0,,False
011,MEDICINA HUMANA,508649,1071.875,391.0,,False
011,MEDICINA HUMANA,487450,1115.5,314.0,,False
011,MEDICINA HUMANA,510871,686.25,1947.0,,False
011,MEDICINA HUMANA,502020,1212.625,182.0,,False
011,MEDICINA HUMANA,511409,847.25,1129.0,,False
011,MEDICINA HUMANA,503029,918.625,810.0,,False
011,MEDICINA HUMANA,515214,1215.5,174.0,,False
011,MEDICINA HUMANA,514345,851.25,1110.0,,False
011,MEDICINA HUMANA,508835,653.625,2099.0,,False
011,MEDICINA HUMANA,479466,1467.875,10.0,,False
011,MEDICINA HUMANA,512851,1320.0,84.0,,False
011,MEDICINA HUMANA,514669,705.375,1849.0,,False
011,MEDICINA HUMANA,512562,,,AUSENTE,True
011,MEDICINA HUMANA,509457,617.25,2281.0,,False
011,MEDICINA HUMANA,502836,681.75,1969.0,,False
011,MEDICINA HUMANA,518901,920.875,796.0,,False
011,MEDICINA HUMANA,512511,1015.5,513.0,,False
011,MEDICINA HUMANA,501690,536.0,2519.0,,False
011,MEDICINA HUMANA,512513,685.625,1954.0,,False
011,MEDICINA HUMANA,517370,728.5,1721.0,,False
011,MEDICINA HUMANA,496431,982.0,602.0,,False
011,MEDICINA HUMANA,513308,548.75,2487.0,,False
011,MEDICINA HUMANA,508107,768.5,1526.0,,False
011,MEDICINA HUMANA,433029,484.0,2618.0,,False
011,MEDICINA HUMANA,449762,901.5,867.0,,False
011,MEDICINA HUMANA,505232,563.25,2440.0,,False
011,MEDICINA HUMANA,505254,815.75,1279.0,,False
011,MEDICINA HUMANA,501928,858.25,1077.0,,False
011,MEDICINA HUMANA,516027,686.5,1942.0,,False
011,MEDICINA HUMANA,460112,761.125,1563.0,,False
011,MEDICINA HUMANA,507828,1068.625,401.0,,False
011,MEDICINA HUMANA,514761,944.875,711.0,,False
011,MEDICINA HUMANA,516023,1325.125,79.0,,False
011,MEDICINA HUMANA,489898,573.25,2419.0,,False
011,MEDICINA HUMANA,424355,565.75,2433.0,,False
011,MEDICINA HUMANA,514255,468.875,2652.0,,False
011,MEDICINA HUMANA,427261,1031.625,481.0,,False
011,MEDICINA HUMANA,510194,662.25,2062.0,,False
011,MEDICINA HUMANA,444723,925.125,774.0,,False
011,MEDICINA HUMANA,508777,762.25,1559.0,,False
011,MEDICINA HUMANA,508743,577.5,2401.0,,False
011,MEDICINA HUMANA,515952,519.875,2555.0,,False
011,MEDICINA HUMANA,506208,1007.625,532.0,,False
011,MEDICINA HUMANA,436368,791.875,1402.0,,False
011,MEDICINA HUMANA,506391,616.875,2285.0,,False
011,MEDICINA HUMANA,504414,764.25,1546.0,,False
011,MEDICINA HUMANA,506631,734.75,1688.0,,False
011,MEDICINA HUMANA,518860,985.375,588.0,,False
011,MEDICINA HUMANA,500304,601.75,2334.0,,False
011,MEDICINA HUMANA,478734,635.25,2186.0,,False
011,MEDICINA HUMANA,517815,743.375,1652.0,,False
011,MEDICINA HUMANA,504086,425.25,2694.0,,False
011,MEDICINA HUMANA,502495,759.625,1568.0,,False
011,MEDICINA HUMANA,502748,752.375,1606.0,,False
011,MEDICINA HUMANA,505764,940.0,728.0,,False
011,MEDICINA HUMANA,518669,1087.625,371.0,,False
011,MEDICINA HUMANA,507861,1326.75,77.0,,False
011,MEDICINA HUMANA,503903,689.625,1928.0,,False
011,MEDICINA HUMANA,513426,1324.0,80.0,,False
011,MEDICINA HUMANA,502740,1133.875,282.0,,False
011,MEDICINA HUMANA,502276,788.75,1416.0,,False
011,MEDICINA HUMANA,515029,671.25,2019.0,,False
011,MEDICINA HUMANA,515835,,,AUSENTE,True
011,MEDICINA HUMANA,500552,898.875,883.0,,False
011,MEDICINA HUMANA,516135,577.875,2397.0,,False
011,MEDICINA HUMANA,505809,964.875,638.0,,False
011,MEDICINA HUMANA,513665,1049.875,442.0,,False
011,MEDICINA HUMANA,514224,371.875,2714.0,,False
011,MEDICINA HUMANA,501842,878.875,979.0,,False
011,MEDICINA HUMANA,499054,686.0,1951.0,,False
011,MEDICINA HUMANA,502991,711.25,1824.0,,False
011,MEDICINA HUMANA,511190,899.75,879.0,,False
011,MEDICINA HUMANA,503769,576.625,2407.0,,False
011,MEDICINA HUMANA,502015,503.375,2585.0,,False
011,MEDICINA HUMANA,514701,651.25,2114.0,,False
011,MEDICINA HUMANA,422423,655.25,2092.0,,False
011,MEDICINA HUMANA,504786,787.875,1421.0,,False
011,MEDICINA HUMANA,505593,703.375,1865.0,,False
011,MEDICINA HUMANA,507863,753.625,1600.0,,False
011,MEDICINA HUMANA,506368,893.5,918.0,,False
011,MEDICINA HUMANA,512456,649.125,2124.0,,False
011,MEDICINA HUMANA,509649,627.375,2223.0,,False
011,MEDICINA HUMANA,510230,1257.75,140.0,,False
011,MEDICINA HUMANA,478709,1035.75,475.0,,False
011,MEDICINA HUMANA,518857,749.625,1620.0,,False
011,MEDICINA HUMANA,507228,876.375,1007.0,,False
011,MEDICINA HUMANA,513838,876.375,1001.0,,False
011,MEDICINA HUMANA,518442,864.5,1046.0,,False
011,MEDICINA HUMANA,503305,875.5,1014.0,,False
011,MEDICINA HUMANA,437668,708.5,1834.0,,False
011,MEDICINA HUMANA,500852,851.0,1116.0,,False
011,MEDICINA HUMANA,500411,939.75,733.0,,False
011,MEDICINA HUMANA,503300,734.875,1685.0,,False
011,MEDICINA HUMANA,509923,523.375,2542.0,,False
011,MEDICINA HUMANA,500365,776.625,1465.0,,False
011,MEDICINA HUMANA,472304,598.875,2347.0,,False
011,MEDICINA HUMANA,423190,701.875,1873.0,,False
011,MEDICINA HUMANA,468987,1009.25,529.0,,False
011,MEDICINA HUMANA,467337,868.25,1033.0,,False
011,MEDICINA HUMANA,504454,999.125,566.0,,False
011,MEDICINA HUMANA,513761,1193.25,207.0,,False
011,MEDICINA HUMANA,508172,1196.875,200.0,,False
011,MEDICINA HUMANA,502387,1070.5,395.0,,False
011,MEDICINA HUMANA,503817,746.75,1635.0,,False
011,MEDICINA HUMANA,509187,866.0,1039.0,,False
011,MEDICINA HUMANA,504879,927.75,768.0,,False
011,MEDICINA HUMANA,516600,676.625,1998.0,,False
011,MEDICINA HUMANA,502392,1383.375,46.0,,False
011,MEDICINA HUMANA,504483,464.375,2658.0,,False
011,MEDICINA HUMANA,486922,884.875,945.0,,False
011,MEDICINA HUMANA,456014,608.375,2314.0,,False
011,MEDICINA HUMANA,501454,691.0,1919.0,,False
011,MEDICINA HUMANA,434557,803.375,1344.0,,False
011,MEDICINA HUMANA,514787,621.125,2258.0,,False
011,MEDICINA HUMANA,510159,547.5,2491.0,,False
011,MEDICINA HUMANA,516105,458.875,2666.0,,False
011,MEDICINA HUMANA,515252,711.375,1820.0,,False
011,MEDICINA HUMANA,515888,774.125,1488.0,,False
011,MEDICINA HUMANA,508000,1242.25,155.0,,False
011,MEDICINA HUMANA,506393,627.875,2221.0,,False
011,MEDICINA HUMANA,506313,1362.25,59.0,,False
011,MEDICINA HUMANA,428113,1345.625,65.0,,False
011,MEDICINA HUMANA,501063,508.75,2581.0,,False
011,MEDICINA HUMANA,506268,713.0,1810.0,,False
011,MEDICINA HUMANA,505986,787.875,1422.0,,False
011,MEDICINA HUMANA,507901,732.75,1699.0,,False
011,MEDICINA HUMANA,430274,1235.5,167.0,,False
011,MEDICINA HUMANA,425684,1364.5,56.0,,False
011,MEDICINA HUMANA,515748,887.625,935.0,,False
011,MEDICINA HUMANA,445686,716.125,1793.0,,False
011,MEDICINA HUMANA,516683,1351.875,62.0,,False
011,MEDICINA HUMANA,443099,1089.875,363.0,,False
011,MEDICINA HUMANA,477404,776.875,1464.0,,False
011,MEDICINA HUMANA,510864,621.5,2257.0,,False
011,MEDICINA HUMANA,422311,538.375,2513.0,,False
011,MEDICINA HUMANA,501064,531.25,2527.0,,False
011,MEDICINA HUMANA,494453,738.625,1664.0,,False
011,MEDICINA HUMANA,505352,635.125,2188.0,,False
011,MEDICINA HUMANA,505400,771.0,1504.0,,False
011,MEDICINA HUMANA,514529,1020.0,507.0,,False
011,MEDICINA HUMANA,510103,813.0,1295.0,,False
011,MEDICINA HUMANA,503897,711.375,1821.0,,False
011,MEDICINA HUMANA,508296,769.875,1520.0,,False
011,MEDICINA HUMANA,510615,791.875,1407.0,,False
011,MEDICINA HUMANA,517624,879.75,976.0,,False
011,MEDICINA HUMANA,513117,855.25,1095.0,,False
011,MEDICINA HUMANA,466425,524.0,2540.0,,False
011,MEDICINA HUMANA,492088,993.5,574.0,,False
011,MEDICINA HUMANA,505844,1244.5,151.0,,False
011,MEDICINA HUMANA,502273,728.75,1719.0,,False
011,MEDICINA HUMANA,500880,771.0,1505.0,,False
011,MEDICINA HUMANA,516122,1108.75,329.0,,False
011,MEDICINA HUMANA,502885,657.125,2083.0,,False
011,MEDICINA HUMANA,453967,943.75,714.0,,False
011,MEDICINA HUMANA,504304,759.875,1566.0,,False
011,MEDICINA HUMANA,465377,975.0,618.0,,False
011,MEDICINA HUMANA,508046,948.75,695.0,,False
011,MEDICINA HUMANA,500627,872.375,1018.0,,False
011,MEDICINA HUMANA,508434,1011.625,520.0,,False
011,MEDICINA HUMANA,501999,543.75,2501.0,,False
011,MEDICINA HUMANA,510970,1041.125,467.0,,False
011,MEDICINA HUMANA,511810,1252.625,149.0,,False
011,MEDICINA HUMANA,506609,924.0,777.0,,False
011,MEDICINA HUMANA,501234,753.625,1603.0,,False
011,MEDICINA HUMANA,476157,910.375,833.0,,False
011,MEDICINA HUMANA,510976,982.0,600.0,,False
011,MEDICINA HUMANA,505308,698.0,1889.0,,False
011,MEDICINA HUMANA,517269,1041.375,466.0,,False
011,MEDICINA HUMANA,518394,844.25,1146.0,,False
011,MEDICINA HUMANA,503808,778.125,1457.0,,False
011,MEDICINA HUMANA,502417,833.375,1205.0,,False
011,MEDICINA HUMANA,486318,618.875,2271.0,,False
011,MEDICINA HUMANA,505813,1037.125,473.0,,False
011,MEDICINA HUMANA,517304,476.125,2642.0,,False
011,MEDICINA HUMANA,500055,1066.5,414.0,,False
011,MEDICINA HUMANA,511178,744.875,1646.0,,False
011,MEDICINA HUMANA,474145,765.625,1542.0,,False
011,MEDICINA HUMANA,519073,571.25,2421.0,,False
011,MEDICINA HUMANA,506580,814.125,1287.0,,False
011,MEDICINA HUMANA,501660,1151.0,260.0,,False
011,MEDICINA HUMANA,508727,865.5,1041.0,,False
011,MEDICINA HUMANA,517251,622.5,2251.0,,False
011,MEDICINA HUMANA,515229,987.0,580.0,,False
011,MEDICINA HUMANA,508402,657.5,2082.0,,False
011,MEDICINA HUMANA,510407,523.0,2543.0,,False
011,MEDICINA HUMANA,465512,901.125,868.0,,False
011,MEDICINA HUMANA,505370,833.5,1204.0,,False
011,MEDICINA HUMANA,425407,520.875,2551.0,,False
011,MEDICINA HUMANA,500395,897.5,899.0,,False
011,MEDICINA HUMANA,518523,711.875,1818.0,,False
011,MEDICINA HUMANA,511295,627.875,2219.0,,False
011,MEDICINA HUMANA,501209,682.5,1964.0,,False
011,MEDICINA HUMANA,503091,535.375,2521.0,,False
011,MEDICINA HUMANA,500530,1514.125,6.0,,False
011,MEDICINA HUMANA,509501,1072.125,390.0,,False
011,MEDICINA HUMANA,505933,595.75,2352.0,,False
011,MEDICINA HUMANA,517474,521.125,2550.0,,False
011,MEDICINA HUMANA,501211,771.25,1502.0,,False
011,MEDICINA HUMANA,507071,880.375,969.0,,False
011,MEDICINA HUMANA,518716,1172.125,226.0,,False
011,MEDICINA HUMANA,508233,393.5,2709.0,,False
011,MEDICINA HUMANA,502648,667.875,2038.0,,False
011,MEDICINA HUMANA,502206,480.25,2630.0,,False
011,MEDICINA HUMANA,504248,649.25,2122.0,,False
011,MEDICINA HUMANA,508329,771.5,1501.0,,False
011,MEDICINA HUMANA,460881,922.625,786.0,,False
011,MEDICINA HUMANA,515025,793.0,1392.0,,False
011,MEDICINA HUMANA,445818,1067.625,406.0,,False
011,MEDICINA HUMANA,513404,1302.875,95.0,,False
011,MEDICINA HUMANA,519712,1636.875,1.0,,False
011,MEDICINA HUMANA,433868,643.625,2150.0,,False
011,MEDICINA HUMANA,509282,734.75,1687.0,,False
011,MEDICINA HUMANA,516831,560.125,2447.0,,False
011,MEDICINA HUMANA,456523,775.5,1474.0,,False
011,MEDICINA HUMANA,515040,751.25,1611.0,,False
011,MEDICINA HUMANA,509108,904.25,851.0,,False
011,MEDICINA HUMANA,504783,539.375,2512.0,,False
011,MEDICINA HUMANA,508182,546.75,2495.0,,False
011,MEDICINA HUMANA,513265,426.25,2693.0,,False
011,MEDICINA HUMANA,467982,897.5,894.0,,False
011,MEDICINA HUMANA,512280,1434.625,15.0,,False
011,MEDICINA HUMANA,519189,632.5,2197.0,,False
011,MEDICINA HUMANA,505859,770.875,1508.0,,False
011,MEDICINA HUMANA,513351,406.875,2703.0,,False
011,MEDICINA HUMANA,506041,791.875,1406.0,,False
011,MEDICINA HUMANA,504758,792.125,1399.0,,False
011,MEDICINA HUMANA,510644,879.75,974.0,,False
011,MEDICINA HUMANA,517249,549.625,2483.0,,False
011,MEDICINA HUMANA,509392,,,AUSENTE,True
011,MEDICINA HUMANA,508694,648.0,2131.0,,False
011,MEDICINA HUMANA,509920,813.0,1297.0,,False
011,MEDICINA HUMANA,503409,1369.625,51.0,,False
011,MEDICINA HUMANA,506756,662.0,2063.0,,False
011,MEDICINA HUMANA,517653,476.5,2641.0,,False
011,MEDICINA HUMANA,512389,606.5,2321.0,,False
011,MEDICINA HUMANA,503327,531.625,2525.0,,False
011,MEDICINA HUMANA,516316,812.125,1305.0,,False
011,MEDICINA HUMANA,500619,928.875,766.0,,False
011,MEDICINA HUMANA,518225,902.625,859.0,,False
011,MEDICINA HUMANA,505276,656.125,2085.0,,False
011,MEDICINA HUMANA,500439,449.25,2680.0,,False
011,MEDICINA HUMANA,510328,645.0,2141.0,,False
011,MEDICINA HUMANA,500180,881.5,954.0,,False
011,MEDICINA HUMANA,453726,1219.5,172.0,,False
011,MEDICINA HUMANA,505163,763.125,1552.0,,False
011,MEDICINA HUMANA,476066,723.875,1752.0,,False
011,MEDICINA HUMANA,501669,1455.875,11.0,,False
011,MEDICINA HUMANA,511000,324.875,2726.0,,False
011,MEDICINA HUMANA,506344,737.625,1668.0,,False
011,MEDICINA HUMANA,440455,777.75,1459.0,,False
011,MEDICINA HUMANA,429588,977.75,612.0,,False
011,MEDICINA HUMANA,506438,,,AUSENTE,True
011,MEDICINA HUMANA,507743,919.75,799.0,,False
011,MEDICINA HUMANA,497112,798.625,1362.0,,False
011,MEDICINA HUMANA,514110,921.125,793.0,,False
011,MEDICINA HUMANA,444644,714.0,1805.0,,False
011,MEDICINA HUMANA,518870,643.5,2151.0,,False
011,MEDICINA HUMANA,517620,901.0,871.0,,False
011,MEDICINA HUMANA,505771,557.75,2452.0,,False
011,MEDICINA HUMANA,502114,1425.625,23.0,,False
011,MEDICINA HUMANA,503892,907.0,842.0,,False
011,MEDICINA HUMANA,510950,1235.5,165.0,,False
011,MEDICINA HUMANA,502523,749.625,1622.0,,False
011,MEDICINA HUMANA,495738,880.375,966.0,,False
011,MEDICINA HUMANA,518531,717.5,1780.0,,False
011,MEDICINA HUMANA,513018,1009.375,528.0,,False
011,MEDICINA HUMANA,504362,885.625,944.0,,False
011,MEDICINA HUMANA,507884,876.375,1010.0,,False
011,MEDICINA HUMANA,506808,753.625,1601.0,,False
011,MEDICINA HUMANA,505506,594.375,2356.0,,False
011,MEDICINA HUMANA,509274,665.125,2050.0,,False
011,MEDICINA HUMANA,506671,435.5,2689.0,,False
011,MEDICINA HUMANA,505291,1110.75,322.0,,False
011,MEDICINA HUMANA,504076,617.875,2277.0,,False
011,MEDICINA HUMANA,430525,945.375,708.0,,False
011,MEDICINA HUMANA,461695,1261.75,127.0,,False
011,MEDICINA HUMANA,512371,481.25,2627.0,,False
011,MEDICINA HUMANA,512714,682.875,1962.0,,False
011,MEDICINA HUMANA,512439,643.75,2148.0,,False
011,MEDICINA HUMANA,517832,771.875,1496.0,,False
011,MEDICINA HUMANA,503375,1066.5,409.0,,False
011,MEDICINA HUMANA,507916,805.375,1334.0,,False
011,MEDICINA HUMANA,506939,1071.625,392.0,,False
011,MEDICINA HUMANA,509220,857.25,1080.0,,False
011,MEDICINA HUMANA,513574,770.75,1513.0,,False
011,MEDICINA HUMANA,500717,1100.0,348.0,,False
011,MEDICINA HUMANA,438723,666.875,2043.0,,False
011,MEDICINA HUMANA,514511,795.25,1381.0,,False
011,MEDICINA HUMANA,500689,1129.875,296.0,,False
011,MEDICINA HUMANA,472675,670.25,2022.0,,False
011,MEDICINA HUMANA,512449,702.0,1870.0,,False
011,MEDICINA HUMANA,518903,727.875,1731.0,,False
011,MEDICINA HUMANA,502410,1028.25,489.0,,False
011,MEDICINA HUMANA,500551,1349.625,63.0,,False
011,MEDICINA HUMANA,436892,880.375,965.0,,False
011,MEDICINA HUMANA,516854,677.25,1993.0,,False
011,MEDICINA HUMANA,503454,775.0,1479.0,,False
011,MEDICINA HUMANA,500858,838.125,1170.0,,False
011,MEDICINA HUMANA,506682,676.75,1996.0,,False
011,MEDICINA HUMANA,519002,1236.625,163.0,,False
011,MEDICINA HUMANA,502555,1495.25,7.0,,False
011,MEDICINA HUMANA,514281,547.125,2493.0,,False
011,MEDICINA HUMANA,500109,485.375,2615.0,,False
011,MEDICINA HUMANA,455478,1070.5,399.0,,False
011,MEDICINA HUMANA,450301,794.5,1383.0,,False
011,MEDICINA HUMANA,434575,579.25,2396.0,,False
011,MEDICINA HUMANA,504578,1161.125,235.0,,False
011,MEDICINA HUMANA,508527,1021.125,505.0,,False
011,MEDICINA HUMANA,506534,429.25,2692.0,,False
011,MEDICINA HUMANA,519107,889.875,929.0,,False
011,MEDICINA HUMANA,511763,1193.25,204.0,,False
011,MEDICINA HUMANA,501361,718.625,1775.0,,False
011,MEDICINA HUMANA,504321,681.625,1971.0,,False
011,MEDICINA HUMANA,507181,652.25,2109.0,,False
011,MEDICINA HUMANA,511557,745.375,1641.0,,False
011,MEDICINA HUMANA,517397,1098.875,349.0,,False
011,MEDICINA HUMANA,432486,856.375,1081.0,,False
011,MEDICINA HUMANA,516189,557.0,2455.0,,False
011,MEDICINA HUMANA,507481,823.125,1240.0,,False
011,MEDICINA HUMANA,514206,633.0,2195.0,,False
011,MEDICINA HUMANA,513164,692.75,1910.0,,False
011,MEDICINA HUMANA,495664,1293.0,106.0,,False
011,MEDICINA HUMANA,466331,889.625,930.0,,False
011,MEDICINA HUMANA,513438,870.375,1027.0,,False
011,MEDICINA HUMANA,508015,1149.625,263.0,,False
011,MEDICINA HUMANA,480812,476.875,2640.0,,False
011,MEDICINA HUMANA,501258,714.125,1804.0,,False
011,MEDICINA HUMANA,510204,943.125,720.0,,False
011,MEDICINA HUMANA,519069,1256.625,143.0,,False
011,MEDICINA HUMANA,505821,344.25,2724.0,,False
011,MEDICINA HUMANA,516830,640.0,2170.0,,False
011,MEDICINA HUMANA,500036,847.625,1122.0,,False
011,MEDICINA HUMANA,503092,630.125,2208.0,,False
011,MEDICINA HUMANA,475053,535.5,2520.0,,False
011,MEDICINA HUMANA,512903,1004.5,541.0,,False
011,MEDICINA HUMANA,515861,943.125,721.0,,False
011,MEDICINA HUMANA,504671,799.0,1360.0,,False
011,MEDICINA HUMANA,501908,881.5,956.0,,False
011,MEDICINA HUMANA,517759,844.875,1142.0,,False
011,MEDICINA HUMANA,515648,1129.875,295.0,,False
011,MEDICINA HUMANA,467836,1028.75,487.0,,False
011,MEDICINA HUMANA,505274,897.5,891.0,,False
011,MEDICINA HUMANA,506661,773.875,1489.0,,False
011,MEDICINA HUMANA,504322,1012.125,519.0,,False
011,MEDICINA HUMANA,517535,1108.75,331.0,,False
011,MEDICINA HUMANA,513787,678.875,1985.0,,False
011,MEDICINA HUMANA,516266,583.375,2385.0,,False
011,MEDICINA HUMANA,510663,767.375,1531.0,,False
011,MEDICINA HUMANA,504760,819.25,1262.0,,False
011,MEDICINA HUMANA,518008,763.125,1555.0,,False
011,MEDICINA HUMANA,511781,716.625,1786.0,,False
011,MEDICINA HUMANA,503187,629.125,2213.0,,False
011,MEDICINA HUMANA,504840,1146.25,268.0,,False
011,MEDICINA HUMANA,506222,803.25,1345.0,,False
011,MEDICINA HUMANA,504180,799.0,1361.0,,False
011,MEDICINA HUMANA,500325,1176.125,220.0,,False
011,MEDICINA HUMANA,512244,858.375,1076.0,,False
011,MEDICINA HUMANA,512071,1022.25,503.0,,False
011,MEDICINA HUMANA,506117,601.625,2336.0,,False
011,MEDICINA HUMANA,435318,575.875,2411.0,,False
011,MEDICINA HUMANA,518635,924.25,776.0,,False
011,MEDICINA HUMANA,505985,825.375,1231.0,,False
011,MEDICINA HUMANA,509893,938.375,741.0,,False
011,MEDICINA HUMANA,435356,755.25,1588.0,,False
011,MEDICINA HUMANA,508242,660.0,2070.0,,False
011,MEDICINA HUMANA,505719,791.875,1408.0,,False
011,MEDICINA HUMANA,504719,467.0,2655.0,,False
011,MEDICINA HUMANA,514653,960.875,655.0,,False
011,MEDICINA HUMANA,504094,801.125,1354.0,,False
011,MEDICINA HUMANA,511125,834.125,1197.0,,False
011,MEDICINA HUMANA,511789,1161.125,234.0,,False
011,MEDICINA HUMANA,511741,809.875,1315.0,,False
011,MEDICINA HUMANA,512907,446.25,2682.0,,False
011,MEDICINA HUMANA,507046,1106.75,337.0,,False
011,MEDICINA HUMANA,509720,1070.75,394.0,,False
011,MEDICINA HUMANA,508072,816.375,1275.0,,False
011,MEDICINA HUMANA,500748,685.125,1956.0,,False
011,MEDICINA HUMANA,508338,653.0,2102.0,,False
011,MEDICINA HUMANA,463624,770.75,1514.0,,False
011,MEDICINA HUMANA,502107,552.0,2474.0,,False
011,MEDICINA HUMANA,500301,935.75,749.0,,False
011,MEDICINA HUMANA,508906,745.375,1642.0,,False
011,MEDICINA HUMANA,500279,657.625,2081.0,,False
011,MEDICINA HUMANA,491884,902.0,863.0,,False
011,MEDICINA HUMANA,507508,634.375,2191.0,,False
011,MEDICINA HUMANA,512318,901.125,870.0,,False
011,MEDICINA HUMANA,510454,807.875,1328.0,,False
011,MEDICINA HUMANA,510156,703.375,1862.0,,False
011,MEDICINA HUMANA,509734,937.75,742.0,,False
011,MEDICINA HUMANA,502939,860.375,1060.0,,False
011,MEDICINA HUMANA,514979,597.75,2348.0,,False
011,MEDICINA HUMANA,511909,774.125,1487.0,,False
011,MEDICINA HUMANA,511461,843.0,1153.0,,False
011,MEDICINA HUMANA,435096,1176.125,221.0,,False
011,MEDICINA HUMANA,511631,1027.625,490.0,,False
011,MEDICINA HUMANA,513998,949.25,693.0,,False
011,MEDICINA HUMANA,486173,608.0,2317.0,,False
011,MEDICINA HUMANA,487197,703.375,1867.0,,False
011,MEDICINA HUMANA,516067,667.875,2039.0,,False
011,MEDICINA HUMANA,510520,797.75,1365.0,,False
011,MEDICINA HUMANA,430170,445.625,2683.0,,False
011,MEDICINA HUMANA,501501,813.875,1288.0,,False
011,MEDICINA HUMANA,506843,1029.875,483.0,,False
011,MEDICINA HUMANA,502451,644.75,2143.0,,False
011,MEDICINA HUMANA,507782,895.5,910.0,,False
011,MEDICINA HUMANA,500478,898.625,885.0,,False
011,MEDICINA HUMANA,434312,929.0,764.0,,False
011,MEDICINA HUMANA,508134,611.875,2305.0,,False
011,MEDICINA HUMANA,505768,548.25,2488.0,,False
011,MEDICINA HUMANA,447061,1155.0,249.0,,False
011,MEDICINA HUMANA,420766,1066.5,415.0,,False
011,MEDICINA HUMANA,507752,717.125,1784.0,,False
011,MEDICINA HUMANA,507689,1087.625,368.0,,False
011,MEDICINA HUMANA,503339,886.0,942.0,,False
011,MEDICINA HUMANA,511183,744.375,1647.0,,False
011,MEDICINA HUMANA,490413,770.75,1509.0,,False
011,MEDICINA HUMANA,508959,577.25,2402.0,,False
011,MEDICINA HUMANA,468524,661.125,2066.0,,False
011,MEDICINA HUMANA,506525,513.375,2570.0,,False
011,MEDICINA HUMANA,503455,894.625,912.0,,False
011,MEDICINA HUMANA,432733,494.0,2604.0,,False
011,MEDICINA HUMANA,506126,568.75,2425.0,,False
011,MEDICINA HUMANA,512623,671.375,2016.0,,False
011,MEDICINA HUMANA,510252,1024.25,500.0,,False
011,MEDICINA HUMANA,515836,588.25,2371.0,,False
011,MEDICINA HUMANA,489949,365.375,2719.0,,False
011,MEDICINA HUMANA,518813,855.25,1096.0,,False
011,MEDICINA HUMANA,445068,1527.25,5.0,,False
011,MEDICINA HUMANA,504004,1024.25,496.0,,False
011,MEDICINA HUMANA,503642,1047.375,450.0,,False
011,MEDICINA HUMANA,501257,781.5,1444.0,,False
011,MEDICINA HUMANA,509306,1193.25,205.0,,False
011,MEDICINA HUMANA,455235,705.0,1851.0,,False
011,MEDICINA HUMANA,501948,716.25,1791.0,,False
011,MEDICINA HUMANA,517379,898.375,886.0,,False
011,MEDICINA HUMANA,513116,998.375,567.0,,False
011,MEDICINA HUMANA,515375,865.625,1040.0,,False
011,MEDICINA HUMANA,424915,643.125,2153.0,,False
011,MEDICINA HUMANA,508636,452.875,2674.0,,False
011,MEDICINA HUMANA,518112,918.625,812.0,,False
011,MEDICINA HUMANA,509279,709.0,1831.0,,False
011,MEDICINA HUMANA,511345,805.0,1337.0,,False
011,MEDICINA HUMANA,480829,787.375,1425.0,,False
011,MEDICINA HUMANA,503227,1298.875,100.0,,False
011,MEDICINA HUMANA,507816,574.125,2417.0,,False
011,MEDICINA HUMANA,432284,1291.25,107.0,,False
011,MEDICINA HUMANA,487731,566.875,2430.0,,False
011,MEDICINA HUMANA,505953,602.25,2331.0,,False
011,MEDICINA HUMANA,465496,314.75,2728.0,,False
011,MEDICINA HUMANA,513866,465.625,2656.0,,False
011,MEDICINA HUMANA,498342,655.5,2089.0,,False
011,MEDICINA HUMANA,505854,792.625,1397.0,,False
011,MEDICINA HUMANA,508339,897.75,887.0,,False
011,MEDICINA HUMANA,514903,555.375,2463.0,,False
011,MEDICINA HUMANA,516285,638.625,2176.0,,False
011,MEDICINA HUMANA,427945,665.125,2052.0,,False
011,MEDICINA HUMANA,505129,754.125,1598.0,,False
011,MEDICINA HUMANA,509791,624.0,2240.0,,False
011,MEDICINA HUMANA,503103,729.625,1713.0,,False
011,MEDICINA HUMANA,502212,659.75,2073.0,,False
011,MEDICINA HUMANA,514660,674.25,2008.0,,False
011,MEDICINA HUMANA,516984,797.375,1367.0,,False
011,MEDICINA HUMANA,515951,713.75,1807.0,,False
011,MEDICINA HUMANA,500734,939.75,739.0,,False
011,MEDICINA HUMANA,503993,804.25,1341.0,,False
011,MEDICINA HUMANA,431676,851.25,1111.0,,False
011,MEDICINA HUMANA,508228,1030.5,482.0,,False
011,MEDICINA HUMANA,516532,1013.25,516.0,,False
011,MEDICINA HUMANA,508079,737.625,1669.0,,False
011,MEDICINA HUMANA,511490,881.5,955.0,,False
011,MEDICINA HUMANA,512401,735.5,1679.0,,False
011,MEDICINA HUMANA,506538,1118.875,308.0,,False
011,MEDICINA HUMANA,501259,820.25,1256.0,,False
011,MEDICINA HUMANA,503595,943.75,718.0,,False
011,MEDICINA HUMANA,506026,762.125,1560.0,,False
011,MEDICINA HUMANA,510814,1051.0,438.0,,False
011,MEDICINA HUMANA,501647,726.5,1738.0,,False
011,MEDICINA HUMANA,518928,1260.625,130.0,,False
011,MEDICINA HUMANA,510296,1408.5,32.0,,False
011,MEDICINA HUMANA,510559,707.375,1844.0,,False
011,MEDICINA HUMANA,496555,622.875,2248.0,,False
011,MEDICINA HUMANA,516667,823.5,1239.0,,False
011,MEDICINA HUMANA,507593,1177.25,219.0,,False
011,MEDICINA HUMANA,509664,1277.75,117.0,,False
011,MEDICINA HUMANA,505465,577.125,2403.0,,False
011,MEDICINA HUMANA,505684,919.125,800.0,,False
011,MEDICINA HUMANA,518763,855.25,1098.0,,False
011,MEDICINA HUMANA,505883,699.375,1884.0,,False
011,MEDICINA HUMANA,515824,551.25,2479.0,,False
011,MEDICINA HUMANA,509930,1320.0,83.0,,False
011,MEDICINA HUMANA,501915,1241.75,156.0,,False
011,MEDICINA HUMANA,503132,626.125,2233.0,,False
011,MEDICINA HUMANA,513047,813.0,1301.0,,False
011,MEDICINA HUMANA,422641,910.75,827.0,,False
011,MEDICINA HUMANA,507853,913.5,823.0,,False
011,MEDICINA HUMANA,507384,817.75,1266.0,,False
011,MEDICINA HUMANA,519319,1109.625,325.0,,False
011,MEDICINA HUMANA,454714,871.5,1023.0,,False
011,MEDICINA HUMANA,519762,851.25,1114.0,,False
011,MEDICINA HUMANA,505299,953.25,684.0,,False
011,MEDICINA HUMANA,502755,900.25,874.0,,False
011,MEDICINA HUMANA,462918,744.875,1645.0,,False
011,MEDICINA HUMANA,456763,1001.375,560.0,,False
011,MEDICINA HUMANA,504528,717.375,1781.0,,False
011,MEDICINA HUMANA,515067,619.125,2267.0,,False
011,MEDICINA HUMANA,516421,1316.5,85.0,,False
011,MEDICINA HUMANA,501019,835.25,1188.0,,False
011,MEDICINA HUMANA,496372,677.0,1995.0,,False
011,MEDICINA HUMANA,502738,485.125,2616.0,,False
011,MEDICINA HUMANA,508021,920.0,798.0,,False
011,MEDICINA HUMANA,514649,728.5,1725.0,,False
011,MEDICINA HUMANA,509887,626.75,2230.0,,False
011,MEDICINA HUMANA,507409,667.375,2042.0,,False
011,MEDICINA HUMANA,500941,862.75,1052.0,,False
011,MEDICINA HUMANA,504747,700.375,1878.0,,False
011,MEDICINA HUMANA,428861,678.25,1989.0,,False
011,MEDICINA HUMANA,502418,654.75,2093.0,,False
011,MEDICINA HUMANA,518259,887.125,938.0,,False
011,MEDICINA HUMANA,512886,644.75,2142.0,,False
011,MEDICINA HUMANA,511241,662.625,2060.0,,False
011,MEDICINA HUMANA,515155,876.375,1000.0,,False
011,MEDICINA HUMANA,502144,939.75,734.0,,False
011,MEDICINA HUMANA,510997,349.0,2723.0,,False
011,MEDICINA HUMANA,500592,,,AUSENTE,True
011,MEDICINA HUMANA,457606,,,AUSENTE,True
011,MEDICINA HUMANA,508627,929.875,760.0,,False
011,MEDICINA HUMANA,513939,775.5,1475.0,,False
011,MEDICINA HUMANA,511971,516.625,2564.0,,False
011,MEDICINA HUMANA,512645,584.625,2382.0,,False
011,MEDICINA HUMANA,509790,1151.0,261.0,,False
011,MEDICINA HUMANA,511697,676.125,1999.0,,False
011,MEDICINA HUMANA,514600,844.375,1145.0,,False
011,MEDICINA HUMANA,506033,845.625,1138.0,,False
011,MEDICINA HUMANA,516077,702.0,1871.0,,False
011,MEDICINA HUMANA,508901,682.125,1967.0,,False
011,MEDICINA HUMANA,505040,750.375,1616.0,,False
011,MEDICINA HUMANA,518996,876.375,1008.0,,False
011,MEDICINA HUMANA,482357,960.75,670.0,,False
011,MEDICINA HUMANA,512255,819.375,1260.0,,False
011,MEDICINA HUMANA,510183,583.375,2386.0,,False
011,MEDICINA HUMANA,518695,587.375,2374.0,,False
011,MEDICINA HUMANA,504025,766.5,1537.0,,False
011,MEDICINA HUMANA,517046,947.125,701.0,,False
011,MEDICINA HUMANA,501344,831.25,1212.0,,False
011,MEDICINA HUMANA,502210,,,AUSENTE,True
011,MEDICINA HUMANA,500321,855.5,1087.0,,False
011,MEDICINA HUMANA,509518,1048.75,447.0,,False
011,MEDICINA HUMANA,515294,865.125,1044.0,,False
011,MEDICINA HUMANA,433457,633.0,2194.0,,False
011,MEDICINA HUMANA,453204,1003.625,545.0,,False
011,MEDICINA HUMANA,507659,667.625,2040.0,,False
011,MEDICINA HUMANA,485385,560.0,2448.0,,False
011,MEDICINA HUMANA,501765,1109.875,324.0,,False
011,MEDICINA HUMANA,513042,1112.75,319.0,,False
011,MEDICINA HUMANA,518146,846.875,1135.0,,False
011,MEDICINA HUMANA,510276,679.75,1982.0,,False
011,MEDICINA HUMANA,456223,589.0,2367.0,,False
011,MEDICINA HUMANA,503434,832.375,1208.0,,False
011,MEDICINA HUMANA,484851,801.75,1352.0,,False
011,MEDICINA HUMANA,463929,684.125,1959.0,,False
011,MEDICINA HUMANA,503277,1083.625,374.0,,False
011,MEDICINA HUMANA,504548,1369.625,50.0,,False
011,MEDICINA HUMANA,500512,930.5,758.0,,False
011,MEDICINA HUMANA,474335,1049.0,446.0,,False
011,MEDICINA HUMANA,497763,808.125,1325.0,,False
011,MEDICINA HUMANA,501115,776.375,1469.0,,False
011,MEDICINA HUMANA,501877,1221.125,170.0,,False
011,MEDICINA HUMANA,513486,1091.625,361.0,,False
011,MEDICINA HUMANA,502691,735.25,1682.0,,False
011,MEDICINA HUMANA,501553,711.5,1819.0,,False
011,MEDICINA HUMANA,504766,594.125,2357.0,,False
011,MEDICINA HUMANA,515779,917.5,815.0,,False
011,MEDICINA HUMANA,512840,751.875,1609.0,,False
011,MEDICINA HUMANA,515673,638.375,2177.0,,False
011,MEDICINA HUMANA,430427,843.25,1151.0,,False
011,MEDICINA HUMANA,511320,929.0,765.0,,False
011,MEDICINA HUMANA,511385,671.625,2014.0,,False
011,MEDICINA HUMANA,467135,897.5,900.0,,False
011,MEDICINA HUMANA,519463,522.0,2547.0,,False
011,MEDICINA HUMANA,510231,873.875,1017.0,,False
011,MEDICINA HUMANA,515809,693.25,1908.0,,False
011,MEDICINA HUMANA,506445,451.625,2676.0,,False
011,MEDICINA HUMANA,515374,626.75,2227.0,,False
011,MEDICINA HUMANA,505623,847.25,1131.0,,False
011,MEDICINA HUMANA,501735,690.875,1922.0,,False
011,MEDICINA HUMANA,454933,371.625,2715.0,,False
011,MEDICINA HUMANA,515290,681.75,1970.0,,False
011,MEDICINA HUMANA,516046,900.0,876.0,,False
011,MEDICINA HUMANA,502227,405.125,2704.0,,False
011,MEDICINA HUMANA,508133,865.375,1042.0,,False
011,MEDICINA HUMANA,474407,929.875,762.0,,False
011,MEDICINA HUMANA,515211,640.375,2164.0,,False
011,MEDICINA HUMANA,450615,861.75,1056.0,,False
011,MEDICINA HUMANA,503274,714.125,1803.0,,False
011,MEDICINA HUMANA,500559,659.375,2075.0,,False
011,MEDICINA HUMANA,427464,1070.5,400.0,,False
011,MEDICINA HUMANA,454079,881.375,959.0,,False
011,MEDICINA HUMANA,507535,687.875,1935.0,,False
011,MEDICINA HUMANA,497063,550.75,2480.0,,False
011,MEDICINA HUMANA,503245,798.0,1364.0,,False
011,MEDICINA HUMANA,508535,786.125,1428.0,,False
011,MEDICINA HUMANA,500336,956.875,675.0,,False
011,MEDICINA HUMANA,518370,802.75,1349.0,,False
011,MEDICINA HUMANA,513233,671.375,2017.0,,False
011,MEDICINA HUMANA,505294,748.125,1629.0,,False
011,MEDICINA HUMANA,503617,,,AUSENTE,True
011,MEDICINA HUMANA,519028,479.75,2635.0,,False
011,MEDICINA HUMANA,500740,1049.375,444.0,,False
011,MEDICINA HUMANA,518106,674.625,2006.0,,False
011,MEDICINA HUMANA,512722,1062.5,421.0,,False
011,MEDICINA HUMANA,515376,483.25,2622.0,,False
011,MEDICINA HUMANA,502439,820.375,1254.0,,False
011,MEDICINA HUMANA,503442,698.625,1887.0,,False
011,MEDICINA HUMANA,511831,841.125,1160.0,,False
011,MEDICINA HUMANA,421823,736.375,1677.0,,False
011,MEDICINA HUMANA,516672,650.375,2119.0,,False
011,MEDICINA HUMANA,507408,644.0,2146.0,,False
011,MEDICINA HUMANA,502931,1256.625,144.0,,False
011,MEDICINA HUMANA,504690,1067.625,404.0,,False
011,MEDICINA HUMANA,513312,377.75,2712.0,,False
011,MEDICINA HUMANA,503644,918.625,813.0,,False
011,MEDICINA HUMANA,481804,731.875,1704.0,,False
011,MEDICINA HUMANA,511651,730.5,1708.0,,False
011,MEDICINA HUMANA,491194,773.25,1491.0,,False
011,MEDICINA HUMANA,509434,1133.875,281.0,,False
011,MEDICINA HUMANA,507555,636.0,2182.0,,False
011,MEDICINA HUMANA,459108,1011.0,523.0,,False
011,MEDICINA HUMANA,502110,640.0,2167.0,,False
011,MEDICINA HUMANA,518142,669.125,2030.0,,False
011,MEDICINA HUMANA,501790,813.0,1302.0,,False
011,MEDICINA HUMANA,503299,675.25,2001.0,,False
011,MEDICINA HUMANA,501403,622.0,2253.0,,False
011,MEDICINA HUMANA,512080,777.0,1462.0,,False
011,MEDICINA HUMANA,516297,941.625,724.0,,False
011,MEDICINA HUMANA,500423,741.0,1658.0,,False
011,MEDICINA HUMANA,507080,540.625,2510.0,,False
011,MEDICINA HUMANA,509903,596.25,2351.0,,False
011,MEDICINA HUMANA,500377,668.5,2037.0,,False
011,MEDICINA HUMANA,451548,775.0,1478.0,,False
011,MEDICINA HUMANA,449691,980.0,606.0,,False
011,MEDICINA HUMANA,517789,691.0,1921.0,,False
011,MEDICINA HUMANA,494080,601.75,2335.0,,False
011,MEDICINA HUMANA,518767,754.75,1594.0,,False
011,MEDICINA HUMANA,514381,642.125,2156.0,,False
011,MEDICINA HUMANA,443038,775.5,1473.0,,False
011,MEDICINA HUMANA,500226,728.375,1729.0,,False
011,MEDICINA HUMANA,511698,698.125,1888.0,,False
011,MEDICINA HUMANA,504276,960.875,666.0,,False
011,MEDICINA HUMANA,485763,515.5,2566.0,,False
011,MEDICINA HUMANA,511441,313.875,2729.0,,False
011,MEDICINA HUMANA,503652,842.25,1154.0,,False
011,MEDICINA HUMANA,516857,674.625,2005.0,,False
011,MEDICINA HUMANA,500202,640.875,2160.0,,False
011,MEDICINA HUMANA,519087,909.875,835.0,,False
011,MEDICINA HUMANA,423202,876.375,1003.0,,False
011,MEDICINA HUMANA,507314,598.875,2345.0,,False
011,MEDICINA HUMANA,502486,1277.75,118.0,,False
011,MEDICINA HUMANA,437917,1156.875,238.0,,False
011,MEDICINA HUMANA,510197,1034.5,476.0,,False
011,MEDICINA HUMANA,506775,818.125,1265.0,,False
011,MEDICINA HUMANA,508141,704.5,1856.0,,False
011,MEDICINA HUMANA,504980,586.125,2377.0,,False
011,MEDICINA HUMANA,515902,862.5,1053.0,,False
011,MEDICINA HUMANA,518640,595.0,2354.0,,False
011,MEDICINA HUMANA,505270,820.0,1257.0,,False
011,MEDICINA HUMANA,519831,766.5,1536.0,,False
011,MEDICINA HUMANA,511082,876.375,1009.0,,False
011,MEDICINA HUMANA,515993,1239.5,160.0,,False
011,MEDICINA HUMANA,515190,626.875,2226.0,,False
011,MEDICINA HUMANA,501225,636.375,2181.0,,False
011,MEDICINA HUMANA,508560,625.125,2236.0,,False
011,MEDICINA HUMANA,517739,671.875,2013.0,,False
011,MEDICINA HUMANA,427368,617.0,2283.0,,False
011,MEDICINA HUMANA,508053,907.125,841.0,,False
011,MEDICINA HUMANA,512496,780.625,1446.0,,False
011,MEDICINA HUMANA,505735,493.75,2605.0,,False
011,MEDICINA HUMANA,451087,566.5,2431.0,,False
011,MEDICINA HUMANA,506228,729.875,1710.0,,False
011,MEDICINA HUMANA,505296,789.625,1412.0,,False
011,MEDICINA HUMANA,501093,1142.25,272.0,,False
011,MEDICINA HUMANA,512534,1198.375,194.0,,False
011,MEDICINA HUMANA,500916,964.875,640.0,,False
011,MEDICINA HUMANA,514159,709.5,1829.0,,False
011,MEDICINA HUMANA,507051,628.875,2215.0,,False
011,MEDICINA HUMANA,453112,1009.375,526.0,,False
011,MEDICINA HUMANA,511113,451.375,2677.0,,False
011,MEDICINA HUMANA,510356,1341.125,70.0,,False
011,MEDICINA HUMANA,490580,475.75,2643.0,,False
011,MEDICINA HUMANA,511094,898.625,884.0,,False
011,MEDICINA HUMANA,503329,1260.625,129.0,,False
011,MEDICINA HUMANA,504959,769.0,1524.0,,False
011,MEDICINA HUMANA,440994,1009.875,525.0,,False
011,MEDICINA HUMANA,500067,755.875,1585.0,,False
011,MEDICINA HUMANA,508557,724.5,1748.0,,False
011,MEDICINA HUMANA,509694,1304.0,92.0,,False
011,MEDICINA HUMANA,513868,963.125,645.0,,False
011,MEDICINA HUMANA,502852,541.125,2507.0,,False
011,MEDICINA HUMANA,462012,759.75,1567.0,,False
011,MEDICINA HUMANA,508162,813.0,1303.0,,False
011,MEDICINA HUMANA,508673,728.5,1726.0,,False
011,MEDICINA HUMANA,436736,690.5,1925.0,,False
011,MEDICINA HUMANA,510704,1058.25,423.0,,False
011,MEDICINA HUMANA,453580,868.375,1030.0,,False
011,MEDICINA HUMANA,463674,918.625,807.0,,False
011,MEDICINA HUMANA,509083,530.0,2530.0,,False
011,MEDICINA HUMANA,512972,877.5,992.0,,False
011,MEDICINA HUMANA,508126,665.375,2049.0,,False
011,MEDICINA HUMANA,517300,585.875,2380.0,,False
011,MEDICINA HUMANA,507397,895.0,911.0,,False
011,MEDICINA HUMANA,505086,551.5,2477.0,,False
011,MEDICINA HUMANA,512678,982.0,601.0,,False
011,MEDICINA HUMANA,502553,1134.625,278.0,,False
011,MEDICINA HUMANA,510736,600.5,2341.0,,False
011,MEDICINA HUMANA,500832,883.75,947.0,,False
011,MEDICINA HUMANA,512693,585.875,2379.0,,False
011,MEDICINA HUMANA,504511,1050.5,439.0,,False
011,MEDICINA HUMANA,500163,779.5,1450.0,,False
011,MEDICINA HUMANA,516690,600.625,2340.0,,False
011,MEDICINA HUMANA,504389,662.625,2059.0,,False
011,MEDICINA HUMANA,501188,872.125,1020.0,,False
011,MEDICINA HUMANA,501975,960.875,660.0,,False
011,MEDICINA HUMANA,501018,945.625,707.0,,False
011,MEDICINA HUMANA,516602,1105.625,339.0,,False
011,MEDICINA HUMANA,484976,649.75,2121.0,,False
011,MEDICINA HUMANA,503603,819.25,1261.0,,False
011,MEDICINA HUMANA,507412,1009.375,527.0,,False
011,MEDICINA HUMANA,510260,743.25,1653.0,,False
011,MEDICINA HUMANA,501488,738.625,1665.0,,False
011,MEDICINA HUMANA,515906,901.5,865.0,,False
011,MEDICINA HUMANA,517444,877.5,988.0,,False
011,MEDICINA HUMANA,514081,777.25,1461.0,,False
011,MEDICINA HUMANA,516708,1047.875,449.0,,False
011,MEDICINA HUMANA,516450,881.5,958.0,,False
011,MEDICINA HUMANA,504457,979.75,608.0,,False
011,MEDICINA HUMANA,505183,892.125,921.0,,False
011,MEDICINA HUMANA,503130,851.25,1115.0,,False
011,MEDICINA HUMANA,512857,1005.375,539.0,,False
011,MEDICINA HUMANA,503698,907.375,840.0,,False
011,MEDICINA HUMANA,489911,707.375,1843.0,,False
011,MEDICINA HUMANA,503347,699.25,1885.0,,False
011,MEDICINA HUMANA,500676,927.125,771.0,,False
011,MEDICINA HUMANA,505473,658.375,2079.0,,False
011,MEDICINA HUMANA,438789,491.875,2609.0,,False
011,MEDICINA HUMANA,502166,686.25,1949.0,,False
011,MEDICINA HUMANA,506947,974.0,621.0,,False
011,MEDICINA HUMANA,518379,702.5,1869.0,,False
011,MEDICINA HUMANA,509483,743.75,1650.0,,False
011,MEDICINA HUMANA,422420,741.625,1654.0,,False
011,MEDICINA HUMANA,442039,783.875,1433.0,,False
011,MEDICINA HUMANA,515733,848.5,1120.0,,False
011,MEDICINA HUMANA,500744,1272.375,122.0,,False
011,MEDICINA HUMANA,432490,971.625,628.0,,False
011,MEDICINA HUMANA,517025,926.75,772.0,,False
011,MEDICINA HUMANA,503677,969.0,631.0,,False
011,MEDICINA HUMANA,510553,802.25,1351.0,,False
011,MEDICINA HUMANA,512087,1214.875,176.0,,False
011,MEDICINA HUMANA,502557,859.75,1064.0,,False
011,MEDICINA HUMANA,511210,594.875,2355.0,,False
011,MEDICINA HUMANA,497991,754.875,1592.0,,False
011,MEDICINA HUMANA,517976,722.125,1759.0,,False
011,MEDICINA HUMANA,471241,694.125,1906.0,,False
011,MEDICINA HUMANA,482035,859.25,1073.0,,False
011,MEDICINA HUMANA,504937,1362.25,58.0,,False
011,MEDICINA HUMANA,500186,923.125,784.0,,False
011,MEDICINA HUMANA,451756,749.625,1621.0,,False
011,MEDICINA HUMANA,509998,852.375,1106.0,,False
011,MEDICINA HUMANA,514985,986.0,583.0,,False
011,MEDICINA HUMANA,514439,575.875,2410.0,,False
011,MEDICINA HUMANA,514346,641.875,2157.0,,False
011,MEDICINA HUMANA,514289,757.25,1578.0,,False
011,MEDICINA HUMANA,451026,659.75,2072.0,,False
011,MEDICINA HUMANA,508876,1197.75,195.0,,False
011,MEDICINA HUMANA,499069,847.375,1127.0,,False
011,MEDICINA HUMANA,511001,587.5,2373.0,,False
011,MEDICINA HUMANA,508682,893.5,916.0,,False
011,MEDICINA HUMANA,458936,930.375,759.0,,False
011,MEDICINA HUMANA,516519,712.75,1811.0,,False
011,MEDICINA HUMANA,507101,728.625,1720.0,,False
011,MEDICINA HUMANA,500949,899.5,880.0,,False
011,MEDICINA HUMANA,509343,783.125,1435.0,,False
011,MEDICINA HUMANA,422194,1155.0,248.0,,False
011,MEDICINA HUMANA,501751,830.125,1218.0,,False
011,MEDICINA HUMANA,504243,1083.375,377.0,,False
011,MEDICINA HUMANA,516640,952.75,685.0,,False
011,MEDICINA HUMANA,516894,495.875,2599.0,,False
011,MEDICINA HUMANA,460627,841.5,1158.0,,False
011,MEDICINA HUMANA,507386,914.625,820.0,,False
011,MEDICINA HUMANA,508220,408.625,2701.0,,False
011,MEDICINA HUMANA,513509,870.625,1025.0,,False
011,MEDICINA HUMANA,512958,707.375,1838.0,,False
011,MEDICINA HUMANA,492645,503.0,2586.0,,False
011,MEDICINA HUMANA,477518,1296.0,104.0,,False
011,MEDICINA HUMANA,505240,1256.625,146.0,,False
011,MEDICINA HUMANA,506638,721.625,1764.0,,False
011,MEDICINA HUMANA,504044,758.875,1572.0,,False
011,MEDICINA HUMANA,489537,728.5,1723.0,,False
011,MEDICINA HUMANA,508526,859.75,1065.0,,False
011,MEDICINA HUMANA,507910,527.875,2533.0,,False
011,MEDICINA HUMANA,421078,1285.125,108.0,,False
011,MEDICINA HUMANA,505020,844.5,1144.0,,False
011,MEDICINA HUMANA,504958,554.875,2466.0,,False
011,MEDICINA HUMANA,513066,1049.875,443.0,,False
011,MEDICINA HUMANA,510916,696.125,1900.0,,False
011,MEDICINA HUMANA,501163,795.875,1372.0,,False
011,MEDICINA HUMANA,516809,755.875,1586.0,,False
011,MEDICINA HUMANA,516724,705.125,1850.0,,False
011,MEDICINA HUMANA,510691,350.125,2722.0,,False
011,MEDICINA HUMANA,517910,932.875,755.0,,False
011,MEDICINA HUMANA,448668,777.75,1458.0,,False
011,MEDICINA HUMANA,514625,582.75,2388.0,,False
011,MEDICINA HUMANA,514122,826.0,1229.0,,False
011,MEDICINA HUMANA,503853,707.125,1845.0,,False
011,MEDICINA HUMANA,435879,455.125,2672.0,,False
011,MEDICINA HUMANA,503571,870.375,1026.0,,False
011,MEDICINA HUMANA,506791,478.375,2638.0,,False
011,MEDICINA HUMANA,515565,631.375,2202.0,,False
011,MEDICINA HUMANA,496649,601.75,2332.0,,False
011,MEDICINA HUMANA,507119,911.625,825.0,,False
011,MEDICINA HUMANA,505940,704.5,1855.0,,False
011,MEDICINA HUMANA,516648,815.0,1284.0,,False
011,MEDICINA HUMANA,451159,960.875,657.0,,False
011,MEDICINA HUMANA,505159,975.5,616.0,,False
011,MEDICINA HUMANA,517486,,,AUSENTE,True
011,MEDICINA HUMANA,420889,530.75,2528.0,,False
011,MEDICINA HUMANA,441027,909.875,834.0,,False
011,MEDICINA HUMANA,509298,397.75,2706.0,,False
011,MEDICINA HUMANA,504737,556.375,2459.0,,False
011,MEDICINA HUMANA,501142,847.125,1132.0,,False
011,MEDICINA HUMANA,514647,847.5,1125.0,,False
011,MEDICINA HUMANA,484810,1182.875,212.0,,False
011,MEDICINA HUMANA,506114,1039.5,471.0,,False
011,MEDICINA HUMANA,507997,1285.125,109.0,,False
011,MEDICINA HUMANA,474240,961.25,654.0,,False
011,MEDICINA HUMANA,509124,745.125,1643.0,,False
011,MEDICINA HUMANA,514609,605.375,2324.0,,False
011,MEDICINA HUMANA,518738,1080.0,382.0,,False
011,MEDICINA HUMANA,505950,1003.125,551.0,,False
011,MEDICINA HUMANA,510833,1071.0,393.0,,False
011,MEDICINA HUMANA,511201,645.875,2138.0,,False
011,MEDICINA HUMANA,511764,847.0,1134.0,,False
011,MEDICINA HUMANA,515859,1027.625,491.0,,False
011,MEDICINA HUMANA,518323,876.375,1011.0,,False
011,MEDICINA HUMANA,511923,1133.875,283.0,,False
011,MEDICINA HUMANA,424084,704.75,1854.0,,False
011,MEDICINA HUMANA,433665,686.25,1943.0,,False
011,MEDICINA HUMANA,506815,715.25,1797.0,,False
011,MEDICINA HUMANA,511128,892.625,920.0,,False
011,MEDICINA HUMANA,514713,922.0,791.0,,False
011,MEDICINA HUMANA,500947,596.875,2350.0,,False
011,MEDICINA HUMANA,509297,802.5,1350.0,,False
011,MEDICINA HUMANA,519159,363.625,2720.0,,False
011,MEDICINA HUMANA,514006,619.375,2266.0,,False
011,MEDICINA HUMANA,504013,845.375,1141.0,,False
011,MEDICINA HUMANA,515001,580.625,2393.0,,False
011,MEDICINA HUMANA,505857,529.75,2531.0,,False
011,MEDICINA HUMANA,510128,773.25,1490.0,,False
011,MEDICINA HUMANA,503047,904.25,852.0,,False
011,MEDICINA HUMANA,517850,841.875,1155.0,,False
011,MEDICINA HUMANA,500345,486.75,2613.0,,False
011,MEDICINA HUMANA,519111,1304.0,93.0,,False
011,MEDICINA HUMANA,501049,796.875,1368.0,,False
011,MEDICINA HUMANA,518520,654.125,2096.0,,False
011,MEDICINA HUMANA,476514,1096.125,351.0,,False
011,MEDICINA HUMANA,501968,1164.125,233.0,,False
011,MEDICINA HUMANA,467820,753.25,1604.0,,False
011,MEDICINA HUMANA,508280,731.875,1705.0,,False
011,MEDICINA HUMANA,507376,1120.0,305.0,,False
011,MEDICINA HUMANA,518836,933.875,753.0,,False
011,MEDICINA HUMANA,519349,555.125,2464.0,,False
011,MEDICINA HUMANA,503657,666.75,2044.0,,False
011,MEDICINA HUMANA,507356,757.0,1579.0,,False
011,MEDICINA HUMANA,516448,612.375,2302.0,,False
011,MEDICINA HUMANA,511972,1427.875,22.0,,False
011,MEDICINA HUMANA,501070,830.125,1216.0,,False
011,MEDICINA HUMANA,506997,576.625,2406.0,,False
011,MEDICINA HUMANA,422629,775.25,1476.0,,False
011,MEDICINA HUMANA,493431,424.875,2695.0,,False
011,MEDICINA HUMANA,518096,725.375,1745.0,,False
011,MEDICINA HUMANA,504606,592.875,2361.0,,False
011,MEDICINA HUMANA,517957,747.875,1631.0,,False
011,MEDICINA HUMANA,514422,533.5,2523.0,,False
011,MEDICINA HUMANA,425515,1387.375,41.0,,False
011,MEDICINA HUMANA,518168,653.125,2100.0,,False
011,MEDICINA HUMANA,504669,770.75,1510.0,,False
011,MEDICINA HUMANA,508238,724.5,1750.0,,False
011,MEDICINA HUMANA,512253,718.375,1776.0,,False
011,MEDICINA HUMANA,508765,910.625,831.0,,False
011,MEDICINA HUMANA,421284,956.125,676.0,,False
011,MEDICINA HUMANA,502997,802.875,1347.0,,False
011,MEDICINA HUMANA,459384,520.25,2553.0,,False
011,MEDICINA HUMANA,506338,867.875,1034.0,,False
011,MEDICINA HUMANA,513511,1018.875,508.0,,False
011,MEDICINA HUMANA,500897,854.25,1103.0,,False
011,MEDICINA HUMANA,505675,1004.25,542.0,,False
011,MEDICINA HUMANA,435949,1048.75,448.0,,False
011,MEDICINA HUMANA,514027,1152.375,253.0,,False
011,MEDICINA HUMANA,504168,546.0,2497.0,,False
011,MEDICINA HUMANA,503419,671.375,2015.0,,False
011,MEDICINA HUMANA,509588,880.375,967.0,,False
011,MEDICINA HUMANA,500162,1165.125,232.0,,False
011,MEDICINA HUMANA,500972,563.375,2439.0,,False
011,MEDICINA HUMANA,506798,771.875,1499.0,,False
011,MEDICINA HUMANA,438024,778.375,1455.0,,False
011,MEDICINA HUMANA,502231,483.5,2621.0,,False
011,MEDICINA HUMANA,515233,553.25,2471.0,,False
011,MEDICINA HUMANA,509943,911.5,826.0,,False
011,MEDICINA HUMANA,514189,513.5,2569.0,,False
011,MEDICINA HUMANA,509014,792.75,1395.0,,False
011,MEDICINA HUMANA,501183,549.5,2485.0,,False
011,MEDICINA HUMANA,510785,1272.0,123.0,,False
011,MEDICINA HUMANA,503182,643.875,2147.0,,False
011,MEDICINA HUMANA,518365,852.125,1107.0,,False
011,MEDICINA HUMANA,506372,821.125,1250.0,,False
011,MEDICINA HUMANA,517305,561.125,2445.0,,False
011,MEDICINA HUMANA,511930,863.375,1050.0,,False
011,MEDICINA HUMANA,511378,691.5,1918.0,,False
011,MEDICINA HUMANA,515940,835.25,1189.0,,False
011,MEDICINA HUMANA,509248,963.375,642.0,,False
011,MEDICINA HUMANA,514959,665.125,2053.0,,False
011,MEDICINA HUMANA,516874,520.625,2552.0,,False
011,MEDICINA HUMANA,501933,707.375,1839.0,,False
011,MEDICINA HUMANA,429313,521.5,2549.0,,False
011,MEDICINA HUMANA,484993,634.375,2192.0,,False
011,MEDICINA HUMANA,513262,843.375,1149.0,,False
011,MEDICINA HUMANA,500790,992.125,577.0,,False
011,MEDICINA HUMANA,516834,520.0,2554.0,,False
011,MEDICINA HUMANA,508987,694.875,1904.0,,False
011,MEDICINA HUMANA,504978,897.5,888.0,,False
011,MEDICINA HUMANA,515840,488.5,2611.0,,False
011,MEDICINA HUMANA,494460,1007.5,533.0,,False
011,MEDICINA HUMANA,507934,618.875,2269.0,,False
011,MEDICINA HUMANA,512824,819.75,1259.0,,False
011,MEDICINA HUMANA,507917,696.625,1896.0,,False
011,MEDICINA HUMANA,449483,479.375,2637.0,,False
011,MEDICINA HUMANA,497848,897.125,907.0,,False
011,MEDICINA HUMANA,519183,813.0,1298.0,,False
011,MEDICINA HUMANA,501973,822.25,1241.0,,False
011,MEDICINA HUMANA,513411,864.375,1047.0,,False
011,MEDICINA HUMANA,437162,801.125,1355.0,,False
011,MEDICINA HUMANA,513183,1274.875,121.0,,False
011,MEDICINA HUMANA,504275,1066.5,408.0,,False
011,MEDICINA HUMANA,510321,1131.5,287.0,,False
011,MEDICINA HUMANA,517185,771.0,1506.0,,False
011,MEDICINA HUMANA,501623,775.25,1477.0,,False
011,MEDICINA HUMANA,505039,798.625,1363.0,,False
011,MEDICINA HUMANA,512880,1079.625,383.0,,False
011,MEDICINA HUMANA,437850,434.375,2690.0,,False
011,MEDICINA HUMANA,518456,763.875,1547.0,,False
011,MEDICINA HUMANA,511768,845.375,1139.0,,False
011,MEDICINA HUMANA,509067,769.0,1523.0,,False
011,MEDICINA HUMANA,478173,840.875,1161.0,,False
011,MEDICINA HUMANA,503951,788.625,1418.0,,False
011,MEDICINA HUMANA,507138,1193.25,206.0,,False
011,MEDICINA HUMANA,499996,826.25,1227.0,,False
011,MEDICINA HUMANA,508905,720.75,1767.0,,False
011,MEDICINA HUMANA,447809,690.125,1926.0,,False
011,MEDICINA HUMANA,449577,1016.25,512.0,,False
011,MEDICINA HUMANA,476387,610.75,2309.0,,False
011,MEDICINA HUMANA,519842,681.125,1972.0,,False
011,MEDICINA HUMANA,515724,669.75,2025.0,,False
011,MEDICINA HUMANA,501506,715.875,1794.0,,False
011,MEDICINA HUMANA,511270,684.5,1958.0,,False
011,MEDICINA HUMANA,517617,904.5,846.0,,False
011,MEDICINA HUMANA,504884,837.125,1175.0,,False
011,MEDICINA HUMANA,512615,810.125,1311.0,,False
011,MEDICINA HUMANA,500034,648.75,2126.0,,False
011,MEDICINA HUMANA,515627,982.875,597.0,,False
011,MEDICINA HUMANA,502703,721.75,1763.0,,False
011,MEDICINA HUMANA,501875,696.25,1899.0,,False
011,MEDICINA HUMANA,504397,542.875,2502.0,,False
011,MEDICINA HUMANA,516743,651.25,2115.0,,False
011,MEDICINA HUMANA,503424,1203.5,188.0,,False
011,MEDICINA HUMANA,510946,793.0,1391.0,,False
011,MEDICINA HUMANA,506805,1145.125,270.0,,False
011,MEDICINA HUMANA,517555,456.125,2669.0,,False
011,MEDICINA HUMANA,517532,960.875,659.0,,False
011,MEDICINA HUMANA,504411,832.75,1207.0,,False
011,MEDICINA HUMANA,511708,977.75,611.0,,False
011,MEDICINA HUMANA,505170,900.875,873.0,,False
011,MEDICINA HUMANA,480083,1347.375,64.0,,False
011,MEDICINA HUMANA,514661,1067.625,403.0,,False
011,MEDICINA HUMANA,512141,629.875,2209.0,,False
011,MEDICINA HUMANA,451467,711.25,1823.0,,False
011,MEDICINA HUMANA,507786,782.625,1439.0,,False
011,MEDICINA HUMANA,515314,679.875,1980.0,,False
011,MEDICINA HUMANA,421565,1112.75,318.0,,False
011,MEDICINA HUMANA,507302,613.875,2293.0,,False
011,MEDICINA HUMANA,492048,854.625,1101.0,,False
011,MEDICINA HUMANA,465954,1116.625,312.0,,False
011,MEDICINA HUMANA,516280,704.375,1858.0,,False
011,MEDICINA HUMANA,426285,1042.5,464.0,,False
011,MEDICINA HUMANA,464580,746.375,1637.0,,False
011,MEDICINA HUMANA,509932,881.375,960.0,,False
011,MEDICINA HUMANA,500048,737.5,1670.0,,False
011,MEDICINA HUMANA,509924,654.75,2094.0,,False
011,MEDICINA HUMANA,517956,1055.0,427.0,,False
011,MEDICINA HUMANA,505277,960.875,661.0,,False
011,MEDICINA HUMANA,504599,597.75,2349.0,,False
011,MEDICINA HUMANA,500888,551.5,2475.0,,False
011,MEDICINA HUMANA,503061,651.125,2116.0,,False
011,MEDICINA HUMANA,502176,828.125,1222.0,,False
011,MEDICINA HUMANA,516574,1155.5,243.0,,False
011,MEDICINA HUMANA,516673,899.75,878.0,,False
011,MEDICINA HUMANA,506869,642.25,2155.0,,False
011,MEDICINA HUMANA,507359,771.625,1500.0,,False
011,MEDICINA HUMANA,507490,716.5,1790.0,,False
011,MEDICINA HUMANA,510111,861.5,1058.0,,False
011,MEDICINA HUMANA,516037,574.75,2414.0,,False
011,MEDICINA HUMANA,430654,1270.75,124.0,,False
011,MEDICINA HUMANA,482488,770.5,1516.0,,False
011,MEDICINA HUMANA,508681,904.25,853.0,,False
011,MEDICINA HUMANA,501824,1094.375,355.0,,False
011,MEDICINA HUMANA,518530,839.75,1166.0,,False
011,MEDICINA HUMANA,515491,881.0,962.0,,False
011,MEDICINA HUMANA,504212,817.5,1267.0,,False
011,MEDICINA HUMANA,505328,1050.5,440.0,,False
011,MEDICINA HUMANA,431480,1054.5,428.0,,False
011,MEDICINA HUMANA,428192,759.25,1569.0,,False
011,MEDICINA HUMANA,469885,481.25,2628.0,,False
011,MEDICINA HUMANA,513483,718.125,1777.0,,False
011,MEDICINA HUMANA,422738,787.875,1420.0,,False
011,MEDICINA HUMANA,506841,914.625,822.0,,False
011,MEDICINA HUMANA,426868,682.25,1966.0,,False
011,MEDICINA HUMANA,511973,733.25,1694.0,,False
011,MEDICINA HUMANA,505998,995.125,571.0,,False
011,MEDICINA HUMANA,449185,317.5,2727.0,,False
011,MEDICINA HUMANA,512588,883.75,948.0,,False
011,MEDICINA HUMANA,501644,762.5,1558.0,,False
011,MEDICINA HUMANA,504909,1341.125,71.0,,False
011,MEDICINA HUMANA,501892,583.125,2387.0,,False
011,MEDICINA HUMANA,505271,1247.375,150.0,,False
011,MEDICINA HUMANA,517801,736.625,1676.0,,False
011,MEDICINA HUMANA,507035,512.25,2572.0,,False
011,MEDICINA HUMANA,511925,795.875,1377.0,,False
011,MEDICINA HUMANA,503234,729.625,1714.0,,False
011,MEDICINA HUMANA,503882,876.375,1005.0,,False
011,MEDICINA HUMANA,495233,603.875,2327.0,,False
011,MEDICINA HUMANA,506351,522.375,2546.0,,False
011,MEDICINA HUMANA,505597,669.125,2034.0,,False
011,MEDICINA HUMANA,461914,404.125,2705.0,,False
011,MEDICINA HUMANA,508644,894.25,914.0,,False
011,MEDICINA HUMANA,505730,787.625,1423.0,,False
011,MEDICINA HUMANA,512827,794.0,1386.0,,False
011,MEDICINA HUMANA,505227,1256.625,141.0,,False
011,MEDICINA HUMANA,507977,723.5,1755.0,,False
011,MEDICINA HUMANA,502113,660.25,2069.0,,False
011,MEDICINA HUMANA,513834,514.0,2568.0,,False
011,MEDICINA HUMANA,501871,1210.75,183.0,,False
011,MEDICINA HUMANA,471318,890.5,926.0,,False
011,MEDICINA HUMANA,433105,828.125,1223.0,,False
011,MEDICINA HUMANA,503069,747.625,1632.0,,False
011,MEDICINA HUMANA,503073,939.75,729.0,,False
011,MEDICINA HUMANA,502268,623.125,2245.0,,False
011,MEDICINA HUMANA,500887,956.125,677.0,,False
011,MEDICINA HUMANA,485944,782.75,1438.0,,False
011,MEDICINA HUMANA,510762,675.125,2003.0,,False
011,MEDICINA HUMANA,448132,948.5,696.0,,False
011,MEDICINA HUMANA,503573,1351.875,61.0,,False
011,MEDICINA HUMANA,514965,577.75,2398.0,,False
011,MEDICINA HUMANA,514715,835.0,1190.0,,False
011,MEDICINA HUMANA,509686,792.875,1394.0,,False
011,MEDICINA HUMANA,509739,564.625,2435.0,,False
011,MEDICINA HUMANA,512716,1003.125,552.0,,False
011,MEDICINA HUMANA,502072,923.75,782.0,,False
011,MEDICINA HUMANA,504908,1086.75,372.0,,False
011,MEDICINA HUMANA,518510,834.125,1201.0,,False
011,MEDICINA HUMANA,513235,607.875,2318.0,,False
011,MEDICINA HUMANA,502278,986.25,581.0,,False
011,MEDICINA HUMANA,508675,728.5,1724.0,,False
011,MEDICINA HUMANA,423535,1293.5,105.0,,False
011,MEDICINA HUMANA,511815,568.5,2427.0,,False
011,MEDICINA HUMANA,512090,1179.5,214.0,,False
011,MEDICINA HUMANA,505479,740.875,1659.0,,False
011,MEDICINA HUMANA,423538,1041.375,465.0,,False
011,MEDICINA HUMANA,509797,638.25,2178.0,,False
011,MEDICINA HUMANA,517544,896.5,909.0,,False
011,MEDICINA HUMANA,436921,810.375,1310.0,,False
011,MEDICINA HUMANA,479840,712.5,1813.0,,False
011,MEDICINA HUMANA,501693,1110.125,323.0,,False
011,MEDICINA HUMANA,508771,1200.625,191.0,,False
011,MEDICINA HUMANA,510284,758.0,1576.0,,False
011,MEDICINA HUMANA,514969,855.25,1092.0,,False
011,MEDICINA HUMANA,501482,643.75,2149.0,,False
011,MEDICINA HUMANA,465100,1033.375,478.0,,False
011,MEDICINA HUMANA,480992,1089.0,365.0,,False
011,MEDICINA HUMANA,501364,630.75,2204.0,,False
011,MEDICINA HUMANA,505853,1075.25,386.0,,False
011,MEDICINA HUMANA,502934,973.25,624.0,,False
011,MEDICINA HUMANA,504113,888.125,933.0,,False
011,MEDICINA HUMANA,494070,876.375,1006.0,,False
011,MEDICINA HUMANA,483916,1119.5,306.0,,False
011,MEDICINA HUMANA,512251,618.875,2272.0,,False
011,MEDICINA HUMANA,501978,,,AUSENTE,True
011,MEDICINA HUMANA,509318,772.625,1492.0,,False
011,MEDICINA HUMANA,512034,984.25,592.0,,False
011,MEDICINA HUMANA,505484,610.75,2308.0,,False
011,MEDICINA HUMANA,420550,1278.875,115.0,,False
011,MEDICINA HUMANA,442092,914.625,821.0,,False
011,MEDICINA HUMANA,511944,1083.625,375.0,,False
011,MEDICINA HUMANA,519152,865.375,1043.0,,False
011,MEDICINA HUMANA,511354,1197.25,197.0,,False
011,MEDICINA HUMANA,505322,883.125,949.0,,False
011,MEDICINA HUMANA,511669,624.5,2238.0,,False
011,MEDICINA HUMANA,519174,526.75,2535.0,,False
011,MEDICINA HUMANA,511287,1404.5,37.0,,False
011,MEDICINA HUMANA,518920,960.875,662.0,,False
011,MEDICINA HUMANA,505085,689.0,1932.0,,False
011,MEDICINA HUMANA,518171,1257.75,139.0,,False
011,MEDICINA HUMANA,505716,877.25,995.0,,False
011,MEDICINA HUMANA,512115,678.5,1988.0,,False
011,MEDICINA HUMANA,515317,859.5,1069.0,,False
011,MEDICINA HUMANA,457947,1100.625,347.0,,False
011,MEDICINA HUMANA,507525,703.375,1864.0,,False
011,MEDICINA HUMANA,493024,1416.375,27.0,,False
011,MEDICINA HUMANA,450319,672.375,2011.0,,False
011,MEDICINA HUMANA,420953,628.25,2216.0,,False
011,MEDICINA HUMANA,512467,877.5,989.0,,False
011,MEDICINA HUMANA,505242,776.375,1470.0,,False
011,MEDICINA HUMANA,506812,1151.75,256.0,,False
011,MEDICINA HUMANA,505080,799.5,1359.0,,False
011,MEDICINA HUMANA,436471,748.25,1628.0,,False
011,MEDICINA HUMANA,517318,526.25,2537.0,,False
011,MEDICINA HUMANA,456709,1052.375,433.0,,False
011,MEDICINA HUMANA,505414,963.125,648.0,,False
011,MEDICINA HUMANA,517948,616.125,2288.0,,False
011,MEDICINA HUMANA,502530,699.375,1881.0,,False
011,MEDICINA HUMANA,511876,669.125,2033.0,,False
011,MEDICINA HUMANA,503563,851.25,1112.0,,False
011,MEDICINA HUMANA,445317,475.625,2644.0,,False
011,MEDICINA HUMANA,512872,574.875,2413.0,,False
011,MEDICINA HUMANA,469661,855.5,1088.0,,False
011,MEDICINA HUMANA,506315,1277.75,119.0,,False
011,MEDICINA HUMANA,518693,836.75,1176.0,,False
011,MEDICINA HUMANA,504364,613.25,2296.0,,False
011,MEDICINA HUMANA,501925,568.375,2428.0,,False
011,MEDICINA HUMANA,517201,1134.375,279.0,,False
011,MEDICINA HUMANA,515985,1173.25,223.0,,False
011,MEDICINA HUMANA,455419,981.125,605.0,,False
011,MEDICINA HUMANA,514392,889.375,931.0,,False
011,MEDICINA HUMANA,511484,1050.375,441.0,,False
011,MEDICINA HUMANA,505255,622.875,2250.0,,False
011,MEDICINA HUMANA,505211,1038.375,472.0,,False
011,MEDICINA HUMANA,501528,759.125,1570.0,,False
011,MEDICINA HUMANA,509486,888.25,932.0,,False
011,MEDICINA HUMANA,514390,1029.375,485.0,,False
011,MEDICINA HUMANA,504784,1055.5,426.0,,False
011,MEDICINA HUMANA,509808,635.5,2185.0,,False
011,MEDICINA HUMANA,458007,809.875,1312.0,,False
011,MEDICINA HUMANA,503271,946.0,702.0,,False
011,MEDICINA HUMANA,507993,782.0,1441.0,,False
011,MEDICINA HUMANA,491085,1155.0,250.0,,False
011,MEDICINA HUMANA,511600,,,AUSENTE,True
011,MEDICINA HUMANA,472543,1177.625,218.0,,False
011,MEDICINA HUMANA,509874,781.5,1443.0,,False
011,MEDICINA HUMANA,509227,1100.75,346.0,,False
011,MEDICINA HUMANA,506303,462.625,2659.0,,False
011,MEDICINA HUMANA,511558,1260.625,133.0,,False
011,MEDICINA HUMANA,509608,960.875,667.0,,False
011,MEDICINA HUMANA,516089,1371.25,49.0,,False
011,MEDICINA HUMANA,504710,468.625,2653.0,,False
011,MEDICINA HUMANA,503308,625.125,2237.0,,False
011,MEDICINA HUMANA,484290,1063.625,420.0,,False
011,MEDICINA HUMANA,515726,1113.25,315.0,,False
011,MEDICINA HUMANA,502412,929.625,763.0,,False
011,MEDICINA HUMANA,506366,881.125,961.0,,False
011,MEDICINA HUMANA,496694,831.625,1210.0,,False
011,MEDICINA HUMANA,507251,922.625,788.0,,False
011,MEDICINA HUMANA,492926,910.625,832.0,,False
011,MEDICINA HUMANA,517162,517.0,2563.0,,False
011,MEDICINA HUMANA,505515,795.875,1375.0,,False
011,MEDICINA HUMANA,513804,986.0,585.0,,False
011,MEDICINA HUMANA,516675,1081.0,379.0,,False
011,MEDICINA HUMANA,510583,897.5,892.0,,False
011,MEDICINA HUMANA,504576,804.5,1340.0,,False
011,MEDICINA HUMANA,502461,993.875,573.0,,False
011,MEDICINA HUMANA,509674,540.75,2508.0,,False
011,MEDICINA HUMANA,508119,949.875,691.0,,False
011,MEDICINA HUMANA,504945,460.0,2663.0,,False
011,MEDICINA HUMANA,505917,805.375,1332.0,,False
011,MEDICINA HUMANA,505863,725.625,1742.0,,False
011,MEDICINA HUMANA,512351,1425.625,26.0,,False
011,MEDICINA HUMANA,506740,941.125,725.0,,False
011,MEDICINA HUMANA,519625,992.125,578.0,,False
011,MEDICINA HUMANA,517354,1316.0,86.0,,False
011,MEDICINA HUMANA,500470,923.875,778.0,,False
011,MEDICINA HUMANA,516177,1024.25,498.0,,False
011,MEDICINA HUMANA,512135,1003.125,553.0,,False
011,MEDICINA HUMANA,516486,635.75,2183.0,,False
011,MEDICINA HUMANA,514724,1413.0,29.0,,False
011,MEDICINA HUMANA,510154,821.375,1249.0,,False
011,MEDICINA HUMANA,503359,614.125,2292.0,,False
011,MEDICINA HUMANA,507335,472.375,2646.0,,False
011,MEDICINA HUMANA,512197,637.625,2179.0,,False
011,MEDICINA HUMANA,505247,881.5,957.0,,False
011,MEDICINA HUMANA,514857,851.375,1109.0,,False
011,MEDICINA HUMANA,519893,686.0,1952.0,,False
011,MEDICINA HUMANA,440423,979.125,609.0,,False
011,MEDICINA HUMANA,500080,,,AUSENTE,True
011,MEDICINA HUMANA,510935,664.5,2054.0,,False
011,MEDICINA HUMANA,504393,741.125,1657.0,,False
011,MEDICINA HUMANA,502998,1122.25,303.0,,False
011,MEDICINA HUMANA,507620,766.125,1539.0,,False
011,MEDICINA HUMANA,515991,717.25,1782.0,,False
011,MEDICINA HUMANA,473775,626.0,2234.0,,False
011,MEDICINA HUMANA,509470,887.625,936.0,,False
011,MEDICINA HUMANA,511529,815.5,1280.0,,False
011,MEDICINA HUMANA,491265,1051.625,435.0,,False
011,MEDICINA HUMANA,519022,835.5,1184.0,,False
011,MEDICINA HUMANA,516489,859.25,1071.0,,False
011,MEDICINA HUMANA,478798,763.125,1554.0,,False
011,MEDICINA HUMANA,495500,785.0,1429.0,,False
011,MEDICINA HUMANA,514950,993.25,576.0,,False
011,MEDICINA HUMANA,509159,778.875,1453.0,,False
011,MEDICINA HUMANA,506395,639.25,2174.0,,False
011,MEDICINA HUMANA,516767,575.625,2412.0,,False
011,MEDICINA HUMANA,515090,1004.25,544.0,,False
011,MEDICINA HUMANA,449707,838.125,1172.0,,False
011,MEDICINA HUMANA,485083,1433.0,16.0,,False
011,MEDICINA HUMANA,500777,746.75,1634.0,,False
011,MEDICINA HUMANA,504145,1257.75,138.0,,False
011,MEDICINA HUMANA,517994,640.375,2163.0,,False
011,MEDICINA HUMANA,515968,682.75,1963.0,,False
011,MEDICINA HUMANA,500437,877.75,985.0,,False
011,MEDICINA HUMANA,498182,670.375,2021.0,,False
011,MEDICINA HUMANA,508664,776.625,1466.0,,False
011,MEDICINA HUMANA,502178,977.5,613.0,,False
011,MEDICINA HUMANA,505966,626.625,2231.0,,False
011,MEDICINA HUMANA,515050,624.5,2239.0,,False
011,MEDICINA HUMANA,502149,1383.375,47.0,,False
011,MEDICINA HUMANA,514486,881.5,952.0,,False
011,MEDICINA HUMANA,507597,731.75,1706.0,,False
011,MEDICINA HUMANA,468392,751.5,1610.0,,False
011,MEDICINA HUMANA,507905,584.25,2383.0,,False
011,MEDICINA HUMANA,501058,508.125,2582.0,,False
011,MEDICINA HUMANA,508009,921.75,792.0,,False
011,MEDICINA HUMANA,512504,1066.75,407.0,,False
011,MEDICINA HUMANA,509815,947.625,699.0,,False
011,MEDICINA HUMANA,508712,1072.5,389.0,,False
011,MEDICINA HUMANA,456136,1302.875,94.0,,False
011,MEDICINA HUMANA,468860,711.25,1822.0,,False
011,MEDICINA HUMANA,505697,735.0,1683.0,,False
011,MEDICINA HUMANA,515194,776.875,1463.0,,False
011,MEDICINA HUMANA,514949,613.125,2298.0,,False
011,MEDICINA HUMANA,501582,1026.75,492.0,,False
011,MEDICINA HUMANA,517067,875.75,1013.0,,False
011,MEDICINA HUMANA,505729,876.875,997.0,,False
011,MEDICINA HUMANA,514855,612.125,2303.0,,False
011,MEDICINA HUMANA,502509,692.375,1914.0,,False
011,MEDICINA HUMANA,502365,774.25,1485.0,,False
011,MEDICINA HUMANA,425617,856.375,1084.0,,False
011,MEDICINA HUMANA,503240,666.25,2046.0,,False
011,MEDICINA HUMANA,505417,652.125,2110.0,,False
011,MEDICINA HUMANA,508203,767.375,1532.0,,False
011,MEDICINA HUMANA,518467,697.625,1891.0,,False
011,MEDICINA HUMANA,501695,1118.875,310.0,,False
011,MEDICINA HUMANA,489317,691.0,1920.0,,False
011,MEDICINA HUMANA,507174,816.625,1273.0,,False
011,MEDICINA HUMANA,519252,976.625,614.0,,False
011,MEDICINA HUMANA,518462,494.375,2602.0,,False
011,MEDICINA HUMANA,511117,651.0,2117.0,,False
011,MEDICINA HUMANA,436639,1244.5,153.0,,False
011,MEDICINA HUMANA,505441,561.75,2443.0,,False
011,MEDICINA HUMANA,519362,708.875,1832.0,,False
011,MEDICINA HUMANA,488480,956.0,678.0,,False
011,MEDICINA HUMANA,515289,441.625,2686.0,,False
011,MEDICINA HUMANA,497618,727.625,1732.0,,False
011,MEDICINA HUMANA,514188,834.125,1193.0,,False
011,MEDICINA HUMANA,507679,1256.625,147.0,,False
011,MEDICINA HUMANA,425062,692.5,1913.0,,False
011,MEDICINA HUMANA,514742,795.875,1376.0,,False
011,MEDICINA HUMANA,491066,680.5,1977.0,,False
011,MEDICINA HUMANA,500473,1260.625,134.0,,False
011,MEDICINA HUMANA,438312,972.125,626.0,,False
011,MEDICINA HUMANA,514725,458.625,2667.0,,False
011,MEDICINA HUMANA,518816,,,AUSENTE,True
011,MEDICINA HUMANA,511957,768.75,1525.0,,False
011,MEDICINA HUMANA,509091,766.5,1535.0,,False
011,MEDICINA HUMANA,504662,1108.75,334.0,,False
011,MEDICINA HUMANA,512042,,,AUSENTE,True
011,MEDICINA HUMANA,443592,1011.25,521.0,,False
011,MEDICINA HUMANA,502229,952.625,687.0,,False
011,MEDICINA HUMANA,509692,,,AUSENTE,True
011,MEDICINA HUMANA,507285,860.875,1059.0,,False
011,MEDICINA HUMANA,513490,599.5,2344.0,,False
011,MEDICINA HUMANA,519970,997.25,568.0,,False
011,MEDICINA HUMANA,502184,626.75,2228.0,,False
011,MEDICINA HUMANA,501546,1080.0,380.0,,False
011,MEDICINA HUMANA,513791,923.125,785.0,,False
011,MEDICINA HUMANA,507839,703.625,1861.0,,False
011,MEDICINA HUMANA,511017,753.625,1602.0,,False
011,MEDICINA HUMANA,513325,939.75,737.0,,False
011,MEDICINA HUMANA,514932,569.25,2424.0,,False
011,MEDICINA HUMANA,505975,1408.5,33.0,,False
011,MEDICINA HUMANA,507085,754.75,1596.0,,False
011,MEDICINA HUMANA,510452,613.25,2297.0,,False
011,MEDICINA HUMANA,505492,728.5,1728.0,,False
011,MEDICINA HUMANA,509671,1003.125,546.0,,False
011,MEDICINA HUMANA,515728,737.25,1672.0,,False
011,MEDICINA HUMANA,503909,469.375,2651.0,,False
011,MEDICINA HUMANA,485215,1045.375,456.0,,False
011,MEDICINA HUMANA,506846,607.25,2319.0,,False
011,MEDICINA HUMANA,505006,592.75,2362.0,,False
011,MEDICINA HUMANA,456911,734.75,1686.0,,False
011,MEDICINA HUMANA,504373,893.5,917.0,,False
011,MEDICINA HUMANA,502826,410.875,2700.0,,False
011,MEDICINA HUMANA,513098,656.75,2084.0,,False
011,MEDICINA HUMANA,517507,983.125,596.0,,False
011,MEDICINA HUMANA,517418,623.75,2242.0,,False
011,MEDICINA HUMANA,504316,1070.5,397.0,,False
011,MEDICINA HUMANA,504836,643.375,2152.0,,False
011,MEDICINA HUMANA,476595,960.875,668.0,,False
011,MEDICINA HUMANA,514428,963.125,647.0,,False
011,MEDICINA HUMANA,518022,486.125,2614.0,,False
011,MEDICINA HUMANA,515503,546.75,2494.0,,False
011,MEDICINA HUMANA,508879,886.5,941.0,,False
011,MEDICINA HUMANA,505210,763.75,1550.0,,False
011,MEDICINA HUMANA,502513,,,AUSENTE,True
011,MEDICINA HUMANA,471653,918.625,808.0,,False
011,MEDICINA HUMANA,518302,640.0,2166.0,,False
011,MEDICINA HUMANA,517261,671.25,2018.0,,False
011,MEDICINA HUMANA,506437,877.5,986.0,,False
011,MEDICINA HUMANA,502296,840.625,1163.0,,False
011,MEDICINA HUMANA,512766,973.25,623.0,,False
011,MEDICINA HUMANA,506156,808.125,1324.0,,False
011,MEDICINA HUMANA,512914,609.625,2311.0,,False
011,MEDICINA HUMANA,502197,727.375,1734.0,,False
011,MEDICINA HUMANA,516068,672.375,2012.0,,False
011,MEDICINA HUMANA,505072,641.125,2159.0,,False
011,MEDICINA HUMANA,517423,671.0,2020.0,,False
011,MEDICINA HUMANA,501746,936.625,744.0,,False
011,MEDICINA HUMANA,500107,871.625,1021.0,,False
011,MEDICINA HUMANA,514770,983.375,593.0,,False
011,MEDICINA HUMANA,502086,658.625,2077.0,,False
011,MEDICINA HUMANA,519351,877.5,990.0,,False
011,MEDICINA HUMANA,508003,1210.375,184.0,,False
011,MEDICINA HUMANA,493597,918.625,805.0,,False
011,MEDICINA HUMANA,503921,834.125,1199.0,,False
011,MEDICINA HUMANA,500104,502.875,2587.0,,False
011,MEDICINA HUMANA,506325,695.875,1901.0,,False
011,MEDICINA HUMANA,482878,632.875,2196.0,,False
011,MEDICINA HUMANA,516114,518.375,2557.0,,False
011,MEDICINA HUMANA,515239,646.75,2134.0,,False
011,MEDICINA HUMANA,501766,795.25,1382.0,,False
011,MEDICINA HUMANA,515444,954.125,680.0,,False
011,MEDICINA HUMANA,507001,1083.375,378.0,,False
011,MEDICINA HUMANA,503671,669.625,2028.0,,False
011,MEDICINA HUMANA,519293,1156.125,241.0,,False
011,MEDICINA HUMANA,501438,1129.875,291.0,,False
011,MEDICINA HUMANA,515486,655.75,2087.0,,False
011,MEDICINA HUMANA,509139,809.875,1313.0,,False
011,MEDICINA HUMANA,512977,629.125,2212.0,,False
011,MEDICINA HUMANA,496146,679.75,1981.0,,False
011,MEDICINA HUMANA,513812,948.125,698.0,,False
011,MEDICINA HUMANA,469772,809.0,1317.0,,False
011,MEDICINA HUMANA,519902,791.875,1403.0,,False
011,MEDICINA HUMANA,505486,510.125,2578.0,,False
011,MEDICINA HUMANA,517405,484.625,2617.0,,False
011,MEDICINA HUMANA,517594,834.125,1202.0,,False
011,MEDICINA HUMANA,455790,603.875,2326.0,,False
011,MEDICINA HUMANA,502910,1120.0,304.0,,False
011,MEDICINA HUMANA,519049,623.625,2243.0,,False
011,MEDICINA HUMANA,513270,900.0,877.0,,False
011,MEDICINA HUMANA,479768,1135.0,277.0,,False
011,MEDICINA HUMANA,513292,779.875,1447.0,,False
011,MEDICINA HUMANA,507968,470.625,2650.0,,False
011,MEDICINA HUMANA,504228,837.5,1174.0,,False
011,MEDICINA HUMANA,515143,754.875,1593.0,,False
011,MEDICINA HUMANA,476713,1306.75,89.0,,False
011,MEDICINA HUMANA,503326,1034.375,477.0,,False
081,MEDICINA VETERINARIA,512406,1083.625,11.0,,False
081,MEDICINA VETERINARIA,507996,724.5,114.0,,False
081,MEDICINA VETERINARIA,513648,813.0,81.0,,False
081,MEDICINA VETERINARIA,519156,597.75,202.0,,False
081,MEDICINA VETERINARIA,505741,1042.5,16.0,,False
081,MEDICINA VETERINARIA,509057,639.5,182.0,,False
081,MEDICINA VETERINARIA,519484,659.5,171.0,,False
081,MEDICINA VETERINARIA,517270,754.375,100.0,,False
081,MEDICINA VETERINARIA,514048,863.875,65.0,,False
081,MEDICINA VETERINARIA,516229,726.25,111.0,,False
081,MEDICINA VETERINARIA,515735,645.125,175.0,,False
081,MEDICINA VETERINARIA,505769,656.25,173.0,,False
081,MEDICINA VETERINARIA,508393,1029.0,20.0,,False
081,MEDICINA VETERINARIA,514169,580.625,206.0,,False
081,MEDICINA VETERINARIA,505678,676.0,159.0,,False
081,MEDICINA VETERINARIA,504763,703.125,135.0,,False
081,MEDICINA VETERINARIA,510742,524.0,228.0,,False
081,MEDICINA VETERINARIA,516401,867.375,63.0,,False
081,MEDICINA VETERINARIA,517585,754.0,101.0,,False
081,MEDICINA VETERINARIA,518806,789.5,88.0,,False
081,MEDICINA VETERINARIA,510992,665.125,169.0,,False
081,MEDICINA VETERINARIA,500881,835.25,75.0,,False
081,MEDICINA VETERINARIA,513340,549.875,219.0,,False
081,MEDICINA VETERINARIA,510554,502.25,235.0,,False
081,MEDICINA VETERINARIA,500579,457.375,245.0,,False
081,MEDICINA VETERINARIA,478058,721.125,117.0,,False
081,MEDICINA VETERINARIA,515406,561.375,214.0,,False
081,MEDICINA VETERINARIA,501456,1066.75,14.0,,False
081,MEDICINA VETERINARIA,500416,608.875,197.0,,False
081,MEDICINA VETERINARIA,507900,901.75,54.0,,False
081,MEDICINA VETERINARIA,505450,1112.75,9.0,,False
081,MEDICINA VETERINARIA,510373,688.25,153.0,,False
081,MEDICINA VETERINARIA,507012,710.5,127.0,,False
081,MEDICINA VETERINARIA,483275,754.375,99.0,,False
081,MEDICINA VETERINARIA,517554,700.25,139.0,,False
081,MEDICINA VETERINARIA,501312,616.625,192.0,,False
081,MEDICINA VETERINARIA,507883,583.125,205.0,,False
081,MEDICINA VETERINARIA,431450,693.5,148.0,,False
081,MEDICINA VETERINARIA,504699,887.5,57.0,,False
081,MEDICINA VETERINARIA,507660,1024.5,23.0,,False
081,MEDICINA VETERINARIA,516797,692.0,149.0,,False
081,MEDICINA VETERINARIA,506698,709.0,129.0,,False
081,MEDICINA VETERINARIA,494328,755.0,98.0,,False
081,MEDICINA VETERINARIA,511590,468.875,240.0,,False
081,MEDICINA VETERINARIA,517558,993.25,29.0,,False
081,MEDICINA VETERINARIA,516287,698.625,144.0,,False
081,MEDICINA VETERINARIA,516050,876.375,60.0,,False
081,MEDICINA VETERINARIA,503673,540.125,223.0,,False
081,MEDICINA VETERINARIA,512939,707.375,130.0,,False
081,MEDICINA VETERINARIA,467378,631.25,185.0,,False
081,MEDICINA VETERINARIA,503254,618.5,190.0,,False
081,MEDICINA VETERINARIA,509953,543.625,221.0,,False
081,MEDICINA VETERINARIA,518528,700.5,138.0,,False
081,MEDICINA VETERINARIA,504017,627.875,187.0,,False
081,MEDICINA VETERINARIA,445928,709.375,128.0,,False
081,MEDICINA VETERINARIA,479860,569.25,211.0,,False
081,MEDICINA VETERINARIA,505273,814.125,80.0,,False
081,MEDICINA VETERINARIA,514210,,,AUSENTE,True
081,MEDICINA VETERINARIA,507341,885.625,58.0,,False
081,MEDICINA VETERINARIA,508821,982.0,32.0,,False
081,MEDICINA VETERINARIA,514492,898.0,55.0,,False
081,MEDICINA VETERINARIA,516061,617.75,191.0,,False
081,MEDICINA VETERINARIA,497761,542.875,222.0,,False
081,MEDICINA VETERINARIA,506723,565.125,213.0,,False
081,MEDICINA VETERINARIA,507831,432.125,247.0,,False
081,MEDICINA VETERINARIA,505364,1028.25,21.0,,False
081,MEDICINA VETERINARIA,505476,861.375,67.0,,False
081,MEDICINA VETERINARIA,501106,969.75,34.0,,False
081,MEDICINA VETERINARIA,504230,1024.25,24.0,,False
081,MEDICINA VETERINARIA,507928,615.25,193.0,,False
081,MEDICINA VETERINARIA,517859,890.5,56.0,,False
081,MEDICINA VETERINARIA,510600,875.5,61.0,,False
081,MEDICINA VETERINARIA,513499,1042.5,15.0,,False
081,MEDICINA VETERINARIA,506646,771.875,93.0,,False
081,MEDICINA VETERINARIA,508724,642.25,180.0,,False
081,MEDICINA VETERINARIA,445201,1129.875,7.0,,False
081,MEDICINA VETERINARIA,502482,1039.5,17.0,,False
081,MEDICINA VETERINARIA,514212,700.0,140.0,,False
081,MEDICINA VETERINARIA,509347,790.75,87.0,,False
081,MEDICINA VETERINARIA,511717,744.25,105.0,,False
081,MEDICINA VETERINARIA,504676,1155.5,6.0,,False
081,MEDICINA VETERINARIA,508048,601.75,200.0,,False
081,MEDICINA VETERINARIA,509326,918.625,46.0,,False
081,MEDICINA VETERINARIA,470432,719.375,119.0,,False
081,MEDICINA VETERINARIA,421378,991.0,30.0,,False
081,MEDICINA VETERINARIA,517766,455.25,246.0,,False
081,MEDICINA VETERINARIA,514269,912.125,51.0,,False
081,MEDICINA VETERINARIA,502758,526.0,227.0,,False
081,MEDICINA VETERINARIA,505631,358.0,248.0,,False
081,MEDICINA VETERINARIA,513063,621.125,189.0,,False
081,MEDICINA VETERINARIA,464060,739.75,108.0,,False
081,MEDICINA VETERINARIA,511889,516.25,232.0,,False
081,MEDICINA VETERINARIA,439021,671.0,163.0,,False
081,MEDICINA VETERINARIA,500549,597.5,203.0,,False
081,MEDICINA VETERINARIA,504667,863.125,66.0,,False
081,MEDICINA VETERINARIA,507834,644.25,177.0,,False
081,MEDICINA VETERINARIA,501891,675.5,160.0,,False
081,MEDICINA VETERINARIA,474227,509.625,234.0,,False
081,MEDICINA VETERINARIA,480639,1158.875,5.0,,False
081,MEDICINA VETERINARIA,505260,684.5,155.0,,False
081,MEDICINA VETERINARIA,519233,613.625,194.0,,False
081,MEDICINA VETERINARIA,500837,668.0,166.0,,False
081,MEDICINA VETERINARIA,501947,684.25,156.0,,False
081,MEDICINA VETERINARIA,507316,714.375,121.0,,False
081,MEDICINA VETERINARIA,511882,466.875,241.0,,False
081,MEDICINA VETERINARIA,508343,779.125,91.0,,False
081,MEDICINA VETERINARIA,514916,,,AUSENTE,True
081,MEDICINA VETERINARIA,501808,986.0,31.0,,False
081,MEDICINA VETERINARIA,507025,,,AUSENTE,True
081,MEDICINA VETERINARIA,502615,290.375,249.0,,False
081,MEDICINA VETERINARIA,515310,746.25,104.0,,False
081,MEDICINA VETERINARIA,433605,703.625,134.0,,False
081,MEDICINA VETERINARIA,483996,840.0,74.0,,False
081,MEDICINA VETERINARIA,500597,463.625,243.0,,False
081,MEDICINA VETERINARIA,506136,479.125,237.0,,False
081,MEDICINA VETERINARIA,508379,697.75,145.0,,False
081,MEDICINA VETERINARIA,519350,551.5,218.0,,False
081,MEDICINA VETERINARIA,423779,610.625,195.0,,False
081,MEDICINA VETERINARIA,512396,604.125,199.0,,False
081,MEDICINA VETERINARIA,511040,713.5,122.0,,False
081,MEDICINA VETERINARIA,502528,921.125,43.0,,False
081,MEDICINA VETERINARIA,515064,706.625,131.0,,False
081,MEDICINA VETERINARIA,500683,848.75,71.0,,False
081,MEDICINA VETERINARIA,515262,567.625,212.0,,False
081,MEDICINA VETERINARIA,509757,914.625,48.0,,False
081,MEDICINA VETERINARIA,466658,726.5,110.0,,False
081,MEDICINA VETERINARIA,497874,517.25,230.0,,False
081,MEDICINA VETERINARIA,508129,931.75,41.0,,False
081,MEDICINA VETERINARIA,516807,996.0,28.0,,False
081,MEDICINA VETERINARIA,506280,952.375,38.0,,False
081,MEDICINA VETERINARIA,509661,642.0,181.0,,False
081,MEDICINA VETERINARIA,500544,912.625,50.0,,False
081,MEDICINA VETERINARIA,498503,771.875,94.0,,False
081,MEDICINA VETERINARIA,501805,916.0,47.0,,False
081,MEDICINA VETERINARIA,464283,679.75,157.0,,False
081,MEDICINA VETERINARIA,519888,918.875,44.0,,False
081,MEDICINA VETERINARIA,505502,742.5,107.0,,False
081,MEDICINA VETERINARIA,512186,699.375,142.0,,False
081,MEDICINA VETERINARIA,506725,584.0,204.0,,False
081,MEDICINA VETERINARIA,519071,951.625,39.0,,False
081,MEDICINA VETERINARIA,426403,965.625,36.0,,False
081,MEDICINA VETERINARIA,425177,539.5,224.0,,False
081,MEDICINA VETERINARIA,514560,639.375,183.0,,False
081,MEDICINA VETERINARIA,503294,848.25,72.0,,False
081,MEDICINA VETERINARIA,512206,672.5,161.0,,False
081,MEDICINA VETERINARIA,508318,787.625,89.0,,False
081,MEDICINA VETERINARIA,501420,777.125,92.0,,False
081,MEDICINA VETERINARIA,502377,941.0,40.0,,False
081,MEDICINA VETERINARIA,504875,853.75,70.0,,False
081,MEDICINA VETERINARIA,506112,715.25,120.0,,False
081,MEDICINA VETERINARIA,519793,634.5,184.0,,False
081,MEDICINA VETERINARIA,501061,625.625,188.0,,False
081,MEDICINA VETERINARIA,463648,966.75,35.0,,False
081,MEDICINA VETERINARIA,505431,732.5,109.0,,False
081,MEDICINA VETERINARIA,505574,695.875,146.0,,False
081,MEDICINA VETERINARIA,506016,800.625,84.0,,False
081,MEDICINA VETERINARIA,507688,700.0,141.0,,False
081,MEDICINA VETERINARIA,514266,779.875,90.0,,False
081,MEDICINA VETERINARIA,501536,700.875,137.0,,False
081,MEDICINA VETERINARIA,515241,1112.75,8.0,,False
081,MEDICINA VETERINARIA,515373,712.625,124.0,,False
081,MEDICINA VETERINARIA,500726,511.375,233.0,,False
081,MEDICINA VETERINARIA,434656,1070.5,13.0,,False
081,MEDICINA VETERINARIA,511092,834.125,76.0,,False
081,MEDICINA VETERINARIA,515804,667.25,167.0,,False
081,MEDICINA VETERINARIA,507488,1020.25,26.0,,False
081,MEDICINA VETERINARIA,461936,690.625,150.0,,False
081,MEDICINA VETERINARIA,508300,579.125,209.0,,False
081,MEDICINA VETERINARIA,502922,669.25,165.0,,False
081,MEDICINA VETERINARIA,519674,858.875,68.0,,False
081,MEDICINA VETERINARIA,502900,798.125,85.0,,False
081,MEDICINA VETERINARIA,502136,1080.625,12.0,,False
081,MEDICINA VETERINARIA,443937,1326.25,1.0,,False
081,MEDICINA VETERINARIA,478526,679.125,158.0,,False
081,MEDICINA VETERINARIA,470393,1034.125,18.0,,False
081,MEDICINA VETERINARIA,503998,804.375,82.0,,False
081,MEDICINA VETERINARIA,501130,918.625,45.0,,False
081,MEDICINA VETERINARIA,514586,672.375,162.0,,False
081,MEDICINA VETERINARIA,512215,1030.375,19.0,,False
081,MEDICINA VETERINARIA,518861,560.75,215.0,,False
081,MEDICINA VETERINARIA,514201,644.0,178.0,,False
081,MEDICINA VETERINARIA,499642,655.875,174.0,,False
081,MEDICINA VETERINARIA,497740,711.875,125.0,,False
081,MEDICINA VETERINARIA,516006,478.625,238.0,,False
081,MEDICINA VETERINARIA,513208,866.0,64.0,,False
081,MEDICINA VETERINARIA,506141,976.125,33.0,,False
081,MEDICINA VETERINARIA,517262,669.25,164.0,,False
081,MEDICINA VETERINARIA,512208,601.75,201.0,,False
081,MEDICINA VETERINARIA,465658,827.625,77.0,,False
081,MEDICINA VETERINARIA,507389,822.25,78.0,,False
081,MEDICINA VETERINARIA,509154,704.5,133.0,,False
081,MEDICINA VETERINARIA,508469,876.375,59.0,,False
081,MEDICINA VETERINARIA,452576,610.625,196.0,,False
081,MEDICINA VETERINARIA,493265,644.375,176.0,,False
081,MEDICINA VETERINARIA,506930,901.75,53.0,,False
081,MEDICINA VETERINARIA,451475,605.5,198.0,,False
081,MEDICINA VETERINARIA,479062,753.625,102.0,,False
081,MEDICINA VETERINARIA,500920,705.375,132.0,,False
081,MEDICINA VETERINARIA,438335,496.125,236.0,,False
081,MEDICINA VETERINARIA,515004,657.5,172.0,,False
081,MEDICINA VETERINARIA,516741,742.625,106.0,,False
081,MEDICINA VETERINARIA,513882,522.75,229.0,,False
081,MEDICINA VETERINARIA,499072,664.875,170.0,,False
081,MEDICINA VETERINARIA,516182,462.125,244.0,,False
081,MEDICINA VETERINARIA,518665,689.0,151.0,,False
081,MEDICINA VETERINARIA,501668,628.75,186.0,,False
081,MEDICINA VETERINARIA,512813,579.125,208.0,,False
081,MEDICINA VETERINARIA,519900,723.125,116.0,,False
081,MEDICINA VETERINARIA,506510,913.875,49.0,,False
081,MEDICINA VETERINARIA,422618,817.0,79.0,,False
081,MEDICINA VETERINARIA,503518,871.0,62.0,,False
081,MEDICINA VETERINARIA,436149,1108.75,10.0,,False
081,MEDICINA VETERINARIA,511187,713.5,123.0,,False
081,MEDICINA VETERINARIA,516547,855.75,69.0,,False
081,MEDICINA VETERINARIA,503583,687.875,154.0,,False
081,MEDICINA VETERINARIA,506973,698.875,143.0,,False
081,MEDICINA VETERINARIA,512365,688.75,152.0,,False
081,MEDICINA VETERINARIA,507609,767.625,95.0,,False
081,MEDICINA VETERINARIA,431449,579.75,207.0,,False
081,MEDICINA VETERINARIA,508178,755.875,97.0,,False
081,MEDICINA VETERINARIA,500648,517.25,231.0,,False
081,MEDICINA VETERINARIA,500850,724.5,115.0,,False
081,MEDICINA VETERINARIA,503783,465.0,242.0,,False
081,MEDICINA VETERINARIA,507791,793.0,86.0,,False
081,MEDICINA VETERINARIA,505021,765.375,96.0,,False
081,MEDICINA VETERINARIA,518305,929.875,42.0,,False
081,MEDICINA VETERINARIA,430011,803.375,83.0,,False
081,MEDICINA VETERINARIA,444285,531.5,226.0,,False
081,MEDICINA VETERINARIA,507750,554.25,217.0,,False
081,MEDICINA VETERINARIA,505472,725.375,113.0,,False
081,MEDICINA VETERINARIA,450604,473.25,239.0,,False
081,MEDICINA VETERINARIA,478486,1028.25,22.0,,False
081,MEDICINA VETERINARIA,500621,726.0,112.0,,False
081,MEDICINA VETERINARIA,515253,533.125,225.0,,False
081,MEDICINA VETERINARIA,511591,1021.625,25.0,,False
081,MEDICINA VETERINARIA,505619,720.375,118.0,,False
081,MEDICINA VETERINARIA,438710,1280.5,3.0,,False
081,MEDICINA VETERINARIA,508114,695.5,147.0,,False
081,MEDICINA VETERINARIA,506154,846.25,73.0,,False
081,MEDICINA VETERINARIA,514867,910.625,52.0,,False
081,MEDICINA VETERINARIA,505830,747.625,103.0,,False
081,MEDICINA VETERINARIA,453006,702.875,136.0,,False
081,MEDICINA VETERINARIA,516180,642.875,179.0,,False
081,MEDICINA VETERINARIA,512488,548.75,220.0,,False
081,MEDICINA VETERINARIA,482423,1202.25,4.0,,False
081,MEDICINA VETERINARIA,505031,573.5,210.0,,False
081,MEDICINA VETERINARIA,451829,1005.375,27.0,,False
081,MEDICINA VETERINARIA,519139,666.25,168.0,,False
081,MEDICINA VETERINARIA,504035,1313.0,2.0,,False
081,MEDICINA VETERINARIA,517371,964.875,37.0,,False
081,MEDICINA VETERINARIA,507870,710.625,126.0,,False
081,MEDICINA VETERINARIA,468823,556.625,216.0,,False
103,MICROBIOLOGÍA Y PARASITOLOGÍA,531135,971.5,3.0,,False
103,MICROBIOLOGÍA Y PARASITOLOGÍA,596506,780.0,8.0,,False
103,MICROBIOLOGÍA Y PARASITOLOGÍA,561035,791.875,6.0,,False
103,MICROBIOLOGÍA Y PARASITOLOGÍA,591065,596.625,16.0,,False
103,MICROBIOLOGÍA Y PARASITOLOGÍA,558113,809.5,5.0,,False
103,MICROBIOLOGÍA Y PARASITOLOGÍA,558041,671.25,13.0,,False
103,MICROBIOLOGÍA Y PARASITOLOGÍA,530432,629.625,15.0,,False
103,MICROBIOLOGÍA Y PARASITOLOGÍA,540935,693.25,12.0,,False
103,MICROBIOLOGÍA Y PARASITOLOGÍA,558320,1071.625,2.0,,False
103,MICROBIOLOGÍA Y PARASITOLOGÍA,592373,735.5,10.0,,False
103,MICROBIOLOGÍA Y PARASITOLOGÍA,599649,835.25,4.0,,False
103,MICROBIOLOGÍA Y PARASITOLOGÍA,529677,506.125,17.0,,False
103,MICROBIOLOGÍA Y PARASITOLOGÍA,573708,785.0,7.0,,False
103,MICROBIOLOGÍA Y PARASITOLOGÍA,542798,501.875,18.0,,False
103,MICROBIOLOGÍA Y PARASITOLOGÍA,538582,666.0,14.0,,False
103,MICROBIOLOGÍA Y PARASITOLOGÍA,574022,764.875,9.0,,False
103,MICROBIOLOGÍA Y PARASITOLOGÍA,526560,1108.75,1.0,,False
103,MICROBIOLOGÍA Y PARASITOLOGÍA,587029,701.375,11.0,,False
015,NUTRICION,500711,663.125,63.0,,False
015,NUTRICION,507991,805.375,33.0,,False
015,NUTRICION,508137,697.0,57.0,,False
015,NUTRICION,511426,939.75,16.0,,False
015,NUTRICION,487060,593.875,77.0,,False
015,NUTRICION,502321,741.625,43.0,,False
015,NUTRICION,514583,1173.25,4.0,,False
015,NUTRICION,458788,550.25,88.0,,False
015,NUTRICION,503668,1235.5,2.0,,False
015,NUTRICION,508389,725.375,52.0,,False
015,NUTRICION,509037,1143.375,5.0,,False
015,NUTRICION,506630,897.5,22.0,,False
015,NUTRICION,518274,622.0,70.0,,False
015,NUTRICION,501443,830.5,28.0,,False
015,NUTRICION,508209,460.625,101.0,,False
015,NUTRICION,518292,582.0,80.0,,False
015,NUTRICION,507286,519.125,92.0,,False
015,NUTRICION,514484,814.125,29.0,,False
015,NUTRICION,449368,605.625,75.0,,False
015,NUTRICION,452544,682.75,60.0,,False
015,NUTRICION,517203,652.625,66.0,,False
015,NUTRICION,508725,802.0,35.0,,False
015,NUTRICION,468936,1071.625,9.0,,False
015,NUTRICION,502497,752.75,41.0,,False
015,NUTRICION,517265,812.125,32.0,,False
015,NUTRICION,508116,936.375,17.0,,False
015,NUTRICION,515801,978.875,12.0,,False
015,NUTRICION,517557,1109.875,6.0,,False
015,NUTRICION,514459,1098.375,7.0,,False
015,NUTRICION,512874,720.375,54.0,,False
015,NUTRICION,506783,620.5,71.0,,False
015,NUTRICION,518678,560.0,84.0,,False
015,NUTRICION,424864,728.5,49.0,,False
015,NUTRICION,447165,556.375,85.0,,False
015,NUTRICION,512402,956.875,14.0,,False
015,NUTRICION,509197,728.5,50.0,,False
015,NUTRICION,516713,725.625,51.0,,False
015,NUTRICION,489892,715.625,55.0,,False
015,NUTRICION,510203,947.875,15.0,,False
015,NUTRICION,511383,449.625,103.0,,False
015,NUTRICION,513577,,,AUSENTE,True
015,NUTRICION,459182,741.125,44.0,,False
015,NUTRICION,505566,509.0,94.0,,False
015,NUTRICION,517436,733.0,46.0,,False
015,NUTRICION,512414,643.875,68.0,,False
015,NUTRICION,511587,813.0,31.0,,False
015,NUTRICION,509545,840.875,26.0,,False
015,NUTRICION,500195,577.75,81.0,,False
015,NUTRICION,517830,729.875,48.0,,False
015,NUTRICION,516216,480.0,98.0,,False
015,NUTRICION,508691,855.5,25.0,,False
015,NUTRICION,516430,605.375,76.0,,False
015,NUTRICION,504530,814.125,30.0,,False
015,NUTRICION,514578,902.0,21.0,,False
015,NUTRICION,501574,684.5,59.0,,False
015,NUTRICION,500925,555.25,86.0,,False
015,NUTRICION,510220,803.0,34.0,,False
015,NUTRICION,503159,607.625,74.0,,False
015,NUTRICION,511761,755.25,40.0,,False
015,NUTRICION,507738,661.375,64.0,,False
015,NUTRICION,501529,668.5,61.0,,False
015,NUTRICION,481405,663.125,62.0,,False
015,NUTRICION,513377,495.25,96.0,,False
015,NUTRICION,516350,1256.625,1.0,,False
015,NUTRICION,472566,574.5,83.0,,False
015,NUTRICION,519378,474.125,100.0,,False
015,NUTRICION,445183,903.125,20.0,,False
015,NUTRICION,456318,535.875,91.0,,False
015,NUTRICION,501147,897.5,23.0,,False
015,NUTRICION,504347,429.0,104.0,,False
015,NUTRICION,514788,1054.125,10.0,,False
015,NUTRICION,509490,693.5,58.0,,False
015,NUTRICION,517239,767.125,39.0,,False
015,NUTRICION,514374,722.0,53.0,,False
015,NUTRICION,493041,1094.125,8.0,,False
015,NUTRICION,505066,554.625,87.0,,False
015,NUTRICION,506976,799.125,36.0,,False
015,NUTRICION,493302,750.75,42.0,,False
015,NUTRICION,502442,586.25,78.0,,False
015,NUTRICION,504445,712.5,56.0,,False
015,NUTRICION,518428,547.875,89.0,,False
015,NUTRICION,511724,795.5,37.0,,False
015,NUTRICION,517714,655.25,65.0,,False
015,NUTRICION,516759,608.5,73.0,,False
015,NUTRICION,513210,923.125,18.0,,False
015,NUTRICION,501819,516.375,93.0,,False
015,NUTRICION,509092,918.625,19.0,,False
015,NUTRICION,519074,989.875,11.0,,False
015,NUTRICION,516370,964.0,13.0,,False
015,NUTRICION,501458,835.25,27.0,,False
015,NUTRICION,445166,,,AUSENTE,True
015,NUTRICION,503949,733.625,45.0,,False
015,NUTRICION,518710,577.75,82.0,,False
015,NUTRICION,506424,503.125,95.0,,False
015,NUTRICION,503507,880.375,24.0,,False
015,NUTRICION,505856,732.625,47.0,,False
015,NUTRICION,506347,449.625,102.0,,False
015,NUTRICION,501572,538.375,90.0,,False
015,NUTRICION,436027,478.875,99.0,,False
015,NUTRICION,505313,648.0,67.0,,False
015,NUTRICION,516678,640.0,69.0,,False
015,NUTRICION,516520,494.25,97.0,,False
015,NUTRICION,509302,613.5,72.0,,False
015,NUTRICION,503842,1194.375,3.0,,False
015,NUTRICION,501685,582.5,79.0,,False
015,NUTRICION,515493,785.875,38.0,,False
012,OBSTETRICIA,502492,926.0,22.0,,False
012,OBSTETRICIA,511046,748.25,91.0,,False
012,OBSTETRICIA,509459,614.875,166.0,,False
012,OBSTETRICIA,500783,703.375,110.0,,False
012,OBSTETRICIA,459748,665.625,138.0,,False
012,OBSTETRICIA,515593,637.75,156.0,,False
012,OBSTETRICIA,503972,416.5,224.0,,False
012,OBSTETRICIA,512114,654.0,146.0,,False
012,OBSTETRICIA,516389,790.125,74.0,,False
012,OBSTETRICIA,490571,691.0,118.0,,False
012,OBSTETRICIA,507231,750.75,90.0,,False
012,OBSTETRICIA,506719,586.0,175.0,,False
012,OBSTETRICIA,507749,613.0,167.0,,False
012,OBSTETRICIA,519114,917.75,25.0,,False
012,OBSTETRICIA,505688,861.75,46.0,,False
012,OBSTETRICIA,507969,678.0,126.0,,False
012,OBSTETRICIA,501289,915.0,26.0,,False
012,OBSTETRICIA,513557,617.125,165.0,,False
012,OBSTETRICIA,500698,709.625,109.0,,False
012,OBSTETRICIA,493335,593.125,173.0,,False
012,OBSTETRICIA,514410,903.125,28.0,,False
012,OBSTETRICIA,499103,585.125,176.0,,False
012,OBSTETRICIA,505228,461.875,219.0,,False
012,OBSTETRICIA,519821,421.875,222.0,,False
012,OBSTETRICIA,515296,770.75,78.0,,False
012,OBSTETRICIA,501689,759.875,82.0,,False
012,OBSTETRICIA,502746,661.5,141.0,,False
012,OBSTETRICIA,507045,672.25,131.0,,False
012,OBSTETRICIA,428473,869.875,41.0,,False
012,OBSTETRICIA,519724,754.75,86.0,,False
012,OBSTETRICIA,501806,585.125,177.0,,False
012,OBSTETRICIA,517951,816.125,63.0,,False
012,OBSTETRICIA,514934,844.875,52.0,,False
012,OBSTETRICIA,509767,248.75,228.0,,False
012,OBSTETRICIA,502951,1029.625,8.0,,False
012,OBSTETRICIA,516260,810.375,66.0,,False
012,OBSTETRICIA,505011,662.75,139.0,,False
012,OBSTETRICIA,514695,1143.375,2.0,,False
012,OBSTETRICIA,504618,717.625,103.0,,False
012,OBSTETRICIA,506000,681.5,125.0,,False
012,OBSTETRICIA,515886,677.375,128.0,,False
012,OBSTETRICIA,445927,833.25,57.0,,False
012,OBSTETRICIA,515160,951.625,16.0,,False
012,OBSTETRICIA,509200,758.0,83.0,,False
012,OBSTETRICIA,501373,893.5,32.0,,False
012,OBSTETRICIA,507560,745.625,94.0,,False
012,OBSTETRICIA,517490,889.5,33.0,,False
012,OBSTETRICIA,503190,836.875,56.0,,False
012,OBSTETRICIA,505245,675.25,130.0,,False
012,OBSTETRICIA,509069,935.5,18.0,,False
012,OBSTETRICIA,516926,838.125,55.0,,False
012,OBSTETRICIA,481181,901.5,30.0,,False
012,OBSTETRICIA,513547,647.125,151.0,,False
012,OBSTETRICIA,503336,879.75,37.0,,False
012,OBSTETRICIA,432286,661.125,142.0,,False
012,OBSTETRICIA,502616,633.0,159.0,,False
012,OBSTETRICIA,519653,850.375,51.0,,False
012,OBSTETRICIA,428620,1010.375,9.0,,False
012,OBSTETRICIA,494620,694.125,116.0,,False
012,OBSTETRICIA,505447,580.625,179.0,,False
012,OBSTETRICIA,505509,460.0,220.0,,False
012,OBSTETRICIA,508656,786.0,75.0,,False
012,OBSTETRICIA,509040,533.25,200.0,,False
012,OBSTETRICIA,516139,753.0,88.0,,False
012,OBSTETRICIA,461844,360.0,226.0,,False
012,OBSTETRICIA,519804,923.75,24.0,,False
012,OBSTETRICIA,517402,546.75,190.0,,False
012,OBSTETRICIA,447491,651.5,148.0,,False
012,OBSTETRICIA,507131,471.25,216.0,,False
012,OBSTETRICIA,508572,638.625,155.0,,False
012,OBSTETRICIA,517023,602.875,170.0,,False
012,OBSTETRICIA,509358,685.625,123.0,,False
012,OBSTETRICIA,469066,864.0,44.0,,False
012,OBSTETRICIA,502810,878.375,38.0,,False
012,OBSTETRICIA,513529,737.25,96.0,,False
012,OBSTETRICIA,507414,540.25,192.0,,False
012,OBSTETRICIA,505526,770.75,79.0,,False
012,OBSTETRICIA,510186,500.5,211.0,,False
012,OBSTETRICIA,510035,711.375,108.0,,False
012,OBSTETRICIA,516368,702.125,113.0,,False
012,OBSTETRICIA,508439,973.875,14.0,,False
012,OBSTETRICIA,514541,766.0,81.0,,False
012,OBSTETRICIA,517114,626.25,162.0,,False
012,OBSTETRICIA,514092,791.25,73.0,,False
012,OBSTETRICIA,502153,658.25,143.0,,False
012,OBSTETRICIA,515550,693.125,117.0,,False
012,OBSTETRICIA,494999,814.125,65.0,,False
012,OBSTETRICIA,502440,514.875,206.0,,False
012,OBSTETRICIA,510423,598.875,172.0,,False
012,OBSTETRICIA,510812,871.0,40.0,,False
012,OBSTETRICIA,510667,464.25,218.0,,False
012,OBSTETRICIA,507265,666.25,136.0,,False
012,OBSTETRICIA,509740,905.375,27.0,,False
012,OBSTETRICIA,508580,477.25,213.0,,False
012,OBSTETRICIA,512652,748.25,92.0,,False
012,OBSTETRICIA,490382,521.125,204.0,,False
012,OBSTETRICIA,437312,868.75,42.0,,False
012,OBSTETRICIA,506110,860.625,47.0,,False
012,OBSTETRICIA,500182,826.125,59.0,,False
012,OBSTETRICIA,518351,609.875,168.0,,False
012,OBSTETRICIA,491472,518.875,205.0,,False
012,OBSTETRICIA,503249,799.5,70.0,,False
012,OBSTETRICIA,515763,699.75,114.0,,False
012,OBSTETRICIA,514019,1087.625,6.0,,False
012,OBSTETRICIA,508372,770.5,80.0,,False
012,OBSTETRICIA,505629,368.875,225.0,,False
012,OBSTETRICIA,508255,712.75,105.0,,False
012,OBSTETRICIA,518164,559.5,185.0,,False
012,OBSTETRICIA,502248,855.25,48.0,,False
012,OBSTETRICIA,507132,925.625,23.0,,False
012,OBSTETRICIA,510180,881.5,35.0,,False
012,OBSTETRICIA,506443,538.625,194.0,,False
012,OBSTETRICIA,512242,581.75,178.0,,False
012,OBSTETRICIA,511941,646.5,152.0,,False
012,OBSTETRICIA,504951,511.25,207.0,,False
012,OBSTETRICIA,470537,662.0,140.0,,False
012,OBSTETRICIA,513757,356.125,227.0,,False
012,OBSTETRICIA,501159,590.625,174.0,,False
012,OBSTETRICIA,516499,881.375,36.0,,False
012,OBSTETRICIA,505641,535.25,198.0,,False
012,OBSTETRICIA,503831,712.5,106.0,,False
012,OBSTETRICIA,509215,809.0,67.0,,False
012,OBSTETRICIA,504971,689.25,121.0,,False
012,OBSTETRICIA,512579,807.625,68.0,,False
012,OBSTETRICIA,506920,986.0,13.0,,False
012,OBSTETRICIA,506294,1133.25,4.0,,False
012,OBSTETRICIA,515434,566.25,183.0,,False
012,OBSTETRICIA,502771,620.0,164.0,,False
012,OBSTETRICIA,503969,805.875,69.0,,False
012,OBSTETRICIA,512757,603.125,169.0,,False
012,OBSTETRICIA,511479,677.5,127.0,,False
012,OBSTETRICIA,510416,755.0,84.0,,False
012,OBSTETRICIA,511935,731.0,98.0,,False
012,OBSTETRICIA,510679,823.75,60.0,,False
012,OBSTETRICIA,504140,669.875,133.0,,False
012,OBSTETRICIA,431318,939.75,17.0,,False
012,OBSTETRICIA,517779,506.125,208.0,,False
012,OBSTETRICIA,519760,716.625,104.0,,False
012,OBSTETRICIA,468039,818.625,61.0,,False
012,OBSTETRICIA,462778,863.375,45.0,,False
012,OBSTETRICIA,516021,734.75,97.0,,False
012,OBSTETRICIA,460872,642.0,153.0,,False
012,OBSTETRICIA,507109,872.375,39.0,,False
012,OBSTETRICIA,503766,816.875,62.0,,False
012,OBSTETRICIA,486470,754.75,87.0,,False
012,OBSTETRICIA,506804,539.625,193.0,,False
012,OBSTETRICIA,502688,751.25,89.0,,False
012,OBSTETRICIA,507482,631.0,160.0,,False
012,OBSTETRICIA,501554,1179.5,1.0,,False
012,OBSTETRICIA,428565,747.625,93.0,,False
012,OBSTETRICIA,512660,559.625,184.0,,False
012,OBSTETRICIA,514309,1003.125,10.0,,False
012,OBSTETRICIA,511606,501.5,210.0,,False
012,OBSTETRICIA,514007,654.125,145.0,,False
012,OBSTETRICIA,510620,1133.875,3.0,,False
012,OBSTETRICIA,511873,547.625,189.0,,False
012,OBSTETRICIA,509831,827.0,58.0,,False
012,OBSTETRICIA,507176,987.625,12.0,,False
012,OBSTETRICIA,502584,,,AUSENTE,True
012,OBSTETRICIA,504781,647.875,150.0,,False
012,OBSTETRICIA,438074,929.625,20.0,,False
012,OBSTETRICIA,502165,690.75,119.0,,False
012,OBSTETRICIA,471633,995.5,11.0,,False
012,OBSTETRICIA,515385,703.125,111.0,,False
012,OBSTETRICIA,509858,867.875,43.0,,False
012,OBSTETRICIA,510090,853.125,50.0,,False
012,OBSTETRICIA,513329,566.75,182.0,,False
012,OBSTETRICIA,503028,628.0,161.0,,False
012,OBSTETRICIA,515988,725.625,102.0,,False
012,OBSTETRICIA,514995,957.75,15.0,,False
012,OBSTETRICIA,507069,621.125,163.0,,False
012,OBSTETRICIA,514681,728.5,101.0,,False
012,OBSTETRICIA,518346,521.125,203.0,,False
012,OBSTETRICIA,510393,431.0,221.0,,False
012,OBSTETRICIA,469285,665.875,137.0,,False
012,OBSTETRICIA,509365,602.875,171.0,,False
012,OBSTETRICIA,501804,558.625,186.0,,False
012,OBSTETRICIA,510071,421.625,223.0,,False
012,OBSTETRICIA,506272,711.375,107.0,,False
012,OBSTETRICIA,518562,569.125,181.0,,False
012,OBSTETRICIA,505944,687.125,122.0,,False
012,OBSTETRICIA,448271,551.5,188.0,,False
012,OBSTETRICIA,439878,1041.125,7.0,,False
012,OBSTETRICIA,516415,654.875,144.0,,False
012,OBSTETRICIA,449822,685.375,124.0,,False
012,OBSTETRICIA,501129,500.375,212.0,,False
012,OBSTETRICIA,501429,844.625,53.0,,False
012,OBSTETRICIA,518178,653.25,147.0,,False
012,OBSTETRICIA,500225,886.0,34.0,,False
012,OBSTETRICIA,505349,1089.875,5.0,,False
012,OBSTETRICIA,507108,855.0,49.0,,False
012,OBSTETRICIA,507165,537.0,196.0,,False
012,OBSTETRICIA,494082,466.5,217.0,,False
012,OBSTETRICIA,519030,472.375,215.0,,False
012,OBSTETRICIA,504107,728.75,100.0,,False
012,OBSTETRICIA,501120,774.875,77.0,,False
012,OBSTETRICIA,515526,525.0,202.0,,False
012,OBSTETRICIA,514652,755.0,85.0,,False
012,OBSTETRICIA,510563,637.125,157.0,,False
012,OBSTETRICIA,507830,536.625,197.0,,False
012,OBSTETRICIA,519580,935.5,19.0,,False
012,OBSTETRICIA,507608,505.125,209.0,,False
012,OBSTETRICIA,496228,929.375,21.0,,False
012,OBSTETRICIA,496630,546.25,191.0,,False
012,OBSTETRICIA,428985,778.125,76.0,,False
012,OBSTETRICIA,504225,676.5,129.0,,False
012,OBSTETRICIA,505137,799.25,71.0,,False
012,OBSTETRICIA,505525,556.5,187.0,,False
012,OBSTETRICIA,487768,666.5,135.0,,False
012,OBSTETRICIA,506062,729.0,99.0,,False
012,OBSTETRICIA,514052,696.125,115.0,,False
012,OBSTETRICIA,502821,651.375,149.0,,False
012,OBSTETRICIA,516253,690.5,120.0,,False
012,OBSTETRICIA,501856,902.0,29.0,,False
012,OBSTETRICIA,430896,671.0,132.0,,False
012,OBSTETRICIA,481523,741.5,95.0,,False
012,OBSTETRICIA,509839,793.0,72.0,,False
012,OBSTETRICIA,514190,815.25,64.0,,False
012,OBSTETRICIA,500668,702.5,112.0,,False
012,OBSTETRICIA,505617,898.875,31.0,,False
012,OBSTETRICIA,513184,839.75,54.0,,False
012,OBSTETRICIA,501299,635.375,158.0,,False
012,OBSTETRICIA,504788,666.75,134.0,,False
012,OBSTETRICIA,509304,529.125,201.0,,False
012,OBSTETRICIA,518254,538.375,195.0,,False
012,OBSTETRICIA,510010,573.125,180.0,,False
012,OBSTETRICIA,511553,472.875,214.0,,False
012,OBSTETRICIA,519494,638.875,154.0,,False
012,OBSTETRICIA,507875,533.75,199.0,,False
051,ODONTOLOGÍA,501274,525.0,212.0,,False
051,ODONTOLOGÍA,503953,675.0,148.0,,False
051,ODONTOLOGÍA,516059,349.375,246.0,,False
051,ODONTOLOGÍA,504336,655.5,158.0,,False
051,ODONTOLOGÍA,509850,973.375,32.0,,False
051,ODONTOLOGÍA,511459,563.125,201.0,,False
051,ODONTOLOGÍA,507854,583.375,192.0,,False
051,ODONTOLOGÍA,504743,569.0,196.0,,False
051,ODONTOLOGÍA,517674,509.875,218.0,,False
051,ODONTOLOGÍA,453747,638.875,165.0,,False
051,ODONTOLOGÍA,508512,380.125,243.0,,False
051,ODONTOLOGÍA,507239,909.875,50.0,,False
051,ODONTOLOGÍA,504901,960.875,34.0,,False
051,ODONTOLOGÍA,501415,823.125,71.0,,False
051,ODONTOLOGÍA,517002,675.375,147.0,,False
051,ODONTOLOGÍA,514231,751.875,103.0,,False
051,ODONTOLOGÍA,508893,511.0,217.0,,False
051,ODONTOLOGÍA,468078,467.625,233.0,,False
051,ODONTOLOGÍA,504488,586.25,188.0,,False
051,ODONTOLOGÍA,510134,658.75,156.0,,False
051,ODONTOLOGÍA,488328,613.0,177.0,,False
051,ODONTOLOGÍA,505237,690.125,134.0,,False
051,ODONTOLOGÍA,509312,620.375,173.0,,False
051,ODONTOLOGÍA,515485,698.25,131.0,,False
051,ODONTOLOGÍA,510389,759.125,98.0,,False
051,ODONTOLOGÍA,510162,1219.5,2.0,,False
051,ODONTOLOGÍA,504386,443.125,237.0,,False
051,ODONTOLOGÍA,513435,898.625,53.0,,False
051,ODONTOLOGÍA,485741,670.125,150.0,,False
051,ODONTOLOGÍA,511850,494.375,226.0,,False
051,ODONTOLOGÍA,516442,632.375,168.0,,False
051,ODONTOLOGÍA,509488,1024.25,22.0,,False
051,ODONTOLOGÍA,515818,805.0,79.0,,False
051,ODONTOLOGÍA,507539,811.875,77.0,,False
051,ODONTOLOGÍA,510413,554.125,204.0,,False
051,ODONTOLOGÍA,506977,560.25,202.0,,False
051,ODONTOLOGÍA,513994,754.125,100.0,,False
051,ODONTOLOGÍA,511555,468.5,232.0,,False
051,ODONTOLOGÍA,519415,749.375,104.0,,False
051,ODONTOLOGÍA,473658,700.0,128.0,,False
051,ODONTOLOGÍA,496836,627.125,170.0,,False
051,ODONTOLOGÍA,507363,475.75,229.0,,False
051,ODONTOLOGÍA,467228,621.625,172.0,,False
051,ODONTOLOGÍA,503485,641.75,163.0,,False
051,ODONTOLOGÍA,503180,665.125,153.0,,False
051,ODONTOLOGÍA,517627,861.5,60.0,,False
051,ODONTOLOGÍA,502111,1092.75,11.0,,False
051,ODONTOLOGÍA,501555,606.75,180.0,,False
051,ODONTOLOGÍA,471187,897.5,55.0,,False
051,ODONTOLOGÍA,509373,705.875,127.0,,False
051,ODONTOLOGÍA,508598,988.25,29.0,,False
051,ODONTOLOGÍA,500362,754.375,99.0,,False
051,ODONTOLOGÍA,518496,747.0,108.0,,False
051,ODONTOLOGÍA,508308,694.125,133.0,,False
051,ODONTOLOGÍA,512883,821.375,72.0,,False
051,ODONTOLOGÍA,517044,709.875,123.0,,False
051,ODONTOLOGÍA,515123,802.0,81.0,,False
051,ODONTOLOGÍA,502619,504.875,220.0,,False
051,ODONTOLOGÍA,509060,960.875,35.0,,False
051,ODONTOLOGÍA,509975,636.375,166.0,,False
051,ODONTOLOGÍA,517102,547.5,207.0,,False
051,ODONTOLOGÍA,514303,427.25,239.0,,False
051,ODONTOLOGÍA,506765,728.5,119.0,,False
051,ODONTOLOGÍA,500259,986.0,30.0,,False
051,ODONTOLOGÍA,508050,459.0,234.0,,False
051,ODONTOLOGÍA,503025,577.875,193.0,,False
051,ODONTOLOGÍA,510927,613.5,175.0,,False
051,ODONTOLOGÍA,514832,812.625,76.0,,False
051,ODONTOLOGÍA,510593,792.125,84.0,,False
051,ODONTOLOGÍA,504295,771.25,93.0,,False
051,ODONTOLOGÍA,446730,685.125,140.0,,False
051,ODONTOLOGÍA,517081,652.5,160.0,,False
051,ODONTOLOGÍA,448068,573.25,195.0,,False
051,ODONTOLOGÍA,511623,736.625,116.0,,False
051,ODONTOLOGÍA,511756,678.5,142.0,,False
051,ODONTOLOGÍA,513530,446.5,235.0,,False
051,ODONTOLOGÍA,514854,633.875,167.0,,False
051,ODONTOLOGÍA,427914,1189.25,3.0,,False
051,ODONTOLOGÍA,494919,491.0,227.0,,False
051,ODONTOLOGÍA,518982,743.25,113.0,,False
051,ODONTOLOGÍA,504156,412.125,241.0,,False
051,ODONTOLOGÍA,500198,1047.0,17.0,,False
051,ODONTOLOGÍA,519077,1150.375,7.0,,False
051,ODONTOLOGÍA,513352,944.5,39.0,,False
051,ODONTOLOGÍA,504557,1003.125,26.0,,False
051,ODONTOLOGÍA,504897,935.75,41.0,,False
051,ODONTOLOGÍA,501726,661.5,155.0,,False
051,ODONTOLOGÍA,503782,784.125,87.0,,False
051,ODONTOLOGÍA,504174,645.25,162.0,,False
051,ODONTOLOGÍA,516883,658.25,157.0,,False
051,ODONTOLOGÍA,501294,766.75,96.0,,False
051,ODONTOLOGÍA,506134,831.25,68.0,,False
051,ODONTOLOGÍA,509455,519.625,213.0,,False
051,ODONTOLOGÍA,517178,709.25,124.0,,False
051,ODONTOLOGÍA,501503,1041.625,18.0,,False
051,ODONTOLOGÍA,505849,1049.375,16.0,,False
051,ODONTOLOGÍA,508948,766.5,97.0,,False
051,ODONTOLOGÍA,512763,370.5,245.0,,False
051,ODONTOLOGÍA,478908,602.0,181.0,,False
051,ODONTOLOGÍA,490916,810.5,78.0,,False
051,ODONTOLOGÍA,505269,676.875,144.0,,False
051,ODONTOLOGÍA,514430,591.0,185.0,,False
051,ODONTOLOGÍA,501323,772.375,91.0,,False
051,ODONTOLOGÍA,517129,613.0,176.0,,False
051,ODONTOLOGÍA,515133,1055.5,15.0,,False
051,ODONTOLOGÍA,509319,710.5,121.0,,False
051,ODONTOLOGÍA,474421,734.375,118.0,,False
051,ODONTOLOGÍA,505233,676.5,145.0,,False
051,ODONTOLOGÍA,501366,498.25,222.0,,False
051,ODONTOLOGÍA,465381,1028.25,21.0,,False
051,ODONTOLOGÍA,425693,830.125,70.0,,False
051,ODONTOLOGÍA,443734,1013.25,24.0,,False
051,ODONTOLOGÍA,448871,706.5,126.0,,False
051,ODONTOLOGÍA,517550,1151.0,6.0,,False
051,ODONTOLOGÍA,428026,1071.625,14.0,,False
051,ODONTOLOGÍA,502719,508.75,219.0,,False
051,ODONTOLOGÍA,490431,747.625,106.0,,False
051,ODONTOLOGÍA,504714,630.25,169.0,,False
051,ODONTOLOGÍA,511837,962.0,33.0,,False
051,ODONTOLOGÍA,515839,567.25,198.0,,False
051,ODONTOLOGÍA,501218,671.0,149.0,,False
051,ODONTOLOGÍA,512621,925.375,44.0,,False
051,ODONTOLOGÍA,509654,513.75,215.0,,False
051,ODONTOLOGÍA,509891,776.375,88.0,,False
051,ODONTOLOGÍA,505876,496.375,223.0,,False
051,ODONTOLOGÍA,504127,943.75,40.0,,False
051,ODONTOLOGÍA,502675,500.125,221.0,,False
051,ODONTOLOGÍA,504827,813.75,74.0,,False
051,ODONTOLOGÍA,501288,583.5,191.0,,False
051,ODONTOLOGÍA,506348,876.375,59.0,,False
051,ODONTOLOGÍA,519171,897.5,54.0,,False
051,ODONTOLOGÍA,511039,1129.875,8.0,,False
051,ODONTOLOGÍA,516001,699.125,130.0,,False
051,ODONTOLOGÍA,509630,663.375,154.0,,False
051,ODONTOLOGÍA,506094,682.25,141.0,,False
051,ODONTOLOGÍA,504839,840.25,64.0,,False
051,ODONTOLOGÍA,509495,665.125,152.0,,False
051,ODONTOLOGÍA,505076,934.375,43.0,,False
051,ODONTOLOGÍA,508094,836.0,67.0,,False
051,ODONTOLOGÍA,511704,695.375,132.0,,False
051,ODONTOLOGÍA,519599,796.625,83.0,,False
051,ODONTOLOGÍA,517326,1093.875,10.0,,False
051,ODONTOLOGÍA,513201,609.0,178.0,,False
051,ODONTOLOGÍA,509005,652.625,159.0,,False
051,ODONTOLOGÍA,515415,951.5,38.0,,False
051,ODONTOLOGÍA,505231,687.375,138.0,,False
051,ODONTOLOGÍA,509228,923.75,45.0,,False
051,ODONTOLOGÍA,472356,699.125,129.0,,False
051,ODONTOLOGÍA,422867,918.625,46.0,,False
051,ODONTOLOGÍA,502356,532.75,211.0,,False
051,ODONTOLOGÍA,502159,803.75,80.0,,False
051,ODONTOLOGÍA,515619,494.375,225.0,,False
051,ODONTOLOGÍA,513135,772.0,92.0,,False
051,ODONTOLOGÍA,513763,774.75,89.0,,False
051,ODONTOLOGÍA,514490,1171.875,5.0,,False
051,ODONTOLOGÍA,504290,688.5,136.0,,False
051,ODONTOLOGÍA,481924,471.0,231.0,,False
051,ODONTOLOGÍA,507062,846.875,62.0,,False
051,ODONTOLOGÍA,516236,1176.125,4.0,,False
051,ODONTOLOGÍA,446644,745.875,111.0,,False
051,ODONTOLOGÍA,504038,736.375,117.0,,False
051,ODONTOLOGÍA,474416,533.5,210.0,,False
051,ODONTOLOGÍA,501041,1028.5,20.0,,False
051,ODONTOLOGÍA,507874,1020.25,23.0,,False
051,ODONTOLOGÍA,504652,918.25,47.0,,False
051,ODONTOLOGÍA,503178,707.375,125.0,,False
051,ODONTOLOGÍA,515438,989.625,28.0,,False
051,ODONTOLOGÍA,502786,598.625,184.0,,False
051,ODONTOLOGÍA,503229,1109.875,9.0,,False
051,ODONTOLOGÍA,424264,838.125,66.0,,False
051,ODONTOLOGÍA,508667,1072.75,13.0,,False
051,ODONTOLOGÍA,501563,587.375,186.0,,False
051,ODONTOLOGÍA,505485,916.625,49.0,,False
051,ODONTOLOGÍA,422443,917.25,48.0,,False
051,ODONTOLOGÍA,504136,568.75,197.0,,False
051,ODONTOLOGÍA,421135,766.75,95.0,,False
051,ODONTOLOGÍA,517175,516.125,214.0,,False
051,ODONTOLOGÍA,505205,541.125,209.0,,False
051,ODONTOLOGÍA,510064,1236.625,1.0,,False
051,ODONTOLOGÍA,512053,608.75,179.0,,False
051,ODONTOLOGÍA,513747,,,AUSENTE,True
051,ODONTOLOGÍA,514297,994.625,27.0,,False
051,ODONTOLOGÍA,508828,638.875,164.0,,False
051,ODONTOLOGÍA,504036,818.125,73.0,,False
051,ODONTOLOGÍA,518815,737.625,115.0,,False
051,ODONTOLOGÍA,518961,485.75,228.0,,False
051,ODONTOLOGÍA,517570,723.625,120.0,,False
051,ODONTOLOGÍA,506999,831.0,69.0,,False
051,ODONTOLOGÍA,515596,419.5,240.0,,False
051,ODONTOLOGÍA,515480,956.0,37.0,,False
051,ODONTOLOGÍA,504813,566.125,199.0,,False
051,ODONTOLOGÍA,506234,371.625,244.0,,False
051,ODONTOLOGÍA,500840,748.5,105.0,,False
051,ODONTOLOGÍA,516459,860.375,61.0,,False
051,ODONTOLOGÍA,506197,675.5,146.0,,False
051,ODONTOLOGÍA,514592,586.875,187.0,,False
051,ODONTOLOGÍA,480474,813.0,75.0,,False
051,ODONTOLOGÍA,507801,626.875,171.0,,False
051,ODONTOLOGÍA,484519,474.625,230.0,,False
051,ODONTOLOGÍA,512884,556.0,203.0,,False
051,ODONTOLOGÍA,501648,772.75,90.0,,False
051,ODONTOLOGÍA,514905,787.125,85.0,,False
051,ODONTOLOGÍA,505119,575.5,194.0,,False
051,ODONTOLOGÍA,502768,801.0,82.0,,False
051,ODONTOLOGÍA,500628,1011.0,25.0,,False
051,ODONTOLOGÍA,502576,842.25,63.0,,False
051,ODONTOLOGÍA,507418,885.5,57.0,,False
051,ODONTOLOGÍA,510971,686.5,139.0,,False
051,ODONTOLOGÍA,503222,495.5,224.0,,False
051,ODONTOLOGÍA,490282,753.25,102.0,,False
051,ODONTOLOGÍA,515741,753.625,101.0,,False
051,ODONTOLOGÍA,516410,551.875,205.0,,False
051,ODONTOLOGÍA,507155,548.125,206.0,,False
051,ODONTOLOGÍA,516644,511.75,216.0,,False
051,ODONTOLOGÍA,454062,984.25,31.0,,False
051,ODONTOLOGÍA,512020,906.5,51.0,,False
051,ODONTOLOGÍA,508638,1081.0,12.0,,False
051,ODONTOLOGÍA,518071,397.25,242.0,,False
051,ODONTOLOGÍA,514891,600.0,182.0,,False
051,ODONTOLOGÍA,511905,619.625,174.0,,False
051,ODONTOLOGÍA,471820,746.5,110.0,,False
051,ODONTOLOGÍA,501663,934.875,42.0,,False
051,ODONTOLOGÍA,509697,746.75,109.0,,False
051,ODONTOLOGÍA,499924,741.0,114.0,,False
051,ODONTOLOGÍA,515691,647.625,161.0,,False
051,ODONTOLOGÍA,502109,1032.125,19.0,,False
051,ODONTOLOGÍA,509201,688.125,137.0,,False
051,ODONTOLOGÍA,464934,678.25,143.0,,False
051,ODONTOLOGÍA,509882,688.75,135.0,,False
051,ODONTOLOGÍA,514273,598.875,183.0,,False
051,ODONTOLOGÍA,512346,584.5,190.0,,False
051,ODONTOLOGÍA,509727,427.375,238.0,,False
051,ODONTOLOGÍA,510229,710.125,122.0,,False
051,ODONTOLOGÍA,460837,899.375,52.0,,False
051,ODONTOLOGÍA,508604,784.5,86.0,,False
051,ODONTOLOGÍA,504624,743.375,112.0,,False
051,ODONTOLOGÍA,484809,838.625,65.0,,False
051,ODONTOLOGÍA,503372,443.5,236.0,,False
051,ODONTOLOGÍA,505650,747.375,107.0,,False
051,ODONTOLOGÍA,479190,771.0,94.0,,False
051,ODONTOLOGÍA,510187,565.5,200.0,,False
051,ODONTOLOGÍA,500786,669.625,151.0,,False
051,ODONTOLOGÍA,501246,956.875,36.0,,False
051,ODONTOLOGÍA,457099,895.0,56.0,,False
051,ODONTOLOGÍA,504997,586.0,189.0,,False
051,ODONTOLOGÍA,503417,880.0,58.0,,False
051,ODONTOLOGÍA,514339,543.5,208.0,,False
114,PRESUPUESTO Y FINANZAS PÚBLICAS,794471,962.25,7.0,,False
114,PRESUPUESTO Y FINANZAS PÚBLICAS,756075,701.125,22.0,,False
114,PRESUPUESTO Y FINANZAS PÚBLICAS,775707,843.125,13.0,,False
114,PRESUPUESTO Y FINANZAS PÚBLICAS,721418,755.25,18.0,,False
114,PRESUPUESTO Y FINANZAS PÚBLICAS,728452,733.5,20.0,,False
114,PRESUPUESTO Y FINANZAS PÚBLICAS,768209,,,AUSENTE,True
114,PRESUPUESTO Y FINANZAS PÚBLICAS,763373,749.625,19.0,,False
114,PRESUPUESTO Y FINANZAS PÚBLICAS,771983,591.25,26.0,,False
114,PRESUPUESTO Y FINANZAS PÚBLICAS,761580,1072.125,4.0,,False
114,PRESUPUESTO Y FINANZAS PÚBLICAS,723218,1193.25,2.0,,False
114,PRESUPUESTO Y FINANZAS PÚBLICAS,783715,918.625,9.0,,False
114,PRESUPUESTO Y FINANZAS PÚBLICAS,781372,1210.0,1.0,,False
114,PRESUPUESTO Y FINANZAS PÚBLICAS,748090,726.5,21.0,,False
114,PRESUPUESTO Y FINANZAS PÚBLICAS,723929,818.25,15.0,,False
114,PRESUPUESTO Y FINANZAS PÚBLICAS,784903,834.375,14.0,,False
114,PRESUPUESTO Y FINANZAS PÚBLICAS,731912,605.25,25.0,,False
114,PRESUPUESTO Y FINANZAS PÚBLICAS,751703,700.875,23.0,,False
114,PRESUPUESTO Y FINANZAS PÚBLICAS,746023,398.5,30.0,,False
114,PRESUPUESTO Y FINANZAS PÚBLICAS,721175,560.0,28.0,,False
114,PRESUPUESTO Y FINANZAS PÚBLICAS,791663,946.5,8.0,,False
114,PRESUPUESTO Y FINANZAS PÚBLICAS,722288,518.75,29.0,,False
114,PRESUPUESTO Y FINANZAS PÚBLICAS,791123,782.625,17.0,,False
114,PRESUPUESTO Y FINANZAS PÚBLICAS,794934,1002.5,6.0,,False
114,PRESUPUESTO Y FINANZAS PÚBLICAS,776197,1112.75,3.0,,False
114,PRESUPUESTO Y FINANZAS PÚBLICAS,786936,576.625,27.0,,False
114,PRESUPUESTO Y FINANZAS PÚBLICAS,729607,1046.5,5.0,,False
114,PRESUPUESTO Y FINANZAS PÚBLICAS,782484,865.875,11.0,,False
114,PRESUPUESTO Y FINANZAS PÚBLICAS,737273,666.875,24.0,,False
114,PRESUPUESTO Y FINANZAS PÚBLICAS,770200,796.875,16.0,,False
114,PRESUPUESTO Y FINANZAS PÚBLICAS,734113,865.25,12.0,,False
114,PRESUPUESTO Y FINANZAS PÚBLICAS,748999,878.625,10.0,,False
181,PSICOLOGÍA,502182,745.125,238.0,,False
181,PSICOLOGÍA,425082,1035.0,21.0,,False
181,PSICOLOGÍA,509576,215.125,556.0,,False
181,PSICOLOGÍA,510996,735.0,253.0,,False
181,PSICOLOGÍA,506650,528.75,501.0,,False
181,PSICOLOGÍA,500505,733.875,255.0,,False
181,PSICOLOGÍA,471937,897.5,91.0,,False
181,PSICOLOGÍA,505775,,,AUSENTE,True
181,PSICOLOGÍA,512835,770.75,202.0,,False
181,PSICOLOGÍA,512368,696.0,296.0,,False
181,PSICOLOGÍA,516490,551.0,479.0,,False
181,PSICOLOGÍA,444554,818.625,160.0,,False
181,PSICOLOGÍA,503999,710.125,283.0,,False
181,PSICOLOGÍA,512490,578.0,451.0,,False
181,PSICOLOGÍA,505206,770.75,203.0,,False
181,PSICOLOGÍA,506585,611.25,413.0,,False
181,PSICOLOGÍA,504205,855.25,124.0,,False
181,PSICOLOGÍA,504860,736.875,250.0,,False
181,PSICOLOGÍA,443616,612.625,411.0,,False
181,PSICOLOGÍA,492268,601.75,424.0,,False
181,PSICOLOGÍA,511392,606.875,418.0,,False
181,PSICOLOGÍA,501433,715.75,279.0,,False
181,PSICOLOGÍA,504846,489.625,522.0,,False
181,PSICOLOGÍA,513820,683.625,316.0,,False
181,PSICOLOGÍA,505337,1010.375,33.0,,False
181,PSICOLOGÍA,512932,1067.625,15.0,,False
181,PSICOLOGÍA,512105,758.375,216.0,,False
181,PSICOLOGÍA,511841,607.875,416.0,,False
181,PSICOLOGÍA,516907,559.375,466.0,,False
181,PSICOLOGÍA,504416,913.0,79.0,,False
181,PSICOLOGÍA,436380,829.875,153.0,,False
181,PSICOLOGÍA,439026,723.25,264.0,,False
181,PSICOLOGÍA,502317,529.75,499.0,,False
181,PSICOLOGÍA,504947,531.375,496.0,,False
181,PSICOLOGÍA,501996,995.125,38.0,,False
181,PSICOLOGÍA,504523,614.0,409.0,,False
181,PSICOLOGÍA,445682,563.0,459.0,,False
181,PSICOLOGÍA,502558,578.625,450.0,,False
181,PSICOLOGÍA,491526,834.125,148.0,,False
181,PSICOLOGÍA,505463,469.0,526.0,,False
181,PSICOLOGÍA,445462,697.75,292.0,,False
181,PSICOLOGÍA,446225,580.625,446.0,,False
181,PSICOLOGÍA,507741,615.375,408.0,,False
181,PSICOLOGÍA,479392,697.5,293.0,,False
181,PSICOLOGÍA,501003,749.625,232.0,,False
181,PSICOLOGÍA,518728,591.875,436.0,,False
181,PSICOLOGÍA,506829,1049.375,18.0,,False
181,PSICOLOGÍA,518652,831.0,151.0,,False
181,PSICOLOGÍA,503440,525.125,506.0,,False
181,PSICOLOGÍA,519320,665.125,338.0,,False
181,PSICOLOGÍA,439120,838.125,141.0,,False
181,PSICOLOGÍA,515654,681.125,319.0,,False
181,PSICOLOGÍA,510622,644.0,368.0,,False
181,PSICOLOGÍA,500274,876.375,104.0,,False
181,PSICOLOGÍA,505234,344.375,550.0,,False
181,PSICOLOGÍA,509650,562.875,460.0,,False
181,PSICOLOGÍA,508859,376.75,547.0,,False
181,PSICOLOGÍA,509539,973.875,50.0,,False
181,PSICOLOGÍA,506106,264.875,554.0,,False
181,PSICOLOGÍA,511011,772.0,199.0,,False
181,PSICOLOGÍA,515789,,,AUSENTE,True
181,PSICOLOGÍA,427126,876.125,106.0,,False
181,PSICOLOGÍA,482614,,,AUSENTE,True
181,PSICOLOGÍA,506088,656.625,350.0,,False
181,PSICOLOGÍA,508978,963.125,54.0,,False
181,PSICOLOGÍA,519206,749.625,231.0,,False
181,PSICOLOGÍA,507319,880.0,100.0,,False
181,PSICOLOGÍA,434892,780.0,191.0,,False
181,PSICOLOGÍA,519944,594.75,431.0,,False
181,PSICOLOGÍA,512499,599.125,426.0,,False
181,PSICOLOGÍA,519061,641.5,374.0,,False
181,PSICOLOGÍA,501667,1028.25,24.0,,False
181,PSICOLOGÍA,519143,877.25,103.0,,False
181,PSICOLOGÍA,517604,656.0,355.0,,False
181,PSICOLOGÍA,457576,725.125,262.0,,False
181,PSICOLOGÍA,479618,978.375,47.0,,False
181,PSICOLOGÍA,503805,537.625,490.0,,False
181,PSICOLOGÍA,516328,419.5,540.0,,False
181,PSICOLOGÍA,513051,532.125,495.0,,False
181,PSICOLOGÍA,503321,772.125,197.0,,False
181,PSICOLOGÍA,493318,816.75,165.0,,False
181,PSICOLOGÍA,478528,728.25,259.0,,False
181,PSICOLOGÍA,516231,1023.375,29.0,,False
181,PSICOLOGÍA,516814,780.875,190.0,,False
181,PSICOLOGÍA,515608,1070.5,14.0,,False
181,PSICOLOGÍA,514631,922.625,70.0,,False
181,PSICOLOGÍA,506402,666.875,336.0,,False
181,PSICOLOGÍA,518389,661.125,346.0,,False
181,PSICOLOGÍA,512267,377.0,546.0,,False
181,PSICOLOGÍA,518362,873.25,109.0,,False
181,PSICOLOGÍA,500930,579.25,448.0,,False
181,PSICOLOGÍA,517123,545.5,487.0,,False
181,PSICOLOGÍA,503602,612.375,412.0,,False
181,PSICOLOGÍA,514301,525.5,504.0,,False
181,PSICOLOGÍA,501670,918.625,72.0,,False
181,PSICOLOGÍA,510210,791.875,179.0,,False
181,PSICOLOGÍA,505059,780.0,192.0,,False
181,PSICOLOGÍA,517854,832.25,150.0,,False
181,PSICOLOGÍA,508058,960.875,56.0,,False
181,PSICOLOGÍA,506919,872.375,110.0,,False
181,PSICOLOGÍA,441005,782.625,187.0,,False
181,PSICOLOGÍA,512584,823.375,158.0,,False
181,PSICOLOGÍA,510419,778.25,194.0,,False
181,PSICOLOGÍA,459514,474.125,525.0,,False
181,PSICOLOGÍA,503611,552.25,474.0,,False
181,PSICOLOGÍA,509003,797.0,172.0,,False
181,PSICOLOGÍA,501675,246.0,555.0,,False
181,PSICOLOGÍA,513807,816.875,164.0,,False
181,PSICOLOGÍA,503202,871.25,112.0,,False
181,PSICOLOGÍA,506386,562.25,461.0,,False
181,PSICOLOGÍA,474464,893.5,94.0,,False
181,PSICOLOGÍA,501270,694.125,297.0,,False
181,PSICOLOGÍA,510621,750.75,227.0,,False
181,PSICOLOGÍA,506739,880.375,98.0,,False
181,PSICOLOGÍA,510857,877.25,102.0,,False
181,PSICOLOGÍA,515189,834.625,147.0,,False
181,PSICOLOGÍA,515549,1016.25,32.0,,False
181,PSICOLOGÍA,510019,727.875,260.0,,False
181,PSICOLOGÍA,513424,762.75,213.0,,False
181,PSICOLOGÍA,490736,816.375,166.0,,False
181,PSICOLOGÍA,497785,691.0,303.0,,False
181,PSICOLOGÍA,483283,606.125,419.0,,False
181,PSICOLOGÍA,477127,762.75,212.0,,False
181,PSICOLOGÍA,503804,720.5,269.0,,False
181,PSICOLOGÍA,508896,562.0,462.0,,False
181,PSICOLOGÍA,507000,686.25,311.0,,False
181,PSICOLOGÍA,508440,922.875,68.0,,False
181,PSICOLOGÍA,511646,680.375,320.0,,False
181,PSICOLOGÍA,505621,1028.5,23.0,,False
181,PSICOLOGÍA,513285,418.625,541.0,,False
181,PSICOLOGÍA,501791,624.0,398.0,,False
181,PSICOLOGÍA,506181,838.625,140.0,,False
181,PSICOLOGÍA,504309,746.5,235.0,,False
181,PSICOLOGÍA,455567,551.375,477.0,,False
181,PSICOLOGÍA,503297,593.25,432.0,,False
181,PSICOLOGÍA,422626,946.5,63.0,,False
181,PSICOLOGÍA,500590,549.75,484.0,,False
181,PSICOLOGÍA,511021,880.375,99.0,,False
181,PSICOLOGÍA,507421,791.875,180.0,,False
181,PSICOLOGÍA,514100,640.5,378.0,,False
181,PSICOLOGÍA,507060,595.25,430.0,,False
181,PSICOLOGÍA,518139,642.875,370.0,,False
181,PSICOLOGÍA,517745,,,AUSENTE,True
181,PSICOLOGÍA,508271,749.625,230.0,,False
181,PSICOLOGÍA,515103,636.125,385.0,,False
181,PSICOLOGÍA,507851,902.375,85.0,,False
181,PSICOLOGÍA,513931,664.5,342.0,,False
181,PSICOLOGÍA,505109,1029.375,22.0,,False
181,PSICOLOGÍA,479172,809.0,171.0,,False
181,PSICOLOGÍA,448714,978.875,45.0,,False
181,PSICOLOGÍA,512001,765.0,211.0,,False
181,PSICOLOGÍA,516047,584.875,443.0,,False
181,PSICOLOGÍA,515585,814.25,168.0,,False
181,PSICOLOGÍA,505742,768.75,207.0,,False
181,PSICOLOGÍA,504586,913.875,77.0,,False
181,PSICOLOGÍA,514898,531.25,497.0,,False
181,PSICOLOGÍA,512477,728.5,257.0,,False
181,PSICOLOGÍA,507605,629.625,390.0,,False
181,PSICOLOGÍA,507382,624.25,397.0,,False
181,PSICOLOGÍA,512048,736.375,251.0,,False
181,PSICOLOGÍA,505366,838.125,142.0,,False
181,PSICOLOGÍA,511856,667.0,335.0,,False
181,PSICOLOGÍA,501614,869.375,113.0,,False
181,PSICOLOGÍA,476817,690.625,305.0,,False
181,PSICOLOGÍA,500387,555.5,470.0,,False
181,PSICOLOGÍA,502899,656.375,352.0,,False
181,PSICOLOGÍA,476942,793.0,176.0,,False
181,PSICOLOGÍA,500982,,,AUSENTE,True
181,PSICOLOGÍA,505508,640.875,377.0,,False
181,PSICOLOGÍA,510568,550.625,480.0,,False
181,PSICOLOGÍA,503233,898.0,90.0,,False
181,PSICOLOGÍA,507810,843.375,136.0,,False
181,PSICOLOGÍA,502008,774.625,195.0,,False
181,PSICOLOGÍA,513095,727.625,261.0,,False
181,PSICOLOGÍA,441967,858.25,119.0,,False
181,PSICOLOGÍA,508427,650.375,362.0,,False
181,PSICOLOGÍA,502283,551.125,478.0,,False
181,PSICOLOGÍA,503759,661.125,347.0,,False
181,PSICOLOGÍA,507095,491.0,521.0,,False
181,PSICOLOGÍA,500642,878.625,101.0,,False
181,PSICOLOGÍA,503104,550.0,482.0,,False
181,PSICOLOGÍA,439693,770.5,205.0,,False
181,PSICOLOGÍA,503650,551.5,476.0,,False
181,PSICOLOGÍA,507622,1077.25,13.0,,False
181,PSICOLOGÍA,502253,604.5,420.0,,False
181,PSICOLOGÍA,510642,978.0,48.0,,False
181,PSICOLOGÍA,510728,814.625,167.0,,False
181,PSICOLOGÍA,514340,1041.75,19.0,,False
181,PSICOLOGÍA,506370,637.75,382.0,,False
181,PSICOLOGÍA,502796,636.875,384.0,,False
181,PSICOLOGÍA,511088,858.875,117.0,,False
181,PSICOLOGÍA,503760,778.875,193.0,,False
181,PSICOLOGÍA,503208,505.25,514.0,,False
181,PSICOLOGÍA,517438,703.375,285.0,,False
181,PSICOLOGÍA,508480,1215.5,3.0,,False
181,PSICOLOGÍA,504907,785.375,186.0,,False
181,PSICOLOGÍA,513789,1087.625,12.0,,False
181,PSICOLOGÍA,519444,637.75,381.0,,False
181,PSICOLOGÍA,509142,702.5,287.0,,False
181,PSICOLOGÍA,508583,555.25,472.0,,False
181,PSICOLOGÍA,510113,964.875,53.0,,False
181,PSICOLOGÍA,503479,811.75,169.0,,False
181,PSICOLOGÍA,515471,731.875,256.0,,False
181,PSICOLOGÍA,507013,674.75,325.0,,False
181,PSICOLOGÍA,513982,684.0,314.0,,False
181,PSICOLOGÍA,507978,427.125,536.0,,False
181,PSICOLOGÍA,509372,719.75,271.0,,False
181,PSICOLOGÍA,512881,982.0,42.0,,False
181,PSICOLOGÍA,500509,663.375,343.0,,False
181,PSICOLOGÍA,502443,641.125,375.0,,False
181,PSICOLOGÍA,502559,667.625,334.0,,False
181,PSICOLOGÍA,511732,756.125,219.0,,False
181,PSICOLOGÍA,507036,453.25,531.0,,False
181,PSICOLOGÍA,514696,817.5,163.0,,False
181,PSICOLOGÍA,507602,847.625,131.0,,False
181,PSICOLOGÍA,500760,675.25,324.0,,False
181,PSICOLOGÍA,506131,550.125,481.0,,False
181,PSICOLOGÍA,518945,698.375,290.0,,False
181,PSICOLOGÍA,512976,845.375,134.0,,False
181,PSICOLOGÍA,511109,586.75,440.0,,False
181,PSICOLOGÍA,502485,743.125,240.0,,False
181,PSICOLOGÍA,461149,956.125,58.0,,False
181,PSICOLOGÍA,501974,898.625,89.0,,False
181,PSICOLOGÍA,516210,767.625,209.0,,False
181,PSICOLOGÍA,516832,874.375,108.0,,False
181,PSICOLOGÍA,508033,544.75,488.0,,False
181,PSICOLOGÍA,503406,619.5,406.0,,False
181,PSICOLOGÍA,507166,698.0,291.0,,False
181,PSICOLOGÍA,519508,843.75,135.0,,False
181,PSICOLOGÍA,502059,753.625,225.0,,False
181,PSICOLOGÍA,506572,688.75,309.0,,False
181,PSICOLOGÍA,513137,648.5,364.0,,False
181,PSICOLOGÍA,504775,978.0,49.0,,False
181,PSICOLOGÍA,504268,652.375,357.0,,False
181,PSICOLOGÍA,517670,1114.625,7.0,,False
181,PSICOLOGÍA,503138,606.875,417.0,,False
181,PSICOLOGÍA,519146,728.5,258.0,,False
181,PSICOLOGÍA,505581,622.875,401.0,,False
181,PSICOLOGÍA,518773,874.375,107.0,,False
181,PSICOLOGÍA,500637,492.125,520.0,,False
181,PSICOLOGÍA,515044,755.5,221.0,,False
181,PSICOLOGÍA,509971,840.0,139.0,,False
181,PSICOLOGÍA,514882,689.5,307.0,,False
181,PSICOLOGÍA,516185,1109.0,8.0,,False
181,PSICOLOGÍA,502422,703.375,286.0,,False
181,PSICOLOGÍA,428632,971.0,52.0,,False
181,PSICOLOGÍA,503952,301.25,553.0,,False
181,PSICOLOGÍA,504365,455.25,530.0,,False
181,PSICOLOGÍA,494767,448.0,533.0,,False
181,PSICOLOGÍA,515498,737.375,248.0,,False
181,PSICOLOGÍA,516770,581.125,445.0,,False
181,PSICOLOGÍA,506367,583.375,444.0,,False
181,PSICOLOGÍA,501232,947.375,62.0,,False
181,PSICOLOGÍA,512210,613.125,410.0,,False
181,PSICOLOGÍA,513439,502.375,515.0,,False
181,PSICOLOGÍA,517787,1002.875,36.0,,False
181,PSICOLOGÍA,511918,721.125,266.0,,False
181,PSICOLOGÍA,503833,622.25,402.0,,False
181,PSICOLOGÍA,481166,425.625,537.0,,False
181,PSICOLOGÍA,501796,794.625,174.0,,False
181,PSICOLOGÍA,504010,854.375,129.0,,False
181,PSICOLOGÍA,442989,760.0,214.0,,False
181,PSICOLOGÍA,510469,770.75,201.0,,False
181,PSICOLOGÍA,518969,913.25,78.0,,False
181,PSICOLOGÍA,514050,865.5,115.0,,False
181,PSICOLOGÍA,506825,628.75,391.0,,False
181,PSICOLOGÍA,506883,774.125,196.0,,False
181,PSICOLOGÍA,504083,1008.25,34.0,,False
181,PSICOLOGÍA,505421,746.75,234.0,,False
181,PSICOLOGÍA,517816,598.875,427.0,,False
181,PSICOLOGÍA,503095,766.75,210.0,,False
181,PSICOLOGÍA,502765,717.625,275.0,,False
181,PSICOLOGÍA,516778,590.5,437.0,,False
181,PSICOLOGÍA,423707,851.75,130.0,,False
181,PSICOLOGÍA,508451,586.5,441.0,,False
181,PSICOLOGÍA,501694,780.875,189.0,,False
181,PSICOLOGÍA,509530,699.75,288.0,,False
181,PSICOLOGÍA,509855,737.625,247.0,,False
181,PSICOLOGÍA,510398,825.375,156.0,,False
181,PSICOLOGÍA,515904,625.375,394.0,,False
181,PSICOLOGÍA,501914,867.0,114.0,,False
181,PSICOLOGÍA,510255,529.875,498.0,,False
181,PSICOLOGÍA,519654,399.625,544.0,,False
181,PSICOLOGÍA,507037,517.75,508.0,,False
181,PSICOLOGÍA,485983,633.625,387.0,,False
181,PSICOLOGÍA,506269,579.125,449.0,,False
181,PSICOLOGÍA,507248,642.375,371.0,,False
181,PSICOLOGÍA,515744,571.5,456.0,,False
181,PSICOLOGÍA,513274,1207.5,4.0,,False
181,PSICOLOGÍA,500630,740.25,244.0,,False
181,PSICOLOGÍA,507814,555.5,471.0,,False
181,PSICOLOGÍA,458044,639.75,379.0,,False
181,PSICOLOGÍA,518358,735.25,252.0,,False
181,PSICOLOGÍA,512994,670.25,329.0,,False
181,PSICOLOGÍA,512343,444.25,534.0,,False
181,PSICOLOGÍA,512555,1051.0,17.0,,False
181,PSICOLOGÍA,506605,699.375,289.0,,False
181,PSICOLOGÍA,510772,737.0,249.0,,False
181,PSICOLOGÍA,506615,651.0,360.0,,False
181,PSICOLOGÍA,511180,534.25,494.0,,False
181,PSICOLOGÍA,504899,718.625,272.0,,False
181,PSICOLOGÍA,425813,745.625,237.0,,False
181,PSICOLOGÍA,515808,696.625,295.0,,False
181,PSICOLOGÍA,512160,499.0,518.0,,False
181,PSICOLOGÍA,510161,758.625,215.0,,False
181,PSICOLOGÍA,503634,421.5,539.0,,False
181,PSICOLOGÍA,460418,643.25,369.0,,False
181,PSICOLOGÍA,500069,342.0,551.0,,False
181,PSICOLOGÍA,504302,552.0,475.0,,False
181,PSICOLOGÍA,518301,686.25,312.0,,False
181,PSICOLOGÍA,519180,672.375,326.0,,False
181,PSICOLOGÍA,517091,448.75,532.0,,False
181,PSICOLOGÍA,514920,649.75,363.0,,False
181,PSICOLOGÍA,515965,693.25,298.0,,False
181,PSICOLOGÍA,504705,651.25,358.0,,False
181,PSICOLOGÍA,500298,546.5,486.0,,False
181,PSICOLOGÍA,514929,637.25,383.0,,False
181,PSICOLOGÍA,506667,855.25,128.0,,False
181,PSICOLOGÍA,515718,876.375,105.0,,False
181,PSICOLOGÍA,479583,,,AUSENTE,True
181,PSICOLOGÍA,503930,656.0,354.0,,False
181,PSICOLOGÍA,511786,896.25,93.0,,False
181,PSICOLOGÍA,514646,740.875,242.0,,False
181,PSICOLOGÍA,514451,665.0,341.0,,False
181,PSICOLOGÍA,500950,1062.5,16.0,,False
181,PSICOLOGÍA,504154,636.0,386.0,,False
181,PSICOLOGÍA,507744,567.875,458.0,,False
181,PSICOLOGÍA,512326,745.625,236.0,,False
181,PSICOLOGÍA,513881,662.0,345.0,,False
181,PSICOLOGÍA,516012,651.0,361.0,,False
181,PSICOLOGÍA,505488,627.625,393.0,,False
181,PSICOLOGÍA,509475,1258.875,1.0,,False
181,PSICOLOGÍA,438100,738.75,245.0,,False
181,PSICOLOGÍA,510675,758.125,217.0,,False
181,PSICOLOGÍA,503197,1239.5,2.0,,False
181,PSICOLOGÍA,511874,858.375,118.0,,False
181,PSICOLOGÍA,510253,716.625,276.0,,False
181,PSICOLOGÍA,500086,573.75,455.0,,False
181,PSICOLOGÍA,490562,787.375,183.0,,False
181,PSICOLOGÍA,512470,655.125,356.0,,False
181,PSICOLOGÍA,469856,938.0,64.0,,False
181,PSICOLOGÍA,510877,833.25,149.0,,False
181,PSICOLOGÍA,517998,793.0,177.0,,False
181,PSICOLOGÍA,517019,603.375,423.0,,False
181,PSICOLOGÍA,504015,604.125,422.0,,False
181,PSICOLOGÍA,510422,787.125,184.0,,False
181,PSICOLOGÍA,457991,713.0,280.0,,False
181,PSICOLOGÍA,501550,576.625,452.0,,False
181,PSICOLOGÍA,508142,1176.125,5.0,,False
181,PSICOLOGÍA,424127,740.75,243.0,,False
181,PSICOLOGÍA,514716,856.875,121.0,,False
181,PSICOLOGÍA,509086,855.25,125.0,,False
181,PSICOLOGÍA,514369,587.625,439.0,,False
181,PSICOLOGÍA,421494,521.625,507.0,,False
181,PSICOLOGÍA,503188,720.5,268.0,,False
181,PSICOLOGÍA,507949,822.125,159.0,,False
181,PSICOLOGÍA,506522,780.875,188.0,,False
181,PSICOLOGÍA,511135,691.5,302.0,,False
181,PSICOLOGÍA,510537,549.75,483.0,,False
181,PSICOLOGÍA,510257,512.625,512.0,,False
181,PSICOLOGÍA,508235,460.5,528.0,,False
181,PSICOLOGÍA,514513,716.625,277.0,,False
181,PSICOLOGÍA,511381,604.25,421.0,,False
181,PSICOLOGÍA,457753,529.5,500.0,,False
181,PSICOLOGÍA,516440,656.125,353.0,,False
181,PSICOLOGÍA,500410,717.75,274.0,,False
181,PSICOLOGÍA,501673,863.0,116.0,,False
181,PSICOLOGÍA,470475,669.75,332.0,,False
181,PSICOLOGÍA,514781,624.75,395.0,,False
181,PSICOLOGÍA,474168,595.5,429.0,,False
181,PSICOLOGÍA,504178,506.5,513.0,,False
181,PSICOLOGÍA,501391,404.0,543.0,,False
181,PSICOLOGÍA,502247,692.25,300.0,,False
181,PSICOLOGÍA,513365,751.875,226.0,,False
181,PSICOLOGÍA,513604,835.25,144.0,,False
181,PSICOLOGÍA,519440,987.625,40.0,,False
181,PSICOLOGÍA,465693,826.5,154.0,,False
181,PSICOLOGÍA,497750,575.75,453.0,,False
181,PSICOLOGÍA,504970,1028.25,25.0,,False
181,PSICOLOGÍA,507042,753.625,224.0,,False
181,PSICOLOGÍA,519094,517.25,509.0,,False
181,PSICOLOGÍA,500134,743.375,239.0,,False
181,PSICOLOGÍA,510722,641.875,372.0,,False
181,PSICOLOGÍA,516981,556.625,468.0,,False
181,PSICOLOGÍA,503195,973.25,51.0,,False
181,PSICOLOGÍA,518701,502.25,516.0,,False
181,PSICOLOGÍA,445402,792.125,178.0,,False
181,PSICOLOGÍA,511368,560.625,464.0,,False
181,PSICOLOGÍA,506838,622.0,403.0,,False
181,PSICOLOGÍA,501498,585.875,442.0,,False
181,PSICOLOGÍA,501904,685.125,313.0,,False
181,PSICOLOGÍA,503834,817.75,161.0,,False
181,PSICOLOGÍA,516464,536.625,491.0,,False
181,PSICOLOGÍA,506569,678.125,322.0,,False
181,PSICOLOGÍA,466503,785.375,185.0,,False
181,PSICOLOGÍA,506864,935.0,65.0,,False
181,PSICOLOGÍA,505831,855.25,126.0,,False
181,PSICOLOGÍA,516720,960.875,57.0,,False
181,PSICOLOGÍA,501252,920.875,71.0,,False
181,PSICOLOGÍA,508042,914.625,76.0,,False
181,PSICOLOGÍA,515598,500.375,517.0,,False
181,PSICOLOGÍA,516656,656.5,351.0,,False
181,PSICOLOGÍA,507762,856.625,122.0,,False
181,PSICOLOGÍA,515600,871.75,111.0,,False
181,PSICOLOGÍA,514043,513.5,511.0,,False
181,PSICOLOGÍA,506509,855.25,127.0,,False
181,PSICOLOGÍA,508160,683.625,315.0,,False
181,PSICOLOGÍA,509026,952.875,61.0,,False
181,PSICOLOGÍA,503462,689.375,308.0,,False
181,PSICOLOGÍA,500157,651.125,359.0,,False
181,PSICOLOGÍA,507714,691.625,301.0,,False
181,PSICOLOGÍA,466495,458.625,529.0,,False
181,PSICOLOGÍA,506718,837.5,143.0,,False
181,PSICOLOGÍA,513590,846.5,132.0,,False
181,PSICOLOGÍA,503788,711.375,282.0,,False
181,PSICOLOGÍA,518884,1092.75,10.0,,False
181,PSICOLOGÍA,517472,559.625,465.0,,False
181,PSICOLOGÍA,513368,622.875,399.0,,False
181,PSICOLOGÍA,504627,417.125,542.0,,False
181,PSICOLOGÍA,479008,823.75,157.0,,False
181,PSICOLOGÍA,515601,858.0,120.0,,False
181,PSICOLOGÍA,501315,734.625,254.0,,False
181,PSICOLOGÍA,502038,315.25,552.0,,False
181,PSICOLOGÍA,425986,349.0,549.0,,False
181,PSICOLOGÍA,511770,897.5,92.0,,False
181,PSICOLOGÍA,502477,918.625,73.0,,False
181,PSICOLOGÍA,500084,648.375,365.0,,False
181,PSICOLOGÍA,514952,979.5,44.0,,False
181,PSICOLOGÍA,512810,561.875,463.0,,False
181,PSICOLOGÍA,507651,693.0,299.0,,False
181,PSICOLOGÍA,501630,535.375,493.0,,False
181,PSICOLOGÍA,496019,641.75,373.0,,False
181,PSICOLOGÍA,505131,375.25,548.0,,False
181,PSICOLOGÍA,515884,791.875,181.0,,False
181,PSICOLOGÍA,502677,,,AUSENTE,True
181,PSICOLOGÍA,507586,598.875,428.0,,False
181,PSICOLOGÍA,516940,883.125,96.0,,False
181,PSICOLOGÍA,509151,880.875,97.0,,False
181,PSICOLOGÍA,503674,718.0,273.0,,False
181,PSICOLOGÍA,508186,628.75,392.0,,False
181,PSICOLOGÍA,507580,641.125,376.0,,False
181,PSICOLOGÍA,445644,620.25,405.0,,False
181,PSICOLOGÍA,516936,1008.25,35.0,,False
181,PSICOLOGÍA,519606,515.25,510.0,,False
181,PSICOLOGÍA,506182,1039.0,20.0,,False
181,PSICOLOGÍA,478611,924.25,67.0,,False
181,PSICOLOGÍA,513692,716.375,278.0,,False
181,PSICOLOGÍA,489630,724.5,263.0,,False
181,PSICOLOGÍA,508138,632.0,388.0,,False
181,PSICOLOGÍA,438149,904.5,84.0,,False
181,PSICOLOGÍA,506788,487.375,524.0,,False
181,PSICOLOGÍA,506237,488.75,523.0,,False
181,PSICOLOGÍA,508670,769.25,206.0,,False
181,PSICOLOGÍA,509469,678.375,321.0,,False
181,PSICOLOGÍA,506668,669.875,331.0,,False
181,PSICOLOGÍA,518280,670.75,327.0,,False
181,PSICOLOGÍA,503973,677.0,323.0,,False
181,PSICOLOGÍA,511144,498.875,519.0,,False
181,PSICOLOGÍA,468541,1024.25,28.0,,False
181,PSICOLOGÍA,511924,922.625,69.0,,False
181,PSICOLOGÍA,477943,955.5,59.0,,False
181,PSICOLOGÍA,505430,665.125,339.0,,False
181,PSICOLOGÍA,504936,753.625,223.0,,False
181,PSICOLOGÍA,519302,908.875,80.0,,False
181,PSICOLOGÍA,517229,953.125,60.0,,False
181,PSICOLOGÍA,519863,541.0,489.0,,False
181,PSICOLOGÍA,510088,905.75,82.0,,False
181,PSICOLOGÍA,505640,755.75,220.0,,False
181,PSICOLOGÍA,514901,742.0,241.0,,False
181,PSICOLOGÍA,517716,601.375,425.0,,False
181,PSICOLOGÍA,502457,657.125,349.0,,False
181,PSICOLOGÍA,502832,687.375,310.0,,False
181,PSICOLOGÍA,502096,755.5,222.0,,False
181,PSICOLOGÍA,506535,721.0,267.0,,False
181,PSICOLOGÍA,512254,830.125,152.0,,False
181,PSICOLOGÍA,511649,670.5,328.0,,False
181,PSICOLOGÍA,500789,767.875,208.0,,False
181,PSICOLOGÍA,514923,621.625,404.0,,False
181,PSICOLOGÍA,508589,817.75,162.0,,False
181,PSICOLOGÍA,505871,770.75,204.0,,False
181,PSICOLOGÍA,516299,929.625,66.0,,False
181,PSICOLOGÍA,508700,1087.625,11.0,,False
181,PSICOLOGÍA,518163,918.625,74.0,,False
181,PSICOLOGÍA,518185,665.125,340.0,,False
181,PSICOLOGÍA,505991,900.875,87.0,,False
181,PSICOLOGÍA,501719,663.125,344.0,,False
181,PSICOLOGÍA,479634,749.625,229.0,,False
181,PSICOLOGÍA,437102,610.75,414.0,,False
181,PSICOLOGÍA,512068,525.125,505.0,,False
181,PSICOLOGÍA,503230,592.375,435.0,,False
181,PSICOLOGÍA,511792,423.125,538.0,,False
181,PSICOLOGÍA,429954,842.875,138.0,,False
181,PSICOLOGÍA,510534,592.5,434.0,,False
181,PSICOLOGÍA,504853,697.25,294.0,,False
181,PSICOLOGÍA,516975,1024.25,26.0,,False
181,PSICOLOGÍA,500942,855.5,123.0,,False
181,PSICOLOGÍA,513932,905.25,83.0,,False
181,PSICOLOGÍA,466813,960.875,55.0,,False
181,PSICOLOGÍA,501782,793.0,175.0,,False
181,PSICOLOGÍA,506878,791.875,182.0,,False
181,PSICOLOGÍA,509768,546.875,485.0,,False
181,PSICOLOGÍA,504905,646.5,366.0,,False
181,PSICOLOGÍA,508696,738.125,246.0,,False
181,PSICOLOGÍA,515606,681.75,318.0,,False
181,PSICOLOGÍA,503813,843.125,137.0,,False
181,PSICOLOGÍA,435505,528.625,502.0,,False
181,PSICOLOGÍA,503357,907.0,81.0,,False
181,PSICOLOGÍA,518569,690.75,304.0,,False
181,PSICOLOGÍA,511137,682.75,317.0,,False
181,PSICOLOGÍA,500873,580.0,447.0,,False
181,PSICOLOGÍA,505783,704.125,284.0,,False
181,PSICOLOGÍA,515561,589.5,438.0,,False
181,PSICOLOGÍA,450060,429.625,535.0,,False
181,PSICOLOGÍA,506211,901.5,86.0,,False
181,PSICOLOGÍA,509567,795.875,173.0,,False
181,PSICOLOGÍA,503343,835.25,145.0,,False
181,PSICOLOGÍA,496039,982.0,43.0,,False
181,PSICOLOGÍA,502309,809.5,170.0,,False
181,PSICOLOGÍA,504070,689.625,306.0,,False
181,PSICOLOGÍA,502668,1142.0,6.0,,False
181,PSICOLOGÍA,501432,749.875,228.0,,False
181,PSICOLOGÍA,516635,898.875,88.0,,False
181,PSICOLOGÍA,513189,190.75,557.0,,False
181,PSICOLOGÍA,510933,559.25,467.0,,False
181,PSICOLOGÍA,514941,646.25,367.0,,False
181,PSICOLOGÍA,511493,666.0,337.0,,False
181,PSICOLOGÍA,506835,1024.25,27.0,,False
181,PSICOLOGÍA,508488,772.125,198.0,,False
181,PSICOLOGÍA,503974,622.875,400.0,,False
181,PSICOLOGÍA,509796,385.25,545.0,,False
181,PSICOLOGÍA,512219,637.75,380.0,,False
181,PSICOLOGÍA,504768,845.375,133.0,,False
181,PSICOLOGÍA,511477,719.75,270.0,,False
181,PSICOLOGÍA,505713,668.5,333.0,,False
181,PSICOLOGÍA,505999,986.75,41.0,,False
181,PSICOLOGÍA,514226,712.5,281.0,,False
181,PSICOLOGÍA,513888,826.125,155.0,,False
181,PSICOLOGÍA,516788,630.625,389.0,,False
181,PSICOLOGÍA,504888,593.0,433.0,,False
181,PSICOLOGÍA,512855,617.75,407.0,,False
181,PSICOLOGÍA,502016,658.125,348.0,,False
181,PSICOLOGÍA,503860,556.125,469.0,,False
181,PSICOLOGÍA,512743,994.625,39.0,,False
181,PSICOLOGÍA,519142,1020.25,31.0,,False
181,PSICOLOGÍA,503641,574.625,454.0,,False
181,PSICOLOGÍA,448090,467.875,527.0,,False
181,PSICOLOGÍA,507177,670.125,330.0,,False
181,PSICOLOGÍA,512998,917.75,75.0,,False
181,PSICOLOGÍA,513677,624.25,396.0,,False
181,PSICOLOGÍA,489687,1097.75,9.0,,False
181,PSICOLOGÍA,511363,721.625,265.0,,False
181,PSICOLOGÍA,505112,747.0,233.0,,False
181,PSICOLOGÍA,493171,995.5,37.0,,False
181,PSICOLOGÍA,515996,568.5,457.0,,False
181,PSICOLOGÍA,501407,608.5,415.0,,False
181,PSICOLOGÍA,426533,893.5,95.0,,False
181,PSICOLOGÍA,506886,835.0,146.0,,False
181,PSICOLOGÍA,505759,1021.75,30.0,,False
181,PSICOLOGÍA,504832,771.0,200.0,,False
181,PSICOLOGÍA,502456,756.375,218.0,,False
181,PSICOLOGÍA,507057,536.0,492.0,,False
181,PSICOLOGÍA,441018,525.75,503.0,,False
181,PSICOLOGÍA,507473,553.875,473.0,,False
181,PSICOLOGÍA,504501,978.875,46.0,,False
182,PSICOLOGÍA ORGANIZACIONAL Y DE LA GESTIÓN HUMANA,503298,814.125,28.0,,False
182,PSICOLOGÍA ORGANIZACIONAL Y DE LA GESTIÓN HUMANA,501552,883.625,16.0,,False
182,PSICOLOGÍA ORGANIZACIONAL Y DE LA GESTIÓN HUMANA,504185,627.625,48.0,,False
182,PSICOLOGÍA ORGANIZACIONAL Y DE LA GESTIÓN HUMANA,504887,753.625,35.0,,False
182,PSICOLOGÍA ORGANIZACIONAL Y DE LA GESTIÓN HUMANA,518278,644.0,45.0,,False
182,PSICOLOGÍA ORGANIZACIONAL Y DE LA GESTIÓN HUMANA,508312,702.25,40.0,,False
182,PSICOLOGÍA ORGANIZACIONAL Y DE LA GESTIÓN HUMANA,509247,376.625,63.0,,False
182,PSICOLOGÍA ORGANIZACIONAL Y DE LA GESTIÓN HUMANA,517087,1070.5,2.0,,False
182,PSICOLOGÍA ORGANIZACIONAL Y DE LA GESTIÓN HUMANA,472843,986.75,6.0,,False
182,PSICOLOGÍA ORGANIZACIONAL Y DE LA GESTIÓN HUMANA,464395,673.5,43.0,,False
182,PSICOLOGÍA ORGANIZACIONAL Y DE LA GESTIÓN HUMANA,502347,754.375,34.0,,False
182,PSICOLOGÍA ORGANIZACIONAL Y DE LA GESTIÓN HUMANA,505733,425.125,62.0,,False
182,PSICOLOGÍA ORGANIZACIONAL Y DE LA GESTIÓN HUMANA,457237,922.625,12.0,,False
182,PSICOLOGÍA ORGANIZACIONAL Y DE LA GESTIÓN HUMANA,505466,839.5,23.0,,False
182,PSICOLOGÍA ORGANIZACIONAL Y DE LA GESTIÓN HUMANA,467071,779.75,30.0,,False
182,PSICOLOGÍA ORGANIZACIONAL Y DE LA GESTIÓN HUMANA,500794,644.0,46.0,,False
182,PSICOLOGÍA ORGANIZACIONAL Y DE LA GESTIÓN HUMANA,505014,541.125,56.0,,False
182,PSICOLOGÍA ORGANIZACIONAL Y DE LA GESTIÓN HUMANA,503675,690.25,42.0,,False
182,PSICOLOGÍA ORGANIZACIONAL Y DE LA GESTIÓN HUMANA,519373,762.25,32.0,,False
182,PSICOLOGÍA ORGANIZACIONAL Y DE LA GESTIÓN HUMANA,439368,974.375,7.0,,False
182,PSICOLOGÍA ORGANIZACIONAL Y DE LA GESTIÓN HUMANA,503715,992.75,5.0,,False
182,PSICOLOGÍA ORGANIZACIONAL Y DE LA GESTIÓN HUMANA,480046,553.5,53.0,,False
182,PSICOLOGÍA ORGANIZACIONAL Y DE LA GESTIÓN HUMANA,501945,949.375,8.0,,False
182,PSICOLOGÍA ORGANIZACIONAL Y DE LA GESTIÓN HUMANA,505464,949.0,9.0,,False
182,PSICOLOGÍA ORGANIZACIONAL Y DE LA GESTIÓN HUMANA,489479,642.25,47.0,,False
182,PSICOLOGÍA ORGANIZACIONAL Y DE LA GESTIÓN HUMANA,503370,1037.25,4.0,,False
182,PSICOLOGÍA ORGANIZACIONAL Y DE LA GESTIÓN HUMANA,511991,942.0,10.0,,False
182,PSICOLOGÍA ORGANIZACIONAL Y DE LA GESTIÓN HUMANA,503665,645.125,44.0,,False
182,PSICOLOGÍA ORGANIZACIONAL Y DE LA GESTIÓN HUMANA,510716,856.625,20.0,,False
182,PSICOLOGÍA ORGANIZACIONAL Y DE LA GESTIÓN HUMANA,511668,883.75,15.0,,False
182,PSICOLOGÍA ORGANIZACIONAL Y DE LA GESTIÓN HUMANA,506821,738.875,36.0,,False
182,PSICOLOGÍA ORGANIZACIONAL Y DE LA GESTIÓN HUMANA,517985,1061.75,3.0,,False
182,PSICOLOGÍA ORGANIZACIONAL Y DE LA GESTIÓN HUMANA,512243,555.75,52.0,,False
182,PSICOLOGÍA ORGANIZACIONAL Y DE LA GESTIÓN HUMANA,515928,836.375,24.0,,False
182,PSICOLOGÍA ORGANIZACIONAL Y DE LA GESTIÓN HUMANA,504910,859.5,18.0,,False
182,PSICOLOGÍA ORGANIZACIONAL Y DE LA GESTIÓN HUMANA,482727,542.375,55.0,,False
182,PSICOLOGÍA ORGANIZACIONAL Y DE LA GESTIÓN HUMANA,515579,709.375,38.0,,False
182,PSICOLOGÍA ORGANIZACIONAL Y DE LA GESTIÓN HUMANA,519543,728.125,37.0,,False
182,PSICOLOGÍA ORGANIZACIONAL Y DE LA GESTIÓN HUMANA,512531,902.0,14.0,,False
182,PSICOLOGÍA ORGANIZACIONAL Y DE LA GESTIÓN HUMANA,501010,697.25,41.0,,False
182,PSICOLOGÍA ORGANIZACIONAL Y DE LA GESTIÓN HUMANA,503637,598.875,49.0,,False
182,PSICOLOGÍA ORGANIZACIONAL Y DE LA GESTIÓN HUMANA,506806,507.5,60.0,,False
182,PSICOLOGÍA ORGANIZACIONAL Y DE LA GESTIÓN HUMANA,509879,806.0,29.0,,False
182,PSICOLOGÍA ORGANIZACIONAL Y DE LA GESTIÓN HUMANA,504157,842.0,22.0,,False
182,PSICOLOGÍA ORGANIZACIONAL Y DE LA GESTIÓN HUMANA,512512,835.25,25.0,,False
182,PSICOLOGÍA ORGANIZACIONAL Y DE LA GESTIÓN HUMANA,431654,552.25,54.0,,False
182,PSICOLOGÍA ORGANIZACIONAL Y DE LA GESTIÓN HUMANA,508419,858.625,19.0,,False
182,PSICOLOGÍA ORGANIZACIONAL Y DE LA GESTIÓN HUMANA,478068,851.75,21.0,,False
182,PSICOLOGÍA ORGANIZACIONAL Y DE LA GESTIÓN HUMANA,508483,923.75,11.0,,False
182,PSICOLOGÍA ORGANIZACIONAL Y DE LA GESTIÓN HUMANA,461878,536.5,57.0,,False
182,PSICOLOGÍA ORGANIZACIONAL Y DE LA GESTIÓN HUMANA,514759,822.125,27.0,,False
182,PSICOLOGÍA ORGANIZACIONAL Y DE LA GESTIÓN HUMANA,425640,485.375,61.0,,False
182,PSICOLOGÍA ORGANIZACIONAL Y DE LA GESTIÓN HUMANA,516042,508.5,59.0,,False
182,PSICOLOGÍA ORGANIZACIONAL Y DE LA GESTIÓN HUMANA,517337,868.375,17.0,,False
182,PSICOLOGÍA ORGANIZACIONAL Y DE LA GESTIÓN HUMANA,505138,1387.375,1.0,,False
182,PSICOLOGÍA ORGANIZACIONAL Y DE LA GESTIÓN HUMANA,505839,556.25,51.0,,False
182,PSICOLOGÍA ORGANIZACIONAL Y DE LA GESTIÓN HUMANA,503955,764.5,31.0,,False
182,PSICOLOGÍA ORGANIZACIONAL Y DE LA GESTIÓN HUMANA,516952,907.0,13.0,,False
182,PSICOLOGÍA ORGANIZACIONAL Y DE LA GESTIÓN HUMANA,519211,531.75,58.0,,False
182,PSICOLOGÍA ORGANIZACIONAL Y DE LA GESTIÓN HUMANA,516096,563.75,50.0,,False
182,PSICOLOGÍA ORGANIZACIONAL Y DE LA GESTIÓN HUMANA,518649,762.0,33.0,,False
182,PSICOLOGÍA ORGANIZACIONAL Y DE LA GESTIÓN HUMANA,420408,822.625,26.0,,False
182,PSICOLOGÍA ORGANIZACIONAL Y DE LA GESTIÓN HUMANA,495294,703.125,39.0,,False
071,QUÍMICA,592715,718.0,14.0,,False
071,QUÍMICA,597205,715.25,15.0,,False
071,QUÍMICA,569037,710.5,16.0,,False
071,QUÍMICA,569301,492.125,25.0,,False
071,QUÍMICA,536790,952.75,1.0,,False
071,QUÍMICA,595532,841.25,8.0,,False
071,QUÍMICA,591880,503.375,24.0,,False
071,QUÍMICA,565986,474.625,26.0,,False
071,QUÍMICA,590219,517.25,22.0,,False
071,QUÍMICA,556548,890.125,5.0,,False
071,QUÍMICA,544168,802.5,10.0,,False
071,QUÍMICA,534283,774.125,11.0,,False
071,QUÍMICA,559736,676.5,17.0,,False
071,QUÍMICA,522003,899.75,4.0,,False
071,QUÍMICA,564277,505.25,23.0,,False
071,QUÍMICA,571538,863.125,6.0,,False
071,QUÍMICA,544800,618.875,20.0,,False
071,QUÍMICA,531659,855.25,7.0,,False
071,QUÍMICA,546908,822.25,9.0,,False
071,QUÍMICA,541857,730.75,13.0,,False
071,QUÍMICA,596125,944.25,2.0,,False
071,QUÍMICA,566427,671.5,19.0,,False
071,QUÍMICA,580066,919.75,3.0,,False
071,QUÍMICA,554708,527.0,21.0,,False
071,QUÍMICA,522905,676.25,18.0,,False
071,QUÍMICA,525734,737.625,12.0,,False
152,SOCIOLOGÍA,852092,753.625,20.0,,False
152,SOCIOLOGÍA,870458,620.875,25.0,,False
152,SOCIOLOGÍA,860599,856.375,12.0,,False
152,SOCIOLOGÍA,872622,897.5,9.0,,False
152,SOCIOLOGÍA,893226,744.75,22.0,,False
152,SOCIOLOGÍA,847379,592.5,26.0,,False
152,SOCIOLOGÍA,846492,791.0,17.0,,False
152,SOCIOLOGÍA,870503,,,AUSENTE,True
152,SOCIOLOGÍA,824043,830.375,15.0,,False
152,SOCIOLOGÍA,873256,,,AUSENTE,True
152,SOCIOLOGÍA,878001,844.875,13.0,,False
152,SOCIOLOGÍA,895434,764.25,18.0,,False
152,SOCIOLOGÍA,854900,756.375,19.0,,False
152,SOCIOLOGÍA,839999,415.75,28.0,,False
152,SOCIOLOGÍA,831074,837.625,14.0,,False
152,SOCIOLOGÍA,896352,1009.875,4.0,,False
152,SOCIOLOGÍA,836735,1003.125,5.0,,False
152,SOCIOLOGÍA,883530,895.0,10.0,,False
152,SOCIOLOGÍA,862962,1066.5,3.0,,False
152,SOCIOLOGÍA,866179,537.75,27.0,,False
152,SOCIOLOGÍA,875134,707.375,23.0,,False
152,SOCIOLOGÍA,837652,684.75,24.0,,False
152,SOCIOLOGÍA,821065,1213.0,1.0,,False
152,SOCIOLOGÍA,841142,1070.5,2.0,,False
152,SOCIOLOGÍA,843302,876.375,11.0,,False
152,SOCIOLOGÍA,887331,750.5,21.0,,False
152,SOCIOLOGÍA,893301,826.25,16.0,,False
152,SOCIOLOGÍA,850068,901.5,8.0,,False
152,SOCIOLOGÍA,849155,1003.125,6.0,,False
152,SOCIOLOGÍA,827016,983.125,7.0,,False
0141,TEC. MED. LAB. CLÍNICO Y ANATOMÍA PATOLÓGICA,459675,1061.125,6.0,,False
0141,TEC. MED. LAB. CLÍNICO Y ANATOMÍA PATOLÓGICA,515370,555.75,53.0,,False
0141,TEC. MED. LAB. CLÍNICO Y ANATOMÍA PATOLÓGICA,504930,683.625,42.0,,False
0141,TEC. MED. LAB. CLÍNICO Y ANATOMÍA PATOLÓGICA,501442,1134.875,1.0,,False
0141,TEC. MED. LAB. CLÍNICO Y ANATOMÍA PATOLÓGICA,518685,788.125,30.0,,False
0141,TEC. MED. LAB. CLÍNICO Y ANATOMÍA PATOLÓGICA,476490,748.25,34.0,,False
0141,TEC. MED. LAB. CLÍNICO Y ANATOMÍA PATOLÓGICA,514809,1095.5,5.0,,False
0141,TEC. MED. LAB. CLÍNICO Y ANATOMÍA PATOLÓGICA,513909,731.875,37.0,,False
0141,TEC. MED. LAB. CLÍNICO Y ANATOMÍA PATOLÓGICA,461770,1101.75,3.0,,False
0141,TEC. MED. LAB. CLÍNICO Y ANATOMÍA PATOLÓGICA,500696,882.75,18.0,,False
0141,TEC. MED. LAB. CLÍNICO Y ANATOMÍA PATOLÓGICA,511232,884.75,17.0,,False
0141,TEC. MED. LAB. CLÍNICO Y ANATOMÍA PATOLÓGICA,514823,908.25,13.0,,False
0141,TEC. MED. LAB. CLÍNICO Y ANATOMÍA PATOLÓGICA,425584,864.375,20.0,,False
0141,TEC. MED. LAB. CLÍNICO Y ANATOMÍA PATOLÓGICA,518069,662.875,44.0,,False
0141,TEC. MED. LAB. CLÍNICO Y ANATOMÍA PATOLÓGICA,507566,644.0,45.0,,False
0141,TEC. MED. LAB. CLÍNICO Y ANATOMÍA PATOLÓGICA,473301,566.875,51.0,,False
0141,TEC. MED. LAB. CLÍNICO Y ANATOMÍA PATOLÓGICA,507995,848.5,21.0,,False
0141,TEC. MED. LAB. CLÍNICO Y ANATOMÍA PATOLÓGICA,507642,501.625,54.0,,False
0141,TEC. MED. LAB. CLÍNICO Y ANATOMÍA PATOLÓGICA,510732,358.125,57.0,,False
0141,TEC. MED. LAB. CLÍNICO Y ANATOMÍA PATOLÓGICA,504989,945.875,10.0,,False
0141,TEC. MED. LAB. CLÍNICO Y ANATOMÍA PATOLÓGICA,501430,824.375,25.0,,False
0141,TEC. MED. LAB. CLÍNICO Y ANATOMÍA PATOLÓGICA,501809,970.125,8.0,,False
0141,TEC. MED. LAB. CLÍNICO Y ANATOMÍA PATOLÓGICA,509526,953.0,9.0,,False
0141,TEC. MED. LAB. CLÍNICO Y ANATOMÍA PATOLÓGICA,504206,482.25,55.0,,False
0141,TEC. MED. LAB. CLÍNICO Y ANATOMÍA PATOLÓGICA,512416,468.125,56.0,,False
0141,TEC. MED. LAB. CLÍNICO Y ANATOMÍA PATOLÓGICA,505568,744.5,35.0,,False
0141,TEC. MED. LAB. CLÍNICO Y ANATOMÍA PATOLÓGICA,471084,624.5,49.0,,False
0141,TEC. MED. LAB. CLÍNICO Y ANATOMÍA PATOLÓGICA,511648,793.5,28.0,,False
0141,TEC. MED. LAB. CLÍNICO Y ANATOMÍA PATOLÓGICA,501090,785.0,31.0,,False
0141,TEC. MED. LAB. CLÍNICO Y ANATOMÍA PATOLÓGICA,428955,740.0,36.0,,False
0141,TEC. MED. LAB. CLÍNICO Y ANATOMÍA PATOLÓGICA,516329,663.625,43.0,,False
0141,TEC. MED. LAB. CLÍNICO Y ANATOMÍA PATOLÓGICA,431344,766.5,32.0,,False
0141,TEC. MED. LAB. CLÍNICO Y ANATOMÍA PATOLÓGICA,512852,636.875,47.0,,False
0141,TEC. MED. LAB. CLÍNICO Y ANATOMÍA PATOLÓGICA,503528,945.875,11.0,,False
0141,TEC. MED. LAB. CLÍNICO Y ANATOMÍA PATOLÓGICA,470035,830.125,24.0,,False
0141,TEC. MED. LAB. CLÍNICO Y ANATOMÍA PATOLÓGICA,511995,729.625,38.0,,False
0141,TEC. MED. LAB. CLÍNICO Y ANATOMÍA PATOLÓGICA,463608,1096.0,4.0,,False
0141,TEC. MED. LAB. CLÍNICO Y ANATOMÍA PATOLÓGICA,501321,715.5,39.0,,False
0141,TEC. MED. LAB. CLÍNICO Y ANATOMÍA PATOLÓGICA,505224,630.75,48.0,,False
0141,TEC. MED. LAB. CLÍNICO Y ANATOMÍA PATOLÓGICA,503000,565.75,52.0,,False
0141,TEC. MED. LAB. CLÍNICO Y ANATOMÍA PATOLÓGICA,438078,837.75,22.0,,False
0141,TEC. MED. LAB. CLÍNICO Y ANATOMÍA PATOLÓGICA,518699,793.0,29.0,,False
0141,TEC. MED. LAB. CLÍNICO Y ANATOMÍA PATOLÓGICA,504584,885.375,16.0,,False
0141,TEC. MED. LAB. CLÍNICO Y ANATOMÍA PATOLÓGICA,502725,702.875,41.0,,False
0141,TEC. MED. LAB. CLÍNICO Y ANATOMÍA PATOLÓGICA,514508,822.5,26.0,,False
0141,TEC. MED. LAB. CLÍNICO Y ANATOMÍA PATOLÓGICA,507346,905.875,14.0,,False
0141,TEC. MED. LAB. CLÍNICO Y ANATOMÍA PATOLÓGICA,514570,876.375,19.0,,False
0141,TEC. MED. LAB. CLÍNICO Y ANATOMÍA PATOLÓGICA,515256,939.375,12.0,,False
0141,TEC. MED. LAB. CLÍNICO Y ANATOMÍA PATOLÓGICA,513858,798.375,27.0,,False
0141,TEC. MED. LAB. CLÍNICO Y ANATOMÍA PATOLÓGICA,517954,640.875,46.0,,False
0141,TEC. MED. LAB. CLÍNICO Y ANATOMÍA PATOLÓGICA,435957,835.25,23.0,,False
0141,TEC. MED. LAB. CLÍNICO Y ANATOMÍA PATOLÓGICA,514461,709.75,40.0,,False
0141,TEC. MED. LAB. CLÍNICO Y ANATOMÍA PATOLÓGICA,501250,1111.0,2.0,,False
0141,TEC. MED. LAB. CLÍNICO Y ANATOMÍA PATOLÓGICA,502478,986.0,7.0,,False
0141,TEC. MED. LAB. CLÍNICO Y ANATOMÍA PATOLÓGICA,452147,612.375,50.0,,False
0141,TEC. MED. LAB. CLÍNICO Y ANATOMÍA PATOLÓGICA,471468,893.5,15.0,,False
0141,TEC. MED. LAB. CLÍNICO Y ANATOMÍA PATOLÓGICA,500687,750.75,33.0,,False
0143,TEC. MED. RADIOLOGÍA,492261,545.625,33.0,,False
0143,TEC. MED. RADIOLOGÍA,464486,1193.25,1.0,,False
0143,TEC. MED. RADIOLOGÍA,508732,755.0,17.0,,False
0143,TEC. MED. RADIOLOGÍA,446968,757.5,16.0,,False
0143,TEC. MED. RADIOLOGÍA,504019,601.375,31.0,,False
0143,TEC. MED. RADIOLOGÍA,452068,697.25,22.0,,False
0143,TEC. MED. RADIOLOGÍA,500572,525.0,34.0,,False
0143,TEC. MED. RADIOLOGÍA,519167,708.125,20.0,,False
0143,TEC. MED. RADIOLOGÍA,495255,497.5,35.0,,False
0143,TEC. MED. RADIOLOGÍA,431056,986.0,5.0,,False
0143,TEC. MED. RADIOLOGÍA,508926,644.375,27.0,,False
0143,TEC. MED. RADIOLOGÍA,464146,702.0,21.0,,False
0143,TEC. MED. RADIOLOGÍA,513587,760.125,14.0,,False
0143,TEC. MED. RADIOLOGÍA,508941,1013.25,4.0,,False
0143,TEC. MED. RADIOLOGÍA,504762,649.375,26.0,,False
0143,TEC. MED. RADIOLOGÍA,502829,897.5,8.0,,False
0143,TEC. MED. RADIOLOGÍA,442618,758.75,15.0,,False
0143,TEC. MED. RADIOLOGÍA,506256,569.0,32.0,,False
0143,TEC. MED. RADIOLOGÍA,504439,923.125,6.0,,False
0143,TEC. MED. RADIOLOGÍA,470177,665.125,24.0,,False
0143,TEC. MED. RADIOLOGÍA,504296,653.125,25.0,,False
0143,TEC. MED. RADIOLOGÍA,511955,918.625,7.0,,False
0143,TEC. MED. RADIOLOGÍA,502949,754.125,18.0,,False
0143,TEC. MED. RADIOLOGÍA,500341,418.25,37.0,,False
0143,TEC. MED. RADIOLOGÍA,500703,618.625,29.0,,False
0143,TEC. MED. RADIOLOGÍA,477887,,,AUSENTE,True
0143,TEC. MED. RADIOLOGÍA,519164,1066.5,2.0,,False
0143,TEC. MED. RADIOLOGÍA,458806,787.875,10.0,,False
0143,TEC. MED. RADIOLOGÍA,504957,615.25,30.0,,False
0143,TEC. MED. RADIOLOGÍA,518799,786.5,11.0,,False
0143,TEC. MED. RADIOLOGÍA,508315,864.125,9.0,,False
0143,TEC. MED. RADIOLOGÍA,507328,1026.75,3.0,,False
0143,TEC. MED. RADIOLOGÍA,503342,782.0,12.0,,False
0143,TEC. MED. RADIOLOGÍA,504142,770.125,13.0,,False
0143,TEC. MED. RADIOLOGÍA,504988,678.0,23.0,,False
0143,TEC. MED. RADIOLOGÍA,466499,741.625,19.0,,False
0143,TEC. MED. RADIOLOGÍA,508169,627.375,28.0,,False
0143,TEC. MED. RADIOLOGÍA,514271,467.875,36.0,,False
0142,TEC. MED. TERAPIA FÍSICA Y REHABILITACIÓN,512625,496.125,55.0,,False
0142,TEC. MED. TERAPIA FÍSICA Y REHABILITACIÓN,518161,989.875,2.0,,False
0142,TEC. MED. TERAPIA FÍSICA Y REHABILITACIÓN,513954,731.875,27.0,,False
0142,TEC. MED. TERAPIA FÍSICA Y REHABILITACIÓN,501736,856.375,11.0,,False
0142,TEC. MED. TERAPIA FÍSICA Y REHABILITACIÓN,446149,635.875,39.0,,False
0142,TEC. MED. TERAPIA FÍSICA Y REHABILITACIÓN,513314,880.625,10.0,,False
0142,TEC. MED. TERAPIA FÍSICA Y REHABILITACIÓN,517565,717.0,29.0,,False
0142,TEC. MED. TERAPIA FÍSICA Y REHABILITACIÓN,482615,561.0,46.0,,False
0142,TEC. MED. TERAPIA FÍSICA Y REHABILITACIÓN,517677,633.25,40.0,,False
0142,TEC. MED. TERAPIA FÍSICA Y REHABILITACIÓN,514814,686.25,32.0,,False
0142,TEC. MED. TERAPIA FÍSICA Y REHABILITACIÓN,472697,431.0,58.0,,False
0142,TEC. MED. TERAPIA FÍSICA Y REHABILITACIÓN,505924,707.375,30.0,,False
0142,TEC. MED. TERAPIA FÍSICA Y REHABILITACIÓN,507707,891.625,8.0,,False
0142,TEC. MED. TERAPIA FÍSICA Y REHABILITACIÓN,502901,590.75,43.0,,False
0142,TEC. MED. TERAPIA FÍSICA Y REHABILITACIÓN,503461,887.625,9.0,,False
0142,TEC. MED. TERAPIA FÍSICA Y REHABILITACIÓN,515895,660.375,35.0,,False
0142,TEC. MED. TERAPIA FÍSICA Y REHABILITACIÓN,508180,914.625,5.0,,False
0142,TEC. MED. TERAPIA FÍSICA Y REHABILITACIÓN,511229,772.125,22.0,,False
0142,TEC. MED. TERAPIA FÍSICA Y REHABILITACIÓN,511692,735.0,26.0,,False
0142,TEC. MED. TERAPIA FÍSICA Y REHABILITACIÓN,506479,564.625,45.0,,False
0142,TEC. MED. TERAPIA FÍSICA Y REHABILITACIÓN,510374,657.125,36.0,,False
0142,TEC. MED. TERAPIA FÍSICA Y REHABILITACIÓN,505602,278.5,60.0,,False
0142,TEC. MED. TERAPIA FÍSICA Y REHABILITACIÓN,510782,514.375,52.0,,False
0142,TEC. MED. TERAPIA FÍSICA Y REHABILITACIÓN,503780,847.25,13.0,,False
0142,TEC. MED. TERAPIA FÍSICA Y REHABILITACIÓN,470983,505.875,54.0,,False
0142,TEC. MED. TERAPIA FÍSICA Y REHABILITACIÓN,507217,676.0,34.0,,False
0142,TEC. MED. TERAPIA FÍSICA Y REHABILITACIÓN,495180,791.875,19.0,,False
0142,TEC. MED. TERAPIA FÍSICA Y REHABILITACIÓN,503062,438.25,57.0,,False
0142,TEC. MED. TERAPIA FÍSICA Y REHABILITACIÓN,513578,631.875,41.0,,False
0142,TEC. MED. TERAPIA FÍSICA Y REHABILITACIÓN,501161,549.875,50.0,,False
0142,TEC. MED. TERAPIA FÍSICA Y REHABILITACIÓN,513678,843.125,14.0,,False
0142,TEC. MED. TERAPIA FÍSICA Y REHABILITACIÓN,507301,852.375,12.0,,False
0142,TEC. MED. TERAPIA FÍSICA Y REHABILITACIÓN,512447,826.0,15.0,,False
0142,TEC. MED. TERAPIA FÍSICA Y REHABILITACIÓN,481722,776.375,21.0,,False
0142,TEC. MED. TERAPIA FÍSICA Y REHABILITACIÓN,492291,814.125,16.0,,False
0142,TEC. MED. TERAPIA FÍSICA Y REHABILITACIÓN,503306,555.875,47.0,,False
0142,TEC. MED. TERAPIA FÍSICA Y REHABILITACIÓN,517556,628.0,42.0,,False
0142,TEC. MED. TERAPIA FÍSICA Y REHABILITACIÓN,464373,814.125,17.0,,False
0142,TEC. MED. TERAPIA FÍSICA Y REHABILITACIÓN,500882,810.125,18.0,,False
0142,TEC. MED. TERAPIA FÍSICA Y REHABILITACIÓN,504858,589.5,44.0,,False
0142,TEC. MED. TERAPIA FÍSICA Y REHABILITACIÓN,509064,747.0,25.0,,False
0142,TEC. MED. TERAPIA FÍSICA Y REHABILITACIÓN,511372,552.625,49.0,,False
0142,TEC. MED. TERAPIA FÍSICA Y REHABILITACIÓN,501935,966.75,3.0,,False
0142,TEC. MED. TERAPIA FÍSICA Y REHABILITACIÓN,511522,762.0,24.0,,False
0142,TEC. MED. TERAPIA FÍSICA Y REHABILITACIÓN,509015,1049.375,1.0,,False
0142,TEC. MED. TERAPIA FÍSICA Y REHABILITACIÓN,436312,538.375,51.0,,False
0142,TEC. MED. TERAPIA FÍSICA Y REHABILITACIÓN,505919,719.25,28.0,,False
0142,TEC. MED. TERAPIA FÍSICA Y REHABILITACIÓN,505017,638.5,38.0,,False
0142,TEC. MED. TERAPIA FÍSICA Y REHABILITACIÓN,507860,555.5,48.0,,False
0142,TEC. MED. TERAPIA FÍSICA Y REHABILITACIÓN,506696,787.125,20.0,,False
0142,TEC. MED. TERAPIA FÍSICA Y REHABILITACIÓN,508991,697.0,31.0,,False
0142,TEC. MED. TERAPIA FÍSICA Y REHABILITACIÓN,503776,509.125,53.0,,False
0142,TEC. MED. TERAPIA FÍSICA Y REHABILITACIÓN,518879,901.5,7.0,,False
0142,TEC. MED. TERAPIA FÍSICA Y REHABILITACIÓN,425154,440.625,56.0,,False
0142,TEC. MED. TERAPIA FÍSICA Y REHABILITACIÓN,424170,902.625,6.0,,False
0142,TEC. MED. TERAPIA FÍSICA Y REHABILITACIÓN,501653,771.875,23.0,,False
0142,TEC. MED. TERAPIA FÍSICA Y REHABILITACIÓN,499794,678.625,33.0,,False
0142,TEC. MED. TERAPIA FÍSICA Y REHABILITACIÓN,507280,958.0,4.0,,False
0142,TEC. MED. TERAPIA FÍSICA Y REHABILITACIÓN,510861,653.875,37.0,,False
0142,TEC. MED. TERAPIA FÍSICA Y REHABILITACIÓN,509535,374.375,59.0,,False
0144,TEC. MED. TERAPIA OCUPACIONAL,503713,806.5,13.0,,False
0144,TEC. MED. TERAPIA OCUPACIONAL,507551,798.625,15.0,,False
0144,TEC. MED. TERAPIA OCUPACIONAL,513977,879.75,8.0,,False
0144,TEC. MED. TERAPIA OCUPACIONAL,459150,953.125,5.0,,False
0144,TEC. MED. TERAPIA OCUPACIONAL,504465,897.5,6.0,,False
0144,TEC. MED. TERAPIA OCUPACIONAL,512067,799.625,14.0,,False
0144,TEC. MED. TERAPIA OCUPACIONAL,513717,1091.625,2.0,,False
0144,TEC. MED. TERAPIA OCUPACIONAL,509414,886.0,7.0,,False
0144,TEC. MED. TERAPIA OCUPACIONAL,511311,707.875,22.0,,False
0144,TEC. MED. TERAPIA OCUPACIONAL,515298,1058.875,4.0,,False
0144,TEC. MED. TERAPIA OCUPACIONAL,509256,826.25,11.0,,False
0144,TEC. MED. TERAPIA OCUPACIONAL,511256,594.0,26.0,,False
0144,TEC. MED. TERAPIA OCUPACIONAL,519134,813.0,12.0,,False
0144,TEC. MED. TERAPIA OCUPACIONAL,422663,553.125,28.0,,False
0144,TEC. MED. TERAPIA OCUPACIONAL,505111,429.25,31.0,,False
0144,TEC. MED. TERAPIA OCUPACIONAL,516627,540.375,29.0,,False
0144,TEC. MED. TERAPIA OCUPACIONAL,514041,871.0,9.0,,False
0144,TEC. MED. TERAPIA OCUPACIONAL,510448,769.875,19.0,,False
0144,TEC. MED. TERAPIA OCUPACIONAL,511720,758.625,20.0,,False
0144,TEC. MED. TERAPIA OCUPACIONAL,500529,1059.5,3.0,,False
0144,TEC. MED. TERAPIA OCUPACIONAL,504736,719.625,21.0,,False
0144,TEC. MED. TERAPIA OCUPACIONAL,513369,1094.375,1.0,,False
0144,TEC. MED. TERAPIA OCUPACIONAL,513300,794.125,16.0,,False
0144,TEC. MED. TERAPIA OCUPACIONAL,517084,846.5,10.0,,False
0144,TEC. MED. TERAPIA OCUPACIONAL,507772,673.5,24.0,,False
0144,TEC. MED. TERAPIA OCUPACIONAL,504331,,,AUSENTE,True
0144,TEC. MED. TERAPIA OCUPACIONAL,517576,569.75,27.0,,False
0144,TEC. MED. TERAPIA OCUPACIONAL,509192,661.75,25.0,,False
0144,TEC. MED. TERAPIA OCUPACIONAL,517355,779.75,18.0,,False
0144,TEC. MED. TERAPIA OCUPACIONAL,518673,780.25,17.0,,False
0144,TEC. MED. TERAPIA OCUPACIONAL,423072,540.375,30.0,,False
0144,TEC. MED. TERAPIA OCUPACIONAL,512281,673.625,23.0,,False
043,TOXICOLOGÍA,514953,515.375,18.0,,False
043,TOXICOLOGÍA,510278,1050.5,2.0,,False
043,TOXICOLOGÍA,505019,397.625,19.0,,False
043,TOXICOLOGÍA,498365,636.0,15.0,,False
043,TOXICOLOGÍA,513857,1112.75,1.0,,False
043,TOXICOLOGÍA,502177,962.875,5.0,,False
043,TOXICOLOGÍA,507167,659.5,13.0,,False
043,TOXICOLOGÍA,503835,886.0,9.0,,False
043,TOXICOLOGÍA,504738,964.875,4.0,,False
043,TOXICOLOGÍA,501609,950.5,6.0,,False
043,TOXICOLOGÍA,505061,622.875,17.0,,False
043,TOXICOLOGÍA,518111,811.625,11.0,,False
043,TOXICOLOGÍA,470233,855.25,10.0,,False
043,TOXICOLOGÍA,501906,795.875,12.0,,False
043,TOXICOLOGÍA,436426,938.0,7.0,,False
043,TOXICOLOGÍA,518312,634.125,16.0,,False
043,TOXICOLOGÍA,508929,1007.125,3.0,,False
043,TOXICOLOGÍA,508490,922.625,8.0,,False
043,TOXICOLOGÍA,507366,648.0,14.0,,False
155,TRABAJO SOCIAL,876102,960.875,4.0,,False
155,TRABAJO SOCIAL,847400,840.875,17.0,,False
155,TRABAJO SOCIAL,891192,912.75,9.0,,False
155,TRABAJO SOCIAL,852165,535.625,54.0,,False
155,TRABAJO SOCIAL,846542,642.0,45.0,,False
155,TRABAJO SOCIAL,868840,506.75,56.0,,False
155,TRABAJO SOCIAL,874745,906.0,10.0,,False
155,TRABAJO SOCIAL,873108,690.375,40.0,,False
155,TRABAJO SOCIAL,891105,845.0,16.0,,False
155,TRABAJO SOCIAL,827038,465.0,59.0,,False
155,TRABAJO SOCIAL,880269,787.875,24.0,,False
155,TRABAJO SOCIAL,837962,810.125,20.0,,False
155,TRABAJO SOCIAL,859255,854.0,14.0,,False
155,TRABAJO SOCIAL,891570,724.5,35.0,,False
155,TRABAJO SOCIAL,877800,813.0,19.0,,False
155,TRABAJO SOCIAL,898121,779.75,25.0,,False
155,TRABAJO SOCIAL,871434,853.5,15.0,,False
155,TRABAJO SOCIAL,827912,954.375,5.0,,False
155,TRABAJO SOCIAL,849356,746.0,30.0,,False
155,TRABAJO SOCIAL,831525,838.125,18.0,,False
155,TRABAJO SOCIAL,823833,446.5,60.0,,False
155,TRABAJO SOCIAL,820303,862.0,11.0,,False
155,TRABAJO SOCIAL,872976,856.375,12.0,,False
155,TRABAJO SOCIAL,823237,918.625,8.0,,False
155,TRABAJO SOCIAL,827056,798.625,22.0,,False
155,TRABAJO SOCIAL,831355,943.0,7.0,,False
155,TRABAJO SOCIAL,831826,730.625,34.0,,False
155,TRABAJO SOCIAL,868714,651.875,44.0,,False
155,TRABAJO SOCIAL,879400,742.75,31.0,,False
155,TRABAJO SOCIAL,834946,774.375,27.0,,False
155,TRABAJO SOCIAL,873164,492.125,57.0,,False
155,TRABAJO SOCIAL,840791,695.375,39.0,,False
155,TRABAJO SOCIAL,864615,975.625,3.0,,False
155,TRABAJO SOCIAL,844683,946.5,6.0,,False
155,TRABAJO SOCIAL,847996,740.875,32.0,,False
155,TRABAJO SOCIAL,854917,534.625,55.0,,False
155,TRABAJO SOCIAL,898289,776.375,26.0,,False
155,TRABAJO SOCIAL,845090,555.5,53.0,,False
155,TRABAJO SOCIAL,840852,719.75,36.0,,False
155,TRABAJO SOCIAL,847510,631.0,46.0,,False
155,TRABAJO SOCIAL,870649,573.25,52.0,,False
155,TRABAJO SOCIAL,874485,667.125,42.0,,False
155,TRABAJO SOCIAL,871704,754.75,29.0,,False
155,TRABAJO SOCIAL,829456,805.0,21.0,,False
155,TRABAJO SOCIAL,881725,989.375,2.0,,False
155,TRABAJO SOCIAL,840722,689.25,41.0,,False
155,TRABAJO SOCIAL,846619,666.25,43.0,,False
155,TRABAJO SOCIAL,851032,855.5,13.0,,False
155,TRABAJO SOCIAL,863596,791.875,23.0,,False
155,TRABAJO SOCIAL,826369,594.125,50.0,,False
155,TRABAJO SOCIAL,839358,589.25,51.0,,False
155,TRABAJO SOCIAL,895626,708.875,38.0,,False
155,TRABAJO SOCIAL,858202,719.125,37.0,,False
155,TRABAJO SOCIAL,896238,466.125,58.0,,False
155,TRABAJO SOCIAL,899339,621.5,47.0,,False
155,TRABAJO SOCIAL,897129,740.875,33.0,,False
155,TRABAJO SOCIAL,882061,1020.25,1.0,,False
155,TRABAJO SOCIAL,838412,598.125,49.0,,False
155,TRABAJO SOCIAL,878053,766.75,28.0,,False
155,TRABAJO SOCIAL,833324,614.375,48.0,,False
